frame,time_seconds,track_id,object_class,x1,y1,x2,y2,confidence
0,0.0,1,car,596.2044677734375,125.421875,720.1421508789062,190.79696655273438,0.8294501304626465
0,0.0,2,car,808.7019653320312,167.80201721191406,923.8800659179688,242.56617736816406,0.8293319344520569
0,0.0,3,car,0.31573486328125,168.3626708984375,238.77410888671875,338.05657958984375,0.74311763048172
0,0.0,4,car,807.8291015625,251.4138641357422,959.813232421875,386.18389892578125,0.7184988260269165
0,0.0,5,person,82.9248046875,214.54092407226562,119.73738098144531,329.0312805175781,0.6749619245529175
0,0.0,6,car,935.2130126953125,402.7771911621094,959.7354125976562,469.3147888183594,0.6072539687156677
0,0.0,7,car,833.0905151367188,114.2901840209961,912.8102416992188,163.16281127929688,0.4461039900779724
0,0.0,8,car,663.0849609375,158.696533203125,823.5866088867188,226.74159240722656,0.34930962324142456
0,0.0,9,car,545.5106201171875,98.02783203125,644.9403686523438,151.99188232421875,0.3492187261581421
0,0.0,10,car,70.14051818847656,144.0572509765625,169.11488342285156,186.07130432128906,0.3401155471801758
0,0.0,11,car,780.6595458984375,136.54847717285156,859.6732177734375,171.6226043701172,0.2955584228038788
0,0.0,12,car,143.2113037109375,44.77220916748047,203.31480407714844,64.91989135742188,0.28390923142433167
0,0.0,13,car,497.03216552734375,82.94441223144531,585.1953125,129.09564208984375,0.28084370493888855
0,0.0,14,car,800.2291870117188,99.63078308105469,850.4341430664062,134.41729736328125,0.26694929599761963
1,0.14999250037498124,1,car,596.322021484375,125.47091674804688,720.0577392578125,190.73648071289062,0.8382878303527832
1,0.14999250037498124,2,car,808.6995849609375,167.7879638671875,923.8162841796875,242.5607452392578,0.835195779800415
1,0.14999250037498124,3,car,0.42352545261383057,168.5179443359375,238.79010009765625,339.1195983886719,0.7486943602561951
1,0.14999250037498124,4,car,807.7781982421875,251.33177185058594,959.7817993164062,386.178955078125,0.7259811162948608
1,0.14999250037498124,5,person,84.46320343017578,214.76686096191406,123.77347564697266,333.72479248046875,0.5110680460929871
1,0.14999250037498124,6,car,935.196044921875,402.65570068359375,959.7276611328125,469.2928161621094,0.6244588494300842
1,0.14999250037498124,7,car,832.5712890625,114.06040954589844,911.6034545898438,162.97438049316406,0.4733092784881592
1,0.14999250037498124,8,car,663.0505981445312,158.68666076660156,822.2752075195312,226.34474182128906,0.3249500095844269
1,0.14999250037498124,9,car,545.1113891601562,97.91769409179688,644.9446411132812,152.00433349609375,0.36616501212120056
1,0.14999250037498124,10,car,69.5224609375,143.97909545898438,169.05465698242188,186.2135772705078,0.3351823091506958
1,0.14999250037498124,11,car,780.5616455078125,136.49362182617188,859.6605834960938,171.60787963867188,0.29277852177619934
1,0.14999250037498124,12,car,143.29296875,44.783668518066406,203.37132263183594,64.96424102783203,0.29604750871658325
1,0.14999250037498124,13,car,497.10455322265625,82.96066284179688,585.253173828125,129.12062072753906,0.2892718017101288
1,0.14999250037498124,14,car,799.7315063476562,100.33809661865234,849.602783203125,134.1183319091797,0.34073930978775024
2,0.2999850007499625,1,car,596.3117065429688,125.46136474609375,720.0332641601562,190.7245330810547,0.8367605209350586
2,0.2999850007499625,2,car,808.6837768554688,167.789794921875,923.7674560546875,242.51919555664062,0.8347194194793701
2,0.2999850007499625,3,car,0.22203615307807922,168.396240234375,238.78958129882812,337.69268798828125,0.7794820666313171
2,0.2999850007499625,4,car,807.75,251.302490234375,959.745849609375,386.1623229980469,0.7122688293457031
2,0.2999850007499625,5,person,87.031005859375,216.17701721191406,132.87200927734375,335.54144287109375,0.6536239981651306
2,0.2999850007499625,6,car,935.1727905273438,402.5788879394531,959.7017211914062,469.2562255859375,0.6232764720916748
2,0.2999850007499625,7,car,832.3638916015625,113.77200317382812,915.2029418945312,163.5856170654297,0.4501180946826935
2,0.2999850007499625,8,car,663.0711669921875,158.6471405029297,816.9797973632812,225.12847900390625,0.2565951645374298
2,0.2999850007499625,9,car,544.839599609375,97.78730010986328,644.9486083984375,152.02053833007812,0.3700280785560608
2,0.2999850007499625,10,car,69.65203094482422,143.92355346679688,169.1297149658203,185.97557067871094,0.30449044704437256
2,0.2999850007499625,11,car,780.5137939453125,136.38160705566406,859.65966796875,171.5558319091797,0.2681097984313965
2,0.2999850007499625,12,car,143.42031860351562,44.79618453979492,203.40567016601562,64.94364166259766,0.30556052923202515
2,0.2999850007499625,13,car,497.0148010253906,82.93414306640625,585.3482666015625,129.13694763183594,0.29484570026397705
2,0.2999850007499625,14,car,799.7677001953125,100.97411346435547,849.5820922851562,134.20314025878906,0.4354938864707947
3,0.4499775011249438,1,car,596.2042236328125,125.4802474975586,720.0189208984375,190.76251220703125,0.8269245624542236
3,0.4499775011249438,2,car,808.68798828125,167.80921936035156,923.8036499023438,242.5238494873047,0.8314133286476135
3,0.4499775011249438,3,car,0.08350858837366104,168.32948303222656,238.7337646484375,338.8925476074219,0.6863830089569092
3,0.4499775011249438,4,car,807.7047119140625,251.4983673095703,959.789794921875,386.2131042480469,0.6905702948570251
3,0.4499775011249438,5,person,91.797119140625,216.83572387695312,140.44850158691406,331.7083740234375,0.34503328800201416
3,0.4499775011249438,6,car,935.1917114257812,402.71624755859375,959.7305908203125,469.31890869140625,0.6004606485366821
3,0.4499775011249438,7,car,832.85400390625,113.73612213134766,916.6468505859375,164.04928588867188,0.40689510107040405
3,0.4499775011249438,8,car,663.0394897460938,158.64019775390625,816.430419921875,225.1120147705078,0.2706287205219269
3,0.4499775011249438,9,car,544.90673828125,97.82099914550781,644.9351806640625,152.05966186523438,0.36510148644447327
3,0.4499775011249438,10,car,70.09397888183594,143.8776397705078,169.05624389648438,185.87696838378906,0.30405256152153015
3,0.4499775011249438,11,car,780.5949096679688,136.3086395263672,859.6769409179688,171.5673065185547,0.26817241311073303
3,0.4499775011249438,12,car,143.37501525878906,44.80621337890625,203.3176727294922,64.94445037841797,0.30467042326927185
3,0.4499775011249438,13,car,496.4456787109375,82.71504974365234,585.447021484375,129.14254760742188,0.28294023871421814
3,0.4499775011249438,14,car,799.7989501953125,101.33016204833984,849.5836181640625,134.2537384033203,0.4213317036628723
4,0.599970001499925,1,car,596.2327880859375,125.50174713134766,719.9677124023438,190.7642822265625,0.8318920135498047
4,0.599970001499925,2,car,808.720947265625,167.8046875,923.739013671875,242.55517578125,0.8336527943611145
4,0.599970001499925,3,car,0.274481862783432,168.4229736328125,238.89697265625,336.62921142578125,0.7203958034515381
4,0.599970001499925,4,car,807.7759399414062,251.51016235351562,959.8128051757812,386.216064453125,0.7035990953445435
4,0.599970001499925,5,person,95.93505859375,221.37899780273438,136.5303955078125,332.92120361328125,0.4513450562953949
4,0.599970001499925,6,car,935.1856079101562,402.69635009765625,959.742431640625,469.3351135253906,0.6132737398147583
4,0.599970001499925,7,car,833.0477905273438,113.56094360351562,916.0509033203125,163.6975860595703,0.46424394845962524
4,0.599970001499925,8,car,663.0932006835938,158.62408447265625,819.1603393554688,225.9083251953125,0.31507065892219543
4,0.599970001499925,9,car,545.0227661132812,97.82085418701172,644.961669921875,152.02883911132812,0.37889575958251953
4,0.599970001499925,10,car,69.63226318359375,143.86270141601562,169.07473754882812,185.95956420898438,0.2913319170475006
4,0.599970001499925,11,car,780.3358764648438,136.52687072753906,859.71826171875,171.5086212158203,0.29754409193992615
4,0.599970001499925,12,car,143.3809356689453,44.83406066894531,203.33013916015625,64.94446563720703,0.3144758641719818
4,0.599970001499925,13,car,496.1536865234375,82.6390380859375,585.5258178710938,129.1491241455078,0.2986391484737396
4,0.599970001499925,14,car,799.8211059570312,100.5758285522461,848.9505615234375,134.31265258789062,0.3959331214427948
5,0.7499625018749063,1,car,596.1760864257812,125.55593872070312,720.0450439453125,190.76246643066406,0.8248292803764343
5,0.7499625018749063,2,car,808.7638549804688,167.8099822998047,923.7184448242188,242.34759521484375,0.8357168436050415
5,0.7499625018749063,3,car,0.24953725934028625,168.3936309814453,238.66476440429688,333.9817199707031,0.7978195548057556
5,0.7499625018749063,4,car,807.8547973632812,251.49557495117188,959.7806396484375,386.28240966796875,0.7101335525512695
5,0.7499625018749063,6,car,935.2164916992188,403.6014709472656,959.7495727539062,469.41741943359375,0.6146236658096313
5,0.7499625018749063,7,car,832.6990966796875,113.51594543457031,914.2577514648438,163.362548828125,0.5399041771888733
5,0.7499625018749063,8,car,662.9623413085938,158.62998962402344,819.7971801757812,225.71141052246094,0.3491348624229431
5,0.7499625018749063,9,car,545.3143920898438,97.89566040039062,644.935302734375,152.03042602539062,0.400594562292099
5,0.7499625018749063,10,car,69.69697570800781,143.8076629638672,169.02984619140625,185.60838317871094,0.30397680401802063
5,0.7499625018749063,11,car,780.34814453125,136.57632446289062,859.7315673828125,171.44398498535156,0.2988421618938446
5,0.7499625018749063,12,car,143.48060607910156,44.8712043762207,203.36293029785156,64.92854309082031,0.30728524923324585
5,0.7499625018749063,13,car,496.44976806640625,82.93641662597656,585.6503295898438,129.19223022460938,0.32802996039390564
5,0.7499625018749063,14,car,799.8189697265625,101.32550048828125,849.1607055664062,134.26271057128906,0.4112311899662018
6,0.8999550022498876,1,car,596.4033813476562,125.60026550292969,720.835693359375,190.79904174804688,0.7961134910583496
6,0.8999550022498876,2,car,808.7892456054688,167.77586364746094,923.7867431640625,242.21435546875,0.8289047479629517
6,0.8999550022498876,3,car,0.2281281054019928,168.5035858154297,238.67930603027344,332.7649841308594,0.6300867199897766
6,0.8999550022498876,4,car,807.7703247070312,251.3957061767578,959.8091430664062,386.2776184082031,0.70669025182724
6,0.8999550022498876,6,car,935.260009765625,402.9901123046875,959.7530517578125,469.4880676269531,0.5742539167404175
6,0.8999550022498876,7,car,832.6806640625,113.5612564086914,912.039794921875,163.03170776367188,0.5031134486198425
6,0.8999550022498876,8,car,662.7510375976562,158.56759643554688,820.3685913085938,225.64617919921875,0.3337313234806061
6,0.8999550022498876,9,car,545.3170776367188,98.1264877319336,645.0280151367188,152.00592041015625,0.4005984365940094
6,0.8999550022498876,10,car,70.74067687988281,143.777099609375,168.9903106689453,185.5416717529297,0.34233358502388
6,0.8999550022498876,11,car,780.5555419921875,136.60740661621094,859.7368774414062,171.36895751953125,0.30182528495788574
6,0.8999550022498876,12,car,143.6135711669922,44.93497085571289,203.36920166015625,64.81842803955078,0.3184269964694977
6,0.8999550022498876,13,car,496.37591552734375,83.01752471923828,585.6631469726562,129.13201904296875,0.3140689432621002
6,0.8999550022498876,14,car,799.7033081054688,101.22522735595703,849.1290283203125,134.0987548828125,0.36601826548576355
7,1.0499475026248688,1,car,596.1890258789062,125.51049041748047,720.6195068359375,190.84197998046875,0.8058745265007019
7,1.0499475026248688,2,car,808.7708740234375,167.74977111816406,923.8228759765625,242.1283721923828,0.827773928642273
7,1.0499475026248688,3,car,0.366483598947525,168.29786682128906,238.18064880371094,333.1482238769531,0.6350815296173096
7,1.0499475026248688,4,car,807.8368530273438,251.54185485839844,959.8226318359375,386.0816345214844,0.6853882670402527
7,1.0499475026248688,6,car,935.2955932617188,401.8749694824219,959.76171875,469.66094970703125,0.5537845492362976
7,1.0499475026248688,7,car,832.6759033203125,113.58702087402344,909.9157104492188,162.8352813720703,0.5741221904754639
7,1.0499475026248688,8,car,662.8873901367188,158.52444458007812,822.4151000976562,226.3393096923828,0.37780359387397766
7,1.0499475026248688,9,car,545.475341796875,98.22053527832031,644.9625244140625,152.43470764160156,0.3962940275669098
7,1.0499475026248688,10,car,71.5715560913086,143.71697998046875,168.767822265625,185.4536895751953,0.342864990234375
7,1.0499475026248688,11,car,780.6484985351562,136.66795349121094,859.8076171875,171.25999450683594,0.30377063155174255
7,1.0499475026248688,12,car,143.752685546875,44.8890266418457,203.59075927734375,65.1232681274414,0.3187025487422943
7,1.0499475026248688,13,car,496.52362060546875,83.15056610107422,585.3922119140625,129.05857849121094,0.3327784240245819
7,1.0499475026248688,14,car,800.0460815429688,100.46000671386719,848.955322265625,134.2314453125,0.36069220304489136
7,1.0499475026248688,25,car,393.1240234375,37.87852096557617,437.64239501953125,63.939632415771484,0.3042651116847992
8,1.19994000299985,1,car,596.140625,125.44573211669922,720.5440673828125,190.8389129638672,0.8066927194595337
8,1.19994000299985,2,car,808.7776489257812,167.75425720214844,923.865966796875,242.07627868652344,0.8226934671401978
8,1.19994000299985,3,car,0.4223395884037018,168.22059631347656,238.87179565429688,333.29095458984375,0.6037074327468872
8,1.19994000299985,4,car,808.0565795898438,251.53280639648438,959.820068359375,386.0034484863281,0.6786729097366333
8,1.19994000299985,6,car,935.3054809570312,401.43365478515625,959.7562255859375,469.74505615234375,0.53530353307724
8,1.19994000299985,7,car,832.7211303710938,113.69486999511719,910.2306518554688,162.9313507080078,0.5805001258850098
8,1.19994000299985,8,car,662.6465454101562,158.46543884277344,823.2109985351562,226.76885986328125,0.36609339714050293
8,1.19994000299985,9,car,546.073974609375,98.37115478515625,644.8974609375,153.1124267578125,0.3670031428337097
8,1.19994000299985,10,car,71.57363891601562,143.66744995117188,168.81285095214844,185.26010131835938,0.3559383153915405
8,1.19994000299985,11,car,780.6471557617188,136.72665405273438,859.8073120117188,171.20211791992188,0.3102806508541107
8,1.19994000299985,12,car,144.10455322265625,44.874542236328125,203.7899169921875,65.37779998779297,0.3017458915710449
8,1.19994000299985,13,car,496.824951171875,83.3138656616211,585.3440551757812,128.99713134765625,0.35945242643356323
8,1.19994000299985,14,car,799.7903442382812,101.6455307006836,849.1278076171875,134.03599548339844,0.345438152551651
8,1.19994000299985,25,car,393.1742248535156,37.937992095947266,437.63916015625,63.93407440185547,0.31403008103370667
9,1.3499325033748313,1,car,596.0975341796875,125.37039947509766,720.4428100585938,190.84228515625,0.8036120533943176
9,1.3499325033748313,2,car,808.78759765625,167.77049255371094,923.9229125976562,242.17124938964844,0.8257572054862976
9,1.3499325033748313,3,car,0.28358742594718933,168.3999786376953,239.0147247314453,333.5536193847656,0.7259914875030518
9,1.3499325033748313,4,car,808.0831298828125,251.51788330078125,959.83740234375,385.9474182128906,0.6928552389144897
9,1.3499325033748313,6,car,935.34619140625,401.1592102050781,959.77099609375,469.7533264160156,0.545612096786499
9,1.3499325033748313,7,car,832.7822265625,113.6650390625,909.8297119140625,162.8142547607422,0.596822202205658
9,1.3499325033748313,8,car,662.6322631835938,158.40557861328125,823.876708984375,227.45101928710938,0.37971222400665283
9,1.3499325033748313,9,car,547.5864868164062,98.5898666381836,644.925048828125,153.41290283203125,0.348276823759079
9,1.3499325033748313,10,car,71.38765716552734,143.6393280029297,168.6563262939453,185.34120178222656,0.3593149483203888
9,1.3499325033748313,11,car,780.5941772460938,136.77560424804688,859.755126953125,171.13336181640625,0.3069525361061096
9,1.3499325033748313,12,car,144.18148803710938,44.83107376098633,203.51634216308594,65.36897277832031,0.31663933396339417
9,1.3499325033748313,13,car,497.0422668457031,83.31380462646484,585.4879150390625,128.93617248535156,0.35255131125450134
9,1.3499325033748313,14,car,799.6184692382812,102.03887176513672,849.1669921875,133.96176147460938,0.3247251808643341
9,1.3499325033748313,25,car,393.3329162597656,37.865142822265625,437.6298828125,63.997413635253906,0.319966197013855
10,1.4999250037498126,1,car,596.416015625,125.38850402832031,720.9257202148438,190.7740478515625,0.8015522956848145
10,1.4999250037498126,2,car,808.7745361328125,167.80393981933594,923.9605102539062,242.2415771484375,0.8290518522262573
10,1.4999250037498126,3,car,0.26296675205230713,168.42816162109375,238.6673126220703,333.8882141113281,0.7380151152610779
10,1.4999250037498126,4,car,808.0880126953125,251.38575744628906,959.8248901367188,386.04364013671875,0.6994518041610718
10,1.4999250037498126,6,car,935.322998046875,400.8695373535156,959.7527465820312,469.7588806152344,0.5506215691566467
10,1.4999250037498126,7,car,832.8008422851562,113.59896850585938,908.416748046875,162.4905548095703,0.572290301322937
10,1.4999250037498126,8,car,662.4085083007812,158.51861572265625,824.2044677734375,229.24627685546875,0.3955838680267334
10,1.4999250037498126,9,car,547.9285888671875,98.70095825195312,644.8162231445312,153.5794677734375,0.3330918848514557
10,1.4999250037498126,10,car,71.80810546875,143.41421508789062,168.28793334960938,185.46029663085938,0.3697826862335205
10,1.4999250037498126,11,car,780.150634765625,136.83966064453125,859.8251342773438,171.1036834716797,0.280398964881897
10,1.4999250037498126,12,car,144.23074340820312,44.79441833496094,203.66725158691406,65.3901596069336,0.31751853227615356
10,1.4999250037498126,13,car,497.5762634277344,83.2845687866211,585.8589477539062,128.8732147216797,0.3502037823200226
10,1.4999250037498126,14,car,799.9293823242188,100.5255126953125,849.2839965820312,134.21026611328125,0.34852364659309387
10,1.4999250037498126,25,car,393.50238037109375,37.836334228515625,437.7701110839844,64.20482635498047,0.3140421211719513
10,1.4999250037498126,32,car,891.111572265625,122.0473403930664,947.5856323242188,167.77464294433594,0.3598240315914154
11,1.6499175041247938,1,car,596.23291015625,125.37482452392578,720.75,190.8260498046875,0.8073158264160156
11,1.6499175041247938,2,car,808.7559204101562,167.8587646484375,923.927490234375,242.24562072753906,0.8357181549072266
11,1.6499175041247938,3,car,0.29986268281936646,168.4570770263672,238.65194702148438,334.29620361328125,0.8198246955871582
11,1.6499175041247938,4,car,808.1233520507812,251.66297912597656,959.8179321289062,386.11322021484375,0.7141050696372986
11,1.6499175041247938,6,car,935.3265380859375,400.840576171875,959.7470092773438,469.74822998046875,0.5775984525680542
11,1.6499175041247938,7,car,832.5515747070312,113.61961364746094,907.9762573242188,162.37118530273438,0.6265903115272522
11,1.6499175041247938,8,car,662.3903198242188,158.66677856445312,824.3496704101562,229.68731689453125,0.4339909851551056
11,1.6499175041247938,9,car,547.5814819335938,98.74959564208984,644.3639526367188,153.45718383789062,0.35365867614746094
11,1.6499175041247938,10,car,71.61441040039062,143.37014770507812,168.13963317871094,185.5450439453125,0.3456719219684601
11,1.6499175041247938,11,car,779.91162109375,136.88247680664062,859.8561401367188,171.10723876953125,0.2788905203342438
11,1.6499175041247938,12,car,144.275634765625,44.763328552246094,203.82180786132812,65.5330581665039,0.32242387533187866
11,1.6499175041247938,13,car,497.833984375,83.32518005371094,586.2120971679688,128.7379913330078,0.36045968532562256
11,1.6499175041247938,14,car,800.0008544921875,99.91375732421875,849.1832885742188,134.28431701660156,0.3323134481906891
11,1.6499175041247938,25,car,393.4884948730469,37.7800178527832,437.9023132324219,64.28539276123047,0.3175920248031616
11,1.6499175041247938,32,car,890.1829833984375,121.4378890991211,947.1171875,167.7705078125,0.3414345383644104
11,1.6499175041247938,33,person,172.0051727294922,206.9862518310547,210.7714080810547,326.0837707519531,0.4657014310359955
12,1.7999100044997751,1,car,596.46875,125.44084167480469,721.1099853515625,190.7841339111328,0.7997540831565857
12,1.7999100044997751,2,car,808.752685546875,167.883544921875,923.9279174804688,242.22816467285156,0.8348934650421143
12,1.7999100044997751,3,car,0.3479031026363373,168.30076599121094,238.5654296875,334.22625732421875,0.8397954702377319
12,1.7999100044997751,4,car,808.10791015625,251.90704345703125,959.8182373046875,386.12457275390625,0.7167015671730042
12,1.7999100044997751,6,car,935.3106079101562,400.8175048828125,959.7417602539062,469.72589111328125,0.5836625099182129
12,1.7999100044997751,7,car,832.7299194335938,113.61505126953125,908.7060546875,162.49000549316406,0.5994833111763
12,1.7999100044997751,8,car,662.5336303710938,158.47743225097656,825.1401977539062,229.18128967285156,0.40362241864204407
12,1.7999100044997751,9,car,547.5548706054688,98.8136215209961,644.2554321289062,153.3631591796875,0.3564201891422272
12,1.7999100044997751,10,car,71.45093536376953,143.467529296875,168.3774871826172,185.494384765625,0.3500700891017914
12,1.7999100044997751,11,car,779.85009765625,136.89932250976562,859.8731689453125,171.1087188720703,0.2790185511112213
12,1.7999100044997751,12,car,144.25379943847656,44.76042938232422,203.80477905273438,65.61590576171875,0.3279932737350464
12,1.7999100044997751,13,car,497.9352722167969,83.34251403808594,586.28515625,128.4534454345703,0.33893004059791565
12,1.7999100044997751,14,car,800.0679321289062,99.90744018554688,848.8704833984375,134.33421325683594,0.37411049008369446
12,1.7999100044997751,25,car,393.48699951171875,37.776668548583984,437.8944396972656,64.28634643554688,0.30854302644729614
12,1.7999100044997751,37,car,116.35248565673828,86.52214813232422,260.0573425292969,154.18203735351562,0.3308665156364441
13,1.9499025048747562,1,car,596.646728515625,125.51152038574219,720.2615356445312,190.6617889404297,0.7941359877586365
13,1.9499025048747562,2,car,808.5247192382812,167.54855346679688,924.0758666992188,242.17364501953125,0.8299435377120972
13,1.9499025048747562,3,car,0.2661301791667938,168.27561950683594,235.81846618652344,332.7372741699219,0.6388325095176697
13,1.9499025048747562,4,car,808.00048828125,250.5550537109375,959.82421875,386.3732604980469,0.7202550768852234
13,1.9499025048747562,6,car,935.1596069335938,399.20587158203125,959.7394409179688,470.62060546875,0.5732291340827942
13,1.9499025048747562,7,car,833.4263305664062,113.65934753417969,921.7447509765625,164.8229522705078,0.42268243432044983
13,1.9499025048747562,8,car,662.2096557617188,157.4424591064453,825.0421142578125,227.94113159179688,0.3988876938819885
13,1.9499025048747562,10,car,73.22340393066406,143.61058044433594,168.63279724121094,184.3472137451172,0.27605322003364563
13,1.9499025048747562,11,car,779.1072387695312,136.1393280029297,859.1156616210938,171.43113708496094,0.3485385775566101
13,1.9499025048747562,12,car,145.1398468017578,45.26755905151367,203.85975646972656,65.8056411743164,0.2645007371902466
13,1.9499025048747562,14,car,799.8778686523438,99.92662048339844,850.0387573242188,134.25827026367188,0.28320470452308655
14,2.0998950052497376,1,car,596.742919921875,125.53661346435547,719.5565185546875,190.62547302246094,0.8042754530906677
14,2.0998950052497376,2,car,808.4409790039062,167.42971801757812,924.1301879882812,242.14303588867188,0.8307535648345947
14,2.0998950052497376,3,car,0.293101042509079,168.15333557128906,232.4508056640625,332.480224609375,0.8480815887451172
14,2.0998950052497376,4,car,807.994140625,250.05624389648438,959.8363037109375,386.4817810058594,0.7282752394676208
14,2.0998950052497376,6,car,935.1278076171875,398.6160888671875,959.7572021484375,470.966796875,0.5696098804473877
14,2.0998950052497376,7,car,833.5149536132812,113.80858612060547,929.684814453125,166.0202178955078,0.5418494939804077
14,2.0998950052497376,8,car,662.5359497070312,157.21054077148438,824.5460815429688,227.85585021972656,0.3695693612098694
14,2.0998950052497376,10,car,73.9305419921875,143.69493103027344,168.24850463867188,183.84022521972656,0.2888152599334717
14,2.0998950052497376,11,car,778.7671508789062,135.90966796875,858.8309936523438,171.5596160888672,0.3455533981323242
14,2.0998950052497376,12,car,145.47608947753906,45.49655532836914,203.89312744140625,65.9002456665039,0.27241215109825134
14,2.0998950052497376,14,car,799.868896484375,99.76195526123047,850.6460571289062,134.2423553466797,0.3049335479736328
14,2.0998950052497376,25,car,393.3599853515625,37.85893630981445,437.8833923339844,65.15188598632812,0.25866881012916565
14,2.0998950052497376,42,car,738.284423828125,136.35939025878906,858.0479125976562,190.69805908203125,0.3486442565917969
14,2.0998950052497376,43,car,600.9395751953125,23.87901496887207,660.8692626953125,46.09922409057617,0.30342504382133484
15,2.2498875056247187,1,car,596.7490234375,125.54267883300781,719.228515625,190.62025451660156,0.8058779835700989
15,2.2498875056247187,2,car,808.3651123046875,167.42636108398438,924.1284790039062,242.2646942138672,0.8340737223625183
15,2.2498875056247187,3,car,0.29221683740615845,168.10928344726562,242.19821166992188,332.5348205566406,0.8359887003898621
15,2.2498875056247187,4,car,807.9708862304688,250.17103576660156,959.8270874023438,386.5420837402344,0.7351301312446594
15,2.2498875056247187,6,car,935.140869140625,398.4196472167969,959.7387084960938,471.1639099121094,0.5192080140113831
15,2.2498875056247187,7,car,834.1703491210938,113.78092193603516,930.1284790039062,166.27783203125,0.6174589395523071
15,2.2498875056247187,8,car,662.6897583007812,157.021240234375,824.8111572265625,227.75450134277344,0.3975396454334259
15,2.2498875056247187,10,car,74.39397430419922,143.70143127441406,168.60037231445312,183.61834716796875,0.31262877583503723
15,2.2498875056247187,11,car,778.609619140625,135.84100341796875,858.60205078125,171.711181640625,0.3259114921092987
15,2.2498875056247187,12,car,145.4254913330078,45.462371826171875,204.1146697998047,65.83356475830078,0.30238837003707886
15,2.2498875056247187,14,car,799.6722412109375,101.97704315185547,850.1248779296875,134.07872009277344,0.2744387984275818
15,2.2498875056247187,25,car,393.3644104003906,38.227046966552734,437.6169738769531,65.02644348144531,0.259348064661026
15,2.2498875056247187,42,car,741.9855346679688,136.50509643554688,858.47412109375,190.5911865234375,0.3896928131580353
15,2.2498875056247187,43,car,600.8990478515625,23.861135482788086,660.9736938476562,46.07277297973633,0.3042069673538208
15,2.2498875056247187,45,car,691.6512451171875,192.55604553222656,858.417236328125,297.0776672363281,0.3678590953350067
16,2.3998800059997,1,car,596.830322265625,125.56079864501953,719.0565185546875,190.62838745117188,0.8038892149925232
16,2.3998800059997,2,car,808.3338623046875,167.4266357421875,924.1893920898438,242.44349670410156,0.8331128358840942
16,2.3998800059997,3,car,0.27259013056755066,168.1036376953125,246.25714111328125,332.8367004394531,0.8413551449775696
16,2.3998800059997,4,car,807.9686279296875,250.42930603027344,959.8321533203125,386.5639343261719,0.7424983978271484
16,2.3998800059997,6,car,935.1537475585938,398.34283447265625,959.7416381835938,471.18719482421875,0.5315336585044861
16,2.3998800059997,7,car,834.2272338867188,113.58041381835938,928.587646484375,166.21731567382812,0.6511526107788086
16,2.3998800059997,8,car,662.7325439453125,156.9886474609375,825.3004150390625,228.3262176513672,0.4195495843887329
16,2.3998800059997,10,car,74.91998291015625,143.7689666748047,168.64120483398438,183.66380310058594,0.3169258236885071
16,2.3998800059997,12,car,145.51034545898438,45.43018341064453,204.35623168945312,65.87601470947266,0.2954282760620117
16,2.3998800059997,14,car,799.5787963867188,102.22710418701172,849.7843017578125,134.01785278320312,0.3061791956424713
16,2.3998800059997,25,car,393.5688171386719,38.468196868896484,436.8282165527344,64.8614273071289,0.27031099796295166
16,2.3998800059997,42,car,746.5328369140625,136.3504180908203,858.944091796875,189.81031799316406,0.4158174395561218
16,2.3998800059997,43,car,600.8746337890625,23.876073837280273,660.967041015625,46.06597900390625,0.28110188245773315
16,2.3998800059997,45,car,691.3676147460938,190.42066955566406,858.0689086914062,297.70703125,0.3986221253871918
17,2.5498725063746814,1,car,596.8756713867188,125.55972290039062,719.2650756835938,190.61373901367188,0.805713951587677
17,2.5498725063746814,2,car,808.334716796875,167.43309020996094,924.1795654296875,242.44924926757812,0.8325445055961609
17,2.5498725063746814,3,car,0.29115352034568787,168.16143798828125,250.49449157714844,332.6440124511719,0.6977161765098572
17,2.5498725063746814,4,car,807.9317016601562,250.76962280273438,959.8193359375,386.5259094238281,0.7245098352432251
17,2.5498725063746814,6,car,935.09716796875,398.2955017089844,959.7470092773438,471.17529296875,0.5853298306465149
17,2.5498725063746814,7,car,833.8548583984375,113.34561920166016,927.4849853515625,166.0557098388672,0.6520172953605652
17,2.5498725063746814,8,car,662.9812622070312,156.85874938964844,825.4126586914062,227.80801391601562,0.3676311671733856
17,2.5498725063746814,10,car,75.26116180419922,143.89175415039062,168.37637329101562,183.9191436767578,0.35545822978019714
17,2.5498725063746814,12,car,145.67527770996094,45.484683990478516,204.47560119628906,65.78239440917969,0.31785693764686584
17,2.5498725063746814,14,car,799.5262451171875,102.10414123535156,849.648193359375,133.99229431152344,0.34489232301712036
17,2.5498725063746814,25,car,393.65826416015625,38.584877014160156,436.5901184082031,64.82975769042969,0.2921452224254608
17,2.5498725063746814,42,car,747.2578735351562,136.22683715820312,859.0935668945312,189.63351440429688,0.411457896232605
17,2.5498725063746814,43,car,600.8619995117188,23.944520950317383,660.9791870117188,46.039405822753906,0.2895331382751465
17,2.5498725063746814,45,car,691.5111083984375,190.40077209472656,858.6882934570312,297.2778015136719,0.32803061604499817
17,2.5498725063746814,52,car,37.22196578979492,108.38744354248047,124.7843246459961,184.36822509765625,0.33092987537384033
18,2.6998650067496626,1,car,596.7637939453125,125.51673126220703,719.353515625,190.47097778320312,0.8200565576553345
18,2.6998650067496626,2,car,808.3528442382812,167.4481964111328,924.1326293945312,242.4525604248047,0.8303441405296326
18,2.6998650067496626,3,car,0.2940404713153839,168.0988311767578,247.1002960205078,332.8689270019531,0.8211680054664612
18,2.6998650067496626,4,car,807.8837890625,250.85223388671875,959.8009643554688,386.4958190917969,0.7207401394844055
18,2.6998650067496626,6,car,935.009765625,398.16497802734375,959.7317504882812,471.2772216796875,0.6232233643531799
18,2.6998650067496626,7,car,833.71826171875,113.41876983642578,926.9514770507812,166.06642150878906,0.6266228556632996
18,2.6998650067496626,8,car,662.9907836914062,157.39822387695312,825.83203125,228.442626953125,0.3651457726955414
18,2.6998650067496626,10,car,75.16604614257812,143.8494110107422,168.2386932373047,184.26353454589844,0.3399512767791748
18,2.6998650067496626,11,car,778.6510009765625,135.7898712158203,858.3935546875,172.34744262695312,0.29380661249160767
18,2.6998650067496626,12,car,145.7720489501953,45.448638916015625,204.49917602539062,65.69535827636719,0.3136846721172333
18,2.6998650067496626,14,car,799.5348510742188,100.56962585449219,849.9913330078125,134.1442108154297,0.3536866009235382
18,2.6998650067496626,25,car,393.62744140625,38.14255142211914,437.4834899902344,65.2219009399414,0.30241021513938904
18,2.6998650067496626,42,car,744.3310546875,136.31649780273438,859.0092163085938,190.3546905517578,0.39296987652778625
18,2.6998650067496626,43,car,600.8563232421875,23.895591735839844,660.95458984375,46.04563903808594,0.2905324697494507
18,2.6998650067496626,45,car,692.1220092773438,194.5402374267578,857.9743041992188,297.6803894042969,0.32861682772636414
18,2.6998650067496626,52,car,38.884071350097656,108.24501037597656,124.93940734863281,183.54531860351562,0.3369801938533783
18,2.6998650067496626,55,person,240.5570068359375,186.07899475097656,284.7008361816406,286.69085693359375,0.5802466869354248
19,2.8498575071246437,1,car,596.7442626953125,125.44009399414062,719.473876953125,190.4285430908203,0.8248231410980225
19,2.8498575071246437,2,car,808.3308715820312,167.458984375,924.0725708007812,242.421875,0.8321529030799866
19,2.8498575071246437,3,car,0.2799775004386902,168.01425170898438,242.86314392089844,333.4961242675781,0.8590140342712402
19,2.8498575071246437,4,car,807.9484252929688,250.83119201660156,959.7982177734375,386.5303649902344,0.7389054894447327
19,2.8498575071246437,6,car,935.0153198242188,398.2367858886719,959.72900390625,471.4549865722656,0.6176395416259766
19,2.8498575071246437,7,car,833.5245361328125,113.47284698486328,927.0689697265625,165.95584106445312,0.6588948965072632
19,2.8498575071246437,8,car,663.0171508789062,157.57643127441406,826.6822509765625,229.3602752685547,0.42291343212127686
19,2.8498575071246437,10,car,74.6289291381836,143.73704528808594,168.26119995117188,184.4147186279297,0.34335118532180786
19,2.8498575071246437,11,car,778.6013793945312,135.78184509277344,858.37060546875,172.68222045898438,0.27780961990356445
19,2.8498575071246437,12,car,145.77610778808594,45.465980529785156,204.65760803222656,65.8011474609375,0.3001963496208191
19,2.8498575071246437,13,car,488.77630615234375,78.1279296875,592.050048828125,128.12271118164062,0.3057634234428406
19,2.8498575071246437,14,car,799.4765625,100.04467010498047,849.9921264648438,134.22958374023438,0.34061434864997864
19,2.8498575071246437,25,car,393.6205139160156,37.93720626831055,437.7950134277344,65.34468078613281,0.2985505759716034
19,2.8498575071246437,42,car,743.9549560546875,136.3140106201172,858.9815673828125,190.650634765625,0.3926769196987152
19,2.8498575071246437,43,car,600.8152465820312,23.81724739074707,660.9713134765625,46.0467414855957,0.27988654375076294
19,2.8498575071246437,45,car,692.2938842773438,195.56979370117188,857.3372192382812,297.9978332519531,0.4063490927219391
19,2.8498575071246437,52,car,38.99669647216797,108.20195007324219,124.7744369506836,183.42713928222656,0.3542642891407013
19,2.8498575071246437,55,person,239.71762084960938,181.51254272460938,290.0044860839844,286.51495361328125,0.7540668845176697
20,2.9998500074996253,1,car,596.7339477539062,125.4656753540039,719.5518798828125,190.4088897705078,0.8216861486434937
20,2.9998500074996253,2,car,808.3576049804688,167.4845733642578,923.9513549804688,242.24270629882812,0.8312126994132996
20,2.9998500074996253,3,car,0.24809817969799042,167.97117614746094,241.29803466796875,334.86651611328125,0.85808265209198
20,2.9998500074996253,4,car,807.9696655273438,250.82383728027344,959.7907104492188,386.573486328125,0.7394654154777527
20,2.9998500074996253,6,car,935.2100830078125,398.5209045410156,959.72119140625,471.79119873046875,0.5735903382301331
20,2.9998500074996253,7,car,833.9120483398438,113.51583099365234,926.3927001953125,165.73382568359375,0.6106158494949341
20,2.9998500074996253,8,car,662.8404541015625,157.58006286621094,826.5068969726562,229.0979766845703,0.42495372891426086
20,2.9998500074996253,9,car,551.086181640625,100.25911712646484,642.2665405273438,156.1401824951172,0.25204941630363464
20,2.9998500074996253,10,car,74.38784790039062,143.65809631347656,168.2702178955078,184.48255920410156,0.33845359086990356
20,2.9998500074996253,11,car,779.1360473632812,135.75531005859375,858.4000854492188,172.3607177734375,0.30041345953941345
20,2.9998500074996253,13,car,488.2753601074219,77.54841613769531,591.9700927734375,128.1119384765625,0.2621738612651825
20,2.9998500074996253,14,car,799.3748779296875,99.8624267578125,850.44140625,134.2926788330078,0.3307405114173889
20,2.9998500074996253,25,car,393.60498046875,37.87262725830078,437.90966796875,65.42965698242188,0.29152804613113403
20,2.9998500074996253,42,car,743.677734375,136.39772033691406,858.9803466796875,190.8051300048828,0.3831518292427063
20,2.9998500074996253,43,car,600.8770141601562,23.822553634643555,660.9757690429688,46.0470085144043,0.2831759452819824
20,2.9998500074996253,45,car,692.24365234375,195.65489196777344,858.3101806640625,298.41461181640625,0.41548898816108704
20,2.9998500074996253,52,car,39.558197021484375,108.01005554199219,124.81451416015625,183.3324432373047,0.35262173414230347
20,2.9998500074996253,55,person,238.58786010742188,179.0808563232422,289.9159240722656,281.0317687988281,0.7671511769294739
21,3.1498425078746064,1,car,596.6988525390625,125.58251953125,719.9854736328125,190.42298889160156,0.8295753598213196
21,3.1498425078746064,2,car,808.3439331054688,167.53933715820312,923.814453125,242.1604461669922,0.8277766108512878
21,3.1498425078746064,3,car,0.2293197363615036,167.99729919433594,240.00686645507812,334.50537109375,0.8689665794372559
21,3.1498425078746064,4,car,807.9996337890625,250.7003631591797,959.7833862304688,386.5159912109375,0.7345433235168457
21,3.1498425078746064,6,car,934.956298828125,398.82379150390625,959.7162475585938,471.6001892089844,0.6140176057815552
21,3.1498425078746064,7,car,833.77001953125,113.5165023803711,927.369140625,165.8115692138672,0.6372458934783936
21,3.1498425078746064,8,car,662.7940673828125,157.91091918945312,825.8558349609375,228.5317840576172,0.42950764298439026
21,3.1498425078746064,9,car,551.236083984375,100.52669525146484,642.5377807617188,156.2794647216797,0.28519976139068604
21,3.1498425078746064,10,car,74.3671646118164,143.69667053222656,168.22836303710938,184.72311401367188,0.35657432675361633
21,3.1498425078746064,11,car,779.3809204101562,135.73568725585938,858.4327392578125,172.15225219726562,0.2937908470630646
21,3.1498425078746064,13,car,487.9006042480469,77.577392578125,590.8106689453125,127.73747253417969,0.3189713954925537
21,3.1498425078746064,14,car,799.4334716796875,99.76090240478516,850.4295654296875,134.35479736328125,0.3353334069252014
21,3.1498425078746064,25,car,393.49725341796875,38.10361862182617,437.8275146484375,65.17365264892578,0.2858893871307373
21,3.1498425078746064,42,car,738.3263549804688,136.3163604736328,858.974853515625,190.9051055908203,0.37978488206863403
21,3.1498425078746064,43,car,600.8689575195312,23.824106216430664,661.01416015625,46.044944763183594,0.29580190777778625
21,3.1498425078746064,45,car,692.2084350585938,195.7786865234375,858.02001953125,298.6246337890625,0.435703843832016
21,3.1498425078746064,52,car,40.54855728149414,108.06249237060547,124.77880859375,183.07362365722656,0.35705623030662537
21,3.1498425078746064,55,person,233.24911499023438,177.78616333007812,284.8772277832031,278.6187438964844,0.6607879400253296
22,3.2998350082495875,1,car,596.6509399414062,125.5687484741211,720.2325439453125,190.419677734375,0.8302629590034485
22,3.2998350082495875,2,car,808.3348388671875,167.57334899902344,923.671630859375,242.20748901367188,0.8291526436805725
22,3.2998350082495875,3,car,0.3106805384159088,168.2707977294922,239.6396942138672,336.3381042480469,0.8563692569732666
22,3.2998350082495875,4,car,807.9901123046875,250.8039093017578,959.7664794921875,386.38763427734375,0.7314772009849548
22,3.2998350082495875,6,car,935.1294555664062,399.17425537109375,959.70947265625,471.781005859375,0.5661196708679199
22,3.2998350082495875,7,car,833.1310424804688,113.4763412475586,928.61279296875,165.92904663085938,0.6787741184234619
22,3.2998350082495875,8,car,662.9586181640625,157.77784729003906,824.5541381835938,227.3390350341797,0.40233317017555237
22,3.2998350082495875,9,car,551.0038452148438,100.96993255615234,642.9949340820312,156.26231384277344,0.33183425664901733
22,3.2998350082495875,10,car,74.85688781738281,143.7510528564453,168.21414184570312,184.8903350830078,0.36911365389823914
22,3.2998350082495875,12,car,145.7703094482422,45.37400436401367,206.55447387695312,65.82882690429688,0.2632574439048767
22,3.2998350082495875,13,car,487.2391357421875,77.70323944091797,587.700439453125,127.3104248046875,0.35380083322525024
22,3.2998350082495875,14,car,799.5037231445312,99.75946807861328,850.2941284179688,134.37208557128906,0.33571314811706543
22,3.2998350082495875,25,car,393.45709228515625,38.2505989074707,437.81866455078125,64.99610137939453,0.31233343482017517
22,3.2998350082495875,42,car,741.1187133789062,136.1451873779297,859.0667724609375,190.48329162597656,0.3983295261859894
22,3.2998350082495875,43,car,600.8955688476562,23.83423614501953,661.0136108398438,46.033233642578125,0.30980879068374634
22,3.2998350082495875,45,car,692.1201782226562,195.55215454101562,858.1070556640625,298.32489013671875,0.4231473207473755
22,3.2998350082495875,52,car,39.08412551879883,107.92093658447266,124.72022247314453,183.30935668945312,0.3649961054325104
22,3.2998350082495875,55,person,230.30105590820312,172.71163940429688,281.9679260253906,277.8780517578125,0.8116732239723206
22,3.2998350082495875,60,car,873.60400390625,108.81655883789062,943.074462890625,151.24090576171875,0.32692185044288635
23,3.4498275086245687,1,car,596.6602172851562,125.58467102050781,720.3212280273438,190.4187774658203,0.8341593146324158
23,3.4498275086245687,2,car,808.3077392578125,167.60391235351562,923.5563354492188,242.2429656982422,0.8316570520401001
23,3.4498275086245687,3,car,0.3761564791202545,168.4381561279297,239.1057891845703,336.6859130859375,0.8672662973403931
23,3.4498275086245687,4,car,808.0370483398438,250.87159729003906,959.7769165039062,386.3792724609375,0.7492075562477112
23,3.4498275086245687,6,car,935.1824340820312,396.5260925292969,959.7264404296875,471.2303466796875,0.6577913761138916
23,3.4498275086245687,7,car,832.9490356445312,113.47251892089844,928.1953125,165.79649353027344,0.6706600189208984
23,3.4498275086245687,8,car,662.9036865234375,158.0065460205078,824.6138916015625,227.4080352783203,0.4113295078277588
23,3.4498275086245687,9,car,551.3064575195312,104.32991027832031,642.849365234375,156.89260864257812,0.3084937036037445
23,3.4498275086245687,10,car,74.99081420898438,143.8187713623047,168.2122039794922,184.9451141357422,0.3540171682834625
23,3.4498275086245687,11,car,779.8518676757812,135.67282104492188,858.4186401367188,172.36782836914062,0.25862622261047363
23,3.4498275086245687,12,car,145.67259216308594,45.179378509521484,207.08712768554688,65.53706359863281,0.3038788437843323
23,3.4498275086245687,13,car,487.24749755859375,77.80826568603516,586.7294921875,127.2562026977539,0.3362707197666168
23,3.4498275086245687,14,car,799.5693969726562,99.67623138427734,850.24365234375,134.3045654296875,0.3407415747642517
23,3.4498275086245687,25,car,393.5968933105469,38.29825973510742,437.4402160644531,65.00408172607422,0.33903077244758606
23,3.4498275086245687,42,car,734.1157836914062,135.99676513671875,859.0198364257812,191.01531982421875,0.392235666513443
23,3.4498275086245687,43,car,600.9053955078125,23.807384490966797,661.08935546875,46.03378677368164,0.3201468586921692
23,3.4498275086245687,45,car,691.7054443359375,195.40235900878906,857.9844360351562,298.4369201660156,0.45026567578315735
23,3.4498275086245687,52,car,38.618072509765625,107.87442779541016,124.64643859863281,183.50259399414062,0.3537440299987793
23,3.4498275086245687,55,person,228.94711303710938,169.4398193359375,282.69091796875,276.2659606933594,0.8353448510169983
23,3.4498275086245687,60,car,873.952392578125,109.0166015625,943.0046997070312,151.15028381347656,0.31645405292510986
23,3.4498275086245687,61,car,101.9769058227539,75.86539459228516,255.65438842773438,131.9338836669922,0.33930182456970215
24,3.5998200089995502,1,car,596.6802978515625,125.57843780517578,720.2592163085938,190.41534423828125,0.8349362015724182
24,3.5998200089995502,2,car,808.2938232421875,167.64271545410156,923.4891357421875,242.238037109375,0.8319135904312134
24,3.5998200089995502,3,car,0.4405214488506317,168.50779724121094,238.77650451660156,336.7548828125,0.8689343333244324
24,3.5998200089995502,4,car,808.0729370117188,251.0181121826172,959.7774658203125,386.3309326171875,0.7604542374610901
24,3.5998200089995502,6,car,935.1967163085938,395.52105712890625,959.72998046875,471.0772399902344,0.6586887240409851
24,3.5998200089995502,7,car,833.326416015625,113.5013198852539,927.2788696289062,165.63502502441406,0.6525709629058838
24,3.5998200089995502,8,car,662.9042358398438,158.0891876220703,825.0099487304688,227.73049926757812,0.437815397977829
24,3.5998200089995502,9,car,551.3049926757812,105.3365707397461,642.7578125,157.16067504882812,0.316421777009964
24,3.5998200089995502,10,car,75.28677368164062,143.9598388671875,168.0648193359375,184.88790893554688,0.3259022831916809
24,3.5998200089995502,11,car,779.8388671875,135.62696838378906,858.45263671875,172.3720703125,0.26546353101730347
24,3.5998200089995502,12,car,145.7110137939453,45.13324737548828,208.1127166748047,65.5720443725586,0.2963019609451294
24,3.5998200089995502,13,car,487.57867431640625,77.68235778808594,585.9614868164062,127.42463684082031,0.3219369649887085
24,3.5998200089995502,14,car,799.50537109375,100.57369232177734,849.6581420898438,134.0933837890625,0.35126009583473206
24,3.5998200089995502,25,car,393.48785400390625,38.210453033447266,437.4041442871094,65.03714752197266,0.3564906120300293
24,3.5998200089995502,42,car,731.9361572265625,135.93190002441406,858.9865112304688,191.20999145507812,0.38273435831069946
24,3.5998200089995502,43,car,600.8792724609375,23.887102127075195,661.1513061523438,46.02945327758789,0.3526710271835327
24,3.5998200089995502,45,car,691.4637451171875,195.69102478027344,858.0941162109375,298.48736572265625,0.489418625831604
24,3.5998200089995502,52,car,39.11665344238281,107.91206359863281,124.52336883544922,183.54364013671875,0.35187894105911255
24,3.5998200089995502,55,person,228.269287109375,168.5307159423828,285.4032287597656,275.4735412597656,0.8366778492927551
24,3.5998200089995502,60,car,874.4590454101562,109.2863998413086,942.9095458984375,151.05404663085938,0.32870447635650635
24,3.5998200089995502,61,car,101.55725860595703,75.84162902832031,255.4187469482422,131.79025268554688,0.37116512656211853
25,3.7498125093745314,1,car,596.747314453125,125.59534454345703,719.9019165039062,190.44769287109375,0.8290155529975891
25,3.7498125093745314,2,car,808.3280029296875,167.6169891357422,923.5118408203125,242.35743713378906,0.8306149244308472
25,3.7498125093745314,3,car,0.4680311977863312,168.52720642089844,238.7412567138672,336.7392272949219,0.8644633293151855
25,3.7498125093745314,4,car,808.0908203125,251.02891540527344,959.7772216796875,386.251708984375,0.7541404962539673
25,3.7498125093745314,6,car,935.1463012695312,394.9495544433594,959.7281494140625,470.9087219238281,0.6605144143104553
25,3.7498125093745314,7,car,833.3193969726562,113.49431610107422,927.1561889648438,165.59617614746094,0.6725156903266907
25,3.7498125093745314,8,car,663.1144409179688,157.9529266357422,825.2330932617188,228.00286865234375,0.4344979524612427
25,3.7498125093745314,9,car,551.4321899414062,105.02058410644531,642.6786499023438,157.15762329101562,0.2803051769733429
25,3.7498125093745314,10,car,75.6076889038086,144.0874786376953,168.1338348388672,185.10848999023438,0.32263070344924927
25,3.7498125093745314,12,car,145.50418090820312,45.138710021972656,208.6049041748047,65.68730926513672,0.2826418876647949
25,3.7498125093745314,13,car,487.3389587402344,77.75753021240234,585.56640625,126.82511138916016,0.3251764178276062
25,3.7498125093745314,14,car,799.6071166992188,99.92677307128906,849.945556640625,134.16668701171875,0.3520768880844116
25,3.7498125093745314,25,car,393.6236267089844,37.992835998535156,436.9508972167969,64.90409088134766,0.3346012234687805
25,3.7498125093745314,42,car,738.44873046875,135.9137420654297,859.005615234375,190.63037109375,0.40084853768348694
25,3.7498125093745314,43,car,600.85107421875,23.87342071533203,661.216064453125,46.03225326538086,0.3292824923992157
25,3.7498125093745314,45,car,691.4417724609375,195.2097625732422,857.57177734375,298.4352722167969,0.4798299968242645
25,3.7498125093745314,52,car,38.523494720458984,108.00155639648438,124.3583755493164,183.64573669433594,0.3505822420120239
25,3.7498125093745314,55,person,228.1438751220703,170.7710723876953,289.40826416015625,273.2278747558594,0.8036144375801086
25,3.7498125093745314,60,car,874.4578247070312,109.33007049560547,942.828857421875,151.1100616455078,0.32680800557136536
25,3.7498125093745314,61,car,103.28645324707031,76.36144256591797,254.9609375,131.74105834960938,0.3934696614742279
26,3.8998050097495125,1,car,596.8128051757812,125.59239196777344,719.9188842773438,190.47059631347656,0.8389018774032593
26,3.8998050097495125,2,car,808.394775390625,167.57740783691406,923.60791015625,242.53465270996094,0.8295203447341919
26,3.8998050097495125,3,car,0.40378084778785706,168.1890869140625,238.55459594726562,335.0964050292969,0.8775920271873474
26,3.8998050097495125,4,car,808.2046508789062,250.9598388671875,959.7730102539062,386.2601318359375,0.7581106424331665
26,3.8998050097495125,6,car,934.9801635742188,396.6686706542969,959.7265625,470.9722900390625,0.6600316762924194
26,3.8998050097495125,7,car,833.2576293945312,113.50968170166016,927.1114501953125,165.6026153564453,0.6840193867683411
26,3.8998050097495125,8,car,663.5322265625,157.99966430664062,825.396240234375,227.9027099609375,0.49097004532814026
26,3.8998050097495125,9,car,551.9058837890625,107.05664825439453,642.4797973632812,157.0334014892578,0.2515467703342438
26,3.8998050097495125,10,car,75.56341552734375,143.6996612548828,168.31101989746094,185.03028869628906,0.4007151126861572
26,3.8998050097495125,12,car,145.52935791015625,45.17906951904297,208.7411346435547,65.78225708007812,0.27289509773254395
26,3.8998050097495125,13,car,487.0389404296875,77.78369140625,585.5808715820312,126.32696533203125,0.3420618176460266
26,3.8998050097495125,14,car,799.6277465820312,99.78878784179688,850.0567016601562,134.17819213867188,0.3540026545524597
26,3.8998050097495125,25,car,393.4192199707031,37.50457763671875,437.4966735839844,65.01762390136719,0.34449177980422974
26,3.8998050097495125,42,car,744.2098999023438,135.9651336669922,858.9988403320312,190.07420349121094,0.4477146863937378
26,3.8998050097495125,43,car,601.019287109375,23.919082641601562,661.2228393554688,45.998592376708984,0.3210946321487427
26,3.8998050097495125,45,car,691.5831298828125,196.0836639404297,857.016357421875,298.58856201171875,0.5632205605506897
26,3.8998050097495125,52,car,38.6711311340332,108.01644134521484,123.99466705322266,183.43832397460938,0.356850266456604
26,3.8998050097495125,55,person,229.41407775878906,170.111328125,292.9201965332031,271.0314636230469,0.7365487813949585
26,3.8998050097495125,60,car,874.2643432617188,109.35198974609375,942.8030395507812,151.18234252929688,0.3457372784614563
26,3.8998050097495125,61,car,103.8758316040039,76.49102020263672,254.70216369628906,132.3743896484375,0.34692031145095825
27,4.049797510124494,1,car,596.818115234375,125.61363983154297,719.8521118164062,190.4945068359375,0.8309810757637024
27,4.049797510124494,2,car,808.4420776367188,167.56048583984375,923.637939453125,242.6230926513672,0.8258987069129944
27,4.049797510124494,3,car,0.3609524369239807,167.89869689941406,239.01290893554688,334.53448486328125,0.8674801588058472
27,4.049797510124494,4,car,808.24609375,250.93423461914062,959.7855834960938,386.27252197265625,0.7570777535438538
27,4.049797510124494,6,car,934.9324951171875,397.4006652832031,959.7338256835938,470.98175048828125,0.6551336050033569
27,4.049797510124494,7,car,833.2279663085938,113.41202545166016,927.557373046875,165.71591186523438,0.6633462905883789
27,4.049797510124494,8,car,663.5986938476562,158.00852966308594,824.8270263671875,227.50222778320312,0.46231788396835327
27,4.049797510124494,9,car,552.0560913085938,108.88548278808594,642.3182983398438,157.0115203857422,0.2560259997844696
27,4.049797510124494,10,car,75.35594177246094,144.00474548339844,168.04737854003906,185.37745666503906,0.2697727680206299
27,4.049797510124494,12,car,145.5006866455078,45.24287796020508,208.4424591064453,65.80738067626953,0.27976709604263306
27,4.049797510124494,13,car,487.05523681640625,77.81723022460938,585.4810791015625,126.11515808105469,0.31707963347435
27,4.049797510124494,14,car,799.6209106445312,99.6491928100586,850.2405395507812,134.18943786621094,0.3398536145687103
27,4.049797510124494,25,car,393.56329345703125,37.69346618652344,437.0455322265625,64.90858459472656,0.3110511898994446
27,4.049797510124494,42,car,747.0272216796875,135.9495391845703,858.9949340820312,189.49310302734375,0.44955509901046753
27,4.049797510124494,43,car,601.007568359375,23.961824417114258,661.2207641601562,45.983062744140625,0.29809144139289856
27,4.049797510124494,45,car,691.6478881835938,196.2952117919922,856.5145263671875,298.455810546875,0.5308687686920166
27,4.049797510124494,52,car,38.573951721191406,108.1646499633789,123.83726501464844,183.45462036132812,0.34349140524864197
27,4.049797510124494,55,person,231.40658569335938,172.59912109375,292.3717956542969,270.0607604980469,0.7327405214309692
27,4.049797510124494,60,car,873.4700317382812,109.29251861572266,942.8120727539062,151.00965881347656,0.3242955803871155
27,4.049797510124494,61,car,104.2813949584961,76.71595001220703,254.7428436279297,132.13909912109375,0.3845212459564209
28,4.199790010499475,1,car,596.818603515625,125.615966796875,719.7872924804688,190.4955596923828,0.8311616778373718
28,4.199790010499475,2,car,808.4901123046875,167.55572509765625,923.614501953125,242.65219116210938,0.8258236646652222
28,4.199790010499475,3,car,0.34404614567756653,167.96665954589844,238.70358276367188,334.28704833984375,0.8717940449714661
28,4.199790010499475,4,car,808.26416015625,250.97694396972656,959.7855224609375,386.279296875,0.7619417905807495
28,4.199790010499475,6,car,934.872314453125,397.68170166015625,959.727783203125,470.9540100097656,0.6637604832649231
28,4.199790010499475,7,car,833.2325439453125,113.39506530761719,927.8967895507812,165.79159545898438,0.6750454902648926
28,4.199790010499475,8,car,663.64208984375,157.9792022705078,824.6068725585938,227.37184143066406,0.45427650213241577
28,4.199790010499475,9,car,552.1172485351562,109.34382629394531,642.330078125,156.98214721679688,0.2576353847980499
28,4.199790010499475,10,car,75.26913452148438,144.0821990966797,168.06866455078125,185.52813720703125,0.27548134326934814
28,4.199790010499475,12,car,145.21632385253906,45.169700622558594,208.5529327392578,65.82882690429688,0.30111163854599
28,4.199790010499475,13,car,487.1135559082031,77.76007080078125,584.907470703125,126.06407165527344,0.31001487374305725
28,4.199790010499475,14,car,799.6144409179688,99.61590576171875,850.339599609375,134.1627960205078,0.35427945852279663
28,4.199790010499475,25,car,393.60809326171875,37.698524475097656,436.83770751953125,64.87007904052734,0.3412960171699524
28,4.199790010499475,42,car,747.7462158203125,135.95742797851562,859.0036010742188,189.29661560058594,0.4281192123889923
28,4.199790010499475,43,car,600.95654296875,23.971242904663086,661.2393188476562,45.97446823120117,0.32958441972732544
28,4.199790010499475,45,car,691.665771484375,196.1956024169922,856.2568969726562,298.350830078125,0.5147521495819092
28,4.199790010499475,52,car,38.45229721069336,108.14752960205078,123.80187225341797,183.48089599609375,0.34846994280815125
28,4.199790010499475,55,person,236.0831756591797,174.111572265625,289.58111572265625,268.61529541015625,0.8320815563201904
28,4.199790010499475,60,car,873.9512329101562,109.40792846679688,942.802734375,151.1473846435547,0.3253123462200165
28,4.199790010499475,61,car,104.56490325927734,76.52788543701172,254.71095275878906,132.06674194335938,0.3868347108364105
29,4.349782510874457,1,car,596.81884765625,125.62517547607422,719.7225341796875,190.4980926513672,0.8333580493927002
29,4.349782510874457,2,car,808.4934692382812,167.56983947753906,923.5431518554688,242.64218139648438,0.8271909356117249
29,4.349782510874457,3,car,0.32831743359565735,167.85336303710938,239.66241455078125,334.2474060058594,0.8739748597145081
29,4.349782510874457,4,car,808.285400390625,250.83164978027344,959.7841796875,386.2927551269531,0.7658613920211792
29,4.349782510874457,6,car,934.887451171875,397.7286376953125,959.7244873046875,470.9919128417969,0.6653673052787781
29,4.349782510874457,7,car,833.2694091796875,113.38664245605469,927.83544921875,165.78427124023438,0.673599362373352
29,4.349782510874457,8,car,663.69287109375,157.94036865234375,824.5540771484375,227.336669921875,0.42512571811676025
29,4.349782510874457,10,car,75.747802734375,143.90829467773438,167.982666015625,185.16571044921875,0.30804386734962463
29,4.349782510874457,12,car,145.639404296875,45.244590759277344,208.55343627929688,65.80828857421875,0.2936306297779083
29,4.349782510874457,13,car,487.1881103515625,77.73027801513672,584.7103271484375,126.03426361083984,0.327179491519928
29,4.349782510874457,14,car,799.601318359375,99.56771087646484,850.3121948242188,134.1639404296875,0.3573799133300781
29,4.349782510874457,25,car,393.65057373046875,37.67218017578125,436.71484375,64.85277557373047,0.36245855689048767
29,4.349782510874457,42,car,748.2395629882812,135.96775817871094,859.029052734375,189.2740020751953,0.4359857439994812
29,4.349782510874457,43,car,601.0210571289062,23.980493545532227,661.2691650390625,45.97774124145508,0.33800894021987915
29,4.349782510874457,45,car,691.637939453125,195.3992462158203,856.4791259765625,298.34564208984375,0.49069690704345703
29,4.349782510874457,52,car,38.13570022583008,108.0608901977539,123.8272933959961,183.66964721679688,0.3527202308177948
29,4.349782510874457,55,person,244.0055694580078,172.79244995117188,288.5176086425781,268.9863586425781,0.7929868102073669
29,4.349782510874457,60,car,874.037353515625,109.40167999267578,942.8068237304688,151.17051696777344,0.3338249921798706
29,4.349782510874457,61,car,104.6147232055664,76.41385650634766,254.6980438232422,132.10797119140625,0.37363821268081665
30,4.4997750112494375,1,car,596.819580078125,125.64124298095703,719.6604614257812,190.48806762695312,0.8367511630058289
30,4.4997750112494375,2,car,808.5096435546875,167.58355712890625,923.4956665039062,242.62290954589844,0.8279744386672974
30,4.4997750112494375,3,car,0.3191676735877991,167.4575958251953,239.66543579101562,334.2857666015625,0.8702579736709595
30,4.4997750112494375,4,car,808.2861938476562,250.83091735839844,959.7979125976562,386.2967224121094,0.7603225111961365
30,4.4997750112494375,6,car,934.92333984375,397.744140625,959.7333374023438,470.99688720703125,0.6675739288330078
30,4.4997750112494375,7,car,833.257568359375,113.4033203125,927.9339599609375,165.76686096191406,0.6810118556022644
30,4.4997750112494375,8,car,663.6817016601562,157.951416015625,825.2901611328125,227.65342712402344,0.4669477641582489
30,4.4997750112494375,9,car,552.1536865234375,109.78351593017578,642.3683471679688,157.05441284179688,0.26622769236564636
30,4.4997750112494375,10,car,76.10787963867188,143.71200561523438,168.11434936523438,184.94557189941406,0.40730589628219604
30,4.4997750112494375,12,car,145.54617309570312,45.38371276855469,208.4157257080078,65.90629577636719,0.29754838347435
30,4.4997750112494375,13,car,487.1258850097656,77.72307586669922,584.8395385742188,126.14864349365234,0.3209031820297241
30,4.4997750112494375,14,car,799.5970458984375,99.49954223632812,850.2581176757812,134.16722106933594,0.36841344833374023
30,4.4997750112494375,25,car,393.65240478515625,37.80198287963867,436.65771484375,64.83716583251953,0.37807658314704895
30,4.4997750112494375,42,car,748.2213745117188,135.9718475341797,859.026123046875,189.2709197998047,0.4328278601169586
30,4.4997750112494375,43,car,601.1064453125,24.082061767578125,661.2318115234375,45.970211029052734,0.312811940908432
30,4.4997750112494375,45,car,691.6759643554688,196.0660858154297,856.4650268554688,298.33306884765625,0.5109201073646545
30,4.4997750112494375,52,car,38.05096435546875,107.99889373779297,124.00193786621094,183.65956115722656,0.35028862953186035
30,4.4997750112494375,55,person,248.69895935058594,172.86769104003906,286.7196044921875,268.6102294921875,0.797288715839386
30,4.4997750112494375,60,car,874.3077392578125,109.4515151977539,943.0150146484375,151.25132751464844,0.33748045563697815
30,4.4997750112494375,61,car,104.65484619140625,76.15581512451172,254.77203369140625,132.7561798095703,0.3140448033809662
31,4.649767511624419,1,car,596.7972412109375,125.67298126220703,719.6914672851562,190.5030517578125,0.8392627835273743
31,4.649767511624419,2,car,808.51953125,167.6014862060547,923.4664916992188,242.62759399414062,0.8284584283828735
31,4.649767511624419,3,car,0.3184804618358612,166.97496032714844,239.11141967773438,334.2798156738281,0.8758883476257324
31,4.649767511624419,4,car,808.2855224609375,250.87327575683594,959.7990112304688,386.3093566894531,0.7568820118904114
31,4.649767511624419,6,car,934.9204711914062,397.767578125,959.7318725585938,470.9664306640625,0.6740601062774658
31,4.649767511624419,7,car,833.2440795898438,113.47014617919922,928.1034545898438,165.8059844970703,0.6821756362915039
31,4.649767511624419,8,car,663.6871337890625,158.00570678710938,825.4517211914062,227.6034698486328,0.45581915974617004
31,4.649767511624419,9,car,552.189697265625,109.6591796875,642.3668212890625,156.95730590820312,0.26595401763916016
31,4.649767511624419,10,car,76.22987365722656,143.6688232421875,168.2482147216797,184.8640899658203,0.426129549741745
31,4.649767511624419,12,car,145.67869567871094,45.44565963745117,208.2754364013672,65.9098129272461,0.2961473762989044
31,4.649767511624419,13,car,487.32855224609375,77.76348876953125,584.9266357421875,126.19781494140625,0.32766926288604736
31,4.649767511624419,14,car,799.6019287109375,99.47698211669922,850.0269165039062,134.19981384277344,0.3554022014141083
31,4.649767511624419,25,car,393.68377685546875,37.928829193115234,436.74761962890625,64.85400390625,0.40459978580474854
31,4.649767511624419,42,car,747.9776611328125,135.97640991210938,859.0275268554688,189.321044921875,0.42994874715805054
31,4.649767511624419,43,car,601.0946044921875,24.105182647705078,661.2185668945312,45.9720458984375,0.31984075903892517
31,4.649767511624419,45,car,691.7623901367188,196.1398468017578,856.6890258789062,298.3132629394531,0.4868176579475403
31,4.649767511624419,52,car,37.95429611206055,107.95484161376953,124.1326904296875,183.61624145507812,0.33915451169013977
31,4.649767511624419,55,person,251.02413940429688,172.54649353027344,287.16876220703125,268.4436950683594,0.8114228844642639
31,4.649767511624419,60,car,874.0157470703125,109.43114471435547,943.0761108398438,151.35523986816406,0.34098950028419495
31,4.649767511624419,61,car,106.49774932861328,75.79470825195312,254.6421356201172,133.1696319580078,0.32452496886253357
32,4.7997600119994,1,car,596.7579956054688,125.69391632080078,719.6920166015625,190.5121307373047,0.838196337223053
32,4.7997600119994,2,car,808.5151977539062,167.6086883544922,923.4440307617188,242.64559936523438,0.8269633054733276
32,4.7997600119994,3,car,0.3184104263782501,167.40965270996094,238.90138244628906,334.33038330078125,0.8719182014465332
32,4.7997600119994,4,car,808.2770385742188,250.92398071289062,959.7922973632812,386.3172302246094,0.7519525289535522
32,4.7997600119994,6,car,934.9098510742188,397.77569580078125,959.7229614257812,470.95953369140625,0.6704313158988953
32,4.7997600119994,7,car,833.2389526367188,113.44375610351562,928.6036987304688,165.92311096191406,0.6832427978515625
32,4.7997600119994,8,car,663.67236328125,158.03384399414062,825.6555786132812,227.654541015625,0.4649882912635803
32,4.7997600119994,9,car,552.2288208007812,109.67403411865234,642.3753662109375,156.6139678955078,0.2505272328853607
32,4.7997600119994,10,car,76.35554504394531,143.53526306152344,168.33493041992188,184.7415008544922,0.461740106344223
32,4.7997600119994,12,car,146.19334411621094,45.45307540893555,208.2388916015625,65.87992858886719,0.2925775349140167
32,4.7997600119994,13,car,487.57135009765625,77.8348617553711,584.9190673828125,126.4723892211914,0.3083397150039673
32,4.7997600119994,14,car,799.58984375,99.49938201904297,849.9745483398438,134.26390075683594,0.3428064286708832
32,4.7997600119994,25,car,393.6893005371094,38.08189392089844,436.84356689453125,64.8669662475586,0.3788542151451111
32,4.7997600119994,42,car,747.814697265625,135.98849487304688,859.0186767578125,189.35232543945312,0.42884913086891174
32,4.7997600119994,43,car,601.0874633789062,24.112079620361328,661.2039184570312,45.98067855834961,0.31227394938468933
32,4.7997600119994,45,car,691.824951171875,196.2786407470703,856.6555786132812,298.2825622558594,0.48583465814590454
32,4.7997600119994,52,car,37.80179977416992,107.95604705810547,124.20732879638672,183.59226989746094,0.3411414325237274
32,4.7997600119994,55,person,250.56858825683594,172.30023193359375,287.22259521484375,270.28515625,0.7959297299385071
32,4.7997600119994,60,car,873.8521728515625,109.45610809326172,943.097412109375,151.1058349609375,0.36456093192100525
32,4.7997600119994,61,car,105.13355255126953,76.52056884765625,254.755126953125,138.4292449951172,0.3193574547767639
33,4.949752512374381,1,car,596.8277587890625,125.6986312866211,719.7494506835938,190.50514221191406,0.841389536857605
33,4.949752512374381,2,car,808.519775390625,167.6013641357422,923.426513671875,242.6111297607422,0.8278670310974121
33,4.949752512374381,3,car,0.3115994334220886,168.50157165527344,238.6126708984375,334.3673095703125,0.885083019733429
33,4.949752512374381,4,car,808.2894897460938,250.89309692382812,959.7887573242188,386.310791015625,0.7557458281517029
33,4.949752512374381,6,car,934.916748046875,397.781982421875,959.7208251953125,470.9520263671875,0.6725308895111084
33,4.949752512374381,7,car,833.4176025390625,113.30842590332031,928.16015625,165.86033630371094,0.682345986366272
33,4.949752512374381,8,car,663.6834106445312,158.05340576171875,825.533447265625,227.57492065429688,0.4522753655910492
33,4.949752512374381,10,car,75.62638092041016,143.4196014404297,168.28118896484375,184.84024047851562,0.4506097435951233
33,4.949752512374381,12,car,146.47979736328125,45.447601318359375,208.18531799316406,65.83075714111328,0.3158838450908661
33,4.949752512374381,13,car,488.94586181640625,77.88179779052734,584.9478759765625,126.96781158447266,0.30056169629096985
33,4.949752512374381,14,car,799.5745849609375,99.66703796386719,849.8335571289062,134.21141052246094,0.3663739562034607
33,4.949752512374381,25,car,393.7499084472656,38.108978271484375,436.91015625,64.85511779785156,0.4119054675102234
33,4.949752512374381,42,car,747.0567016601562,136.01821899414062,859.0110473632812,189.51071166992188,0.40787792205810547
33,4.949752512374381,43,car,601.0951538085938,24.119979858398438,661.2186889648438,45.9637336730957,0.3104110658168793
33,4.949752512374381,45,car,691.9029541015625,196.16665649414062,856.8783569335938,298.2909851074219,0.498278945684433
33,4.949752512374381,52,car,37.928104400634766,108.00131225585938,124.18729400634766,183.51028442382812,0.34281253814697266
33,4.949752512374381,55,person,251.301025390625,171.95950317382812,287.18341064453125,270.39666748046875,0.8219349980354309
33,4.949752512374381,60,car,874.8634033203125,109.42951202392578,943.1083984375,151.13394165039062,0.3720293939113617
33,4.949752512374381,61,car,104.89476013183594,76.74010467529297,254.73167419433594,138.40113830566406,0.31389740109443665
34,5.099745012749363,1,car,596.8882446289062,125.6978530883789,719.7177734375,190.514404296875,0.8399267792701721
34,5.099745012749363,2,car,808.5179443359375,167.5985107421875,923.4343872070312,242.6472930908203,0.8277946710586548
34,5.099745012749363,3,car,0.3006576597690582,169.1089630126953,238.7418212890625,334.2856140136719,0.8787370920181274
34,5.099745012749363,4,car,808.287841796875,250.98196411132812,959.7943725585938,386.3099670410156,0.7603465914726257
34,5.099745012749363,6,car,934.912109375,397.77496337890625,959.728515625,470.9380187988281,0.6733222603797913
34,5.099745012749363,7,car,833.5728759765625,113.31060791015625,927.9550170898438,165.8522186279297,0.6787905097007751
34,5.099745012749363,8,car,663.7489013671875,158.0313262939453,825.606689453125,227.53562927246094,0.4602453112602234
34,5.099745012749363,10,car,76.4483413696289,143.38417053222656,168.34226989746094,184.7778778076172,0.46148765087127686
34,5.099745012749363,12,car,146.4582977294922,45.4494743347168,208.1702117919922,65.82295227050781,0.30738064646720886
34,5.099745012749363,13,car,489.4545593261719,77.91854858398438,584.9600830078125,127.22588348388672,0.2993464469909668
34,5.099745012749363,14,car,799.697021484375,99.99628448486328,849.7598876953125,134.2473907470703,0.3758750557899475
34,5.099745012749363,25,car,393.6690368652344,38.27980422973633,436.9294738769531,64.8591079711914,0.4256640076637268
34,5.099745012749363,42,car,746.760986328125,136.0311737060547,859.0130615234375,189.5702362060547,0.411155641078949
34,5.099745012749363,43,car,601.076904296875,24.1517391204834,661.2249145507812,45.95905685424805,0.281755268573761
34,5.099745012749363,45,car,692.0827026367188,195.93212890625,856.671630859375,297.989013671875,0.46828314661979675
34,5.099745012749363,52,car,37.935848236083984,108.00907135009766,124.21346282958984,183.52005004882812,0.35285186767578125
34,5.099745012749363,55,person,251.7255859375,171.76010131835938,288.4993896484375,270.03875732421875,0.8171214461326599
34,5.099745012749363,60,car,875.5422973632812,109.42292022705078,943.1224975585938,150.92457580566406,0.35744354128837585
34,5.099745012749363,61,car,104.5736312866211,76.70193481445312,254.8207244873047,139.26174926757812,0.3440275192260742
35,5.249737513124344,1,car,596.5272827148438,125.6705551147461,719.8775634765625,190.51553344726562,0.8410792350769043
35,5.249737513124344,2,car,808.5274658203125,167.54193115234375,923.4785766601562,242.6216583251953,0.8290340900421143
35,5.249737513124344,3,car,0.2758610248565674,169.68032836914062,238.63040161132812,334.212646484375,0.879298985004425
35,5.249737513124344,4,car,808.296630859375,251.25259399414062,959.7979125976562,386.2874450683594,0.7576186060905457
35,5.249737513124344,6,car,934.9288940429688,397.7198181152344,959.7401733398438,470.8678283691406,0.6841914057731628
35,5.249737513124344,7,car,833.4935913085938,113.24666595458984,928.0045166015625,165.76686096191406,0.6885796785354614
35,5.249737513124344,8,car,663.5297241210938,158.07199096679688,825.2988891601562,227.3437957763672,0.4714336693286896
35,5.249737513124344,10,car,76.46961975097656,143.6420135498047,168.2769012451172,184.9746551513672,0.40713003277778625
35,5.249737513124344,12,car,146.30772399902344,45.383811950683594,208.1377716064453,65.8313217163086,0.3048875629901886
35,5.249737513124344,13,car,489.5922546386719,77.91397857666016,584.9765014648438,127.17362213134766,0.32795965671539307
35,5.249737513124344,14,car,799.60546875,99.7951431274414,850.3836669921875,134.194091796875,0.398046612739563
35,5.249737513124344,25,car,393.6073913574219,38.301124572753906,436.86865234375,64.87994384765625,0.4476589560508728
35,5.249737513124344,42,car,746.478759765625,136.0321044921875,859.0139770507812,189.65533447265625,0.39879506826400757
35,5.249737513124344,43,car,601.0040283203125,24.04570198059082,661.2317504882812,45.941261291503906,0.2894962430000305
35,5.249737513124344,45,car,692.1841430664062,196.00033569335938,856.765380859375,297.9143981933594,0.4794822931289673
35,5.249737513124344,52,car,38.15118408203125,107.99466705322266,124.27201843261719,183.5331268310547,0.36856338381767273
35,5.249737513124344,55,person,251.9627685546875,171.8062744140625,289.3310546875,269.7727355957031,0.821444034576416
35,5.249737513124344,60,car,875.674560546875,109.3572006225586,943.16748046875,150.78826904296875,0.3749397397041321
35,5.249737513124344,61,car,104.24757385253906,76.49483489990234,254.70448303222656,138.2874755859375,0.3594265282154083
36,5.399730013499325,1,car,596.4121704101562,125.65431213378906,719.924072265625,190.52378845214844,0.8425849676132202
36,5.399730013499325,2,car,808.5267333984375,167.48428344726562,923.5039672851562,242.6319122314453,0.8283278942108154
36,5.399730013499325,3,car,0.26345717906951904,169.1278076171875,238.54795837402344,334.1888732910156,0.8817564845085144
36,5.399730013499325,4,car,808.2797241210938,251.47828674316406,959.7984619140625,386.28924560546875,0.7560291886329651
36,5.399730013499325,6,car,934.9478759765625,397.7143859863281,959.734619140625,470.8387451171875,0.6822253465652466
36,5.399730013499325,7,car,833.3330688476562,113.2332534790039,928.1282348632812,165.7726287841797,0.6807964444160461
36,5.399730013499325,8,car,663.4844970703125,158.0188446044922,825.5043334960938,227.49981689453125,0.48902615904808044
36,5.399730013499325,10,car,76.3662338256836,143.70993041992188,168.12881469726562,185.0463104248047,0.4246186316013336
36,5.399730013499325,12,car,146.07395935058594,45.32831954956055,208.2418975830078,65.83497619628906,0.30432769656181335
36,5.399730013499325,13,car,489.8999938964844,77.92064666748047,585.0519409179688,127.20855712890625,0.3193260431289673
36,5.399730013499325,14,car,799.5831298828125,99.68220520019531,850.4683227539062,134.21917724609375,0.3629727363586426
36,5.399730013499325,25,car,393.599365234375,38.36106491088867,436.896484375,64.89143371582031,0.42162835597991943
36,5.399730013499325,42,car,747.150146484375,136.00938415527344,859.0304565429688,189.461181640625,0.41791045665740967
36,5.399730013499325,43,car,600.9940185546875,24.054521560668945,661.2330932617188,45.93874740600586,0.2552430331707001
36,5.399730013499325,45,car,692.174560546875,196.11000061035156,856.5208740234375,297.8228454589844,0.490448921918869
36,5.399730013499325,52,car,37.72201919555664,107.90975952148438,124.32698059082031,183.63140869140625,0.3755771815776825
36,5.399730013499325,55,person,251.94500732421875,171.3520965576172,288.50701904296875,269.8111572265625,0.8247387409210205
36,5.399730013499325,60,car,875.79150390625,109.38347625732422,943.1724853515625,150.75299072265625,0.34523048996925354
36,5.399730013499325,61,car,104.4029769897461,76.72166442871094,255.61744689941406,144.99537658691406,0.3477013409137726
37,5.549722513874307,1,car,596.363525390625,125.67149353027344,719.8887329101562,190.5279083251953,0.842293918132782
37,5.549722513874307,2,car,808.5294189453125,167.4687042236328,923.4817504882812,242.611572265625,0.8290668725967407
37,5.549722513874307,3,car,0.26348876953125,168.79139709472656,238.45196533203125,334.1204528808594,0.881317675113678
37,5.549722513874307,4,car,808.2573852539062,251.64312744140625,959.7952880859375,386.2784423828125,0.752203643321991
37,5.549722513874307,6,car,934.9608764648438,397.68804931640625,959.7391967773438,470.80126953125,0.6827696561813354
37,5.549722513874307,7,car,833.3981323242188,113.23291778564453,928.3700561523438,165.84912109375,0.678408145904541
37,5.549722513874307,8,car,663.5634155273438,158.00399780273438,825.5027465820312,227.44412231445312,0.4877611994743347
37,5.549722513874307,10,car,75.93885803222656,143.5601043701172,168.08938598632812,185.0976104736328,0.41516417264938354
37,5.549722513874307,12,car,146.07496643066406,45.36077880859375,208.1492156982422,65.869140625,0.30304089188575745
37,5.549722513874307,13,car,489.997802734375,77.87055206298828,585.0897216796875,127.28018951416016,0.2927151322364807
37,5.549722513874307,14,car,799.5548095703125,99.64918518066406,850.5947265625,134.21121215820312,0.3685448169708252
37,5.549722513874307,25,car,393.601318359375,38.38398742675781,437.252197265625,64.92413330078125,0.42498672008514404
37,5.549722513874307,42,car,747.7742309570312,136.026611328125,859.041259765625,189.27249145507812,0.4319577217102051
37,5.549722513874307,43,car,601.0008544921875,24.073158264160156,661.2171020507812,45.93632507324219,0.2591753304004669
37,5.549722513874307,45,car,692.1533203125,196.1357421875,856.287109375,297.7886962890625,0.48684364557266235
37,5.549722513874307,52,car,37.34172439575195,107.8874740600586,124.24613952636719,183.67832946777344,0.3516426980495453
37,5.549722513874307,55,person,251.88380432128906,171.49795532226562,288.1106872558594,270.19207763671875,0.823991060256958
37,5.549722513874307,60,car,875.7466430664062,109.32535552978516,943.008544921875,150.71080017089844,0.371760755777359
37,5.549722513874307,61,car,104.0035400390625,75.9537124633789,254.75584411621094,137.93740844726562,0.4020354449748993
38,5.699715014249287,1,car,596.3218994140625,125.69779968261719,719.796630859375,190.49754333496094,0.8385384678840637
38,5.699715014249287,2,car,808.5283813476562,167.4651336669922,923.5238037109375,242.58200073242188,0.826596736907959
38,5.699715014249287,3,car,0.2484310418367386,168.66357421875,238.2293243408203,334.08819580078125,0.8797165155410767
38,5.699715014249287,4,car,808.2727661132812,251.81338500976562,959.806640625,386.2797546386719,0.7475275993347168
38,5.699715014249287,6,car,935.0054931640625,397.69036865234375,959.7496337890625,470.8478088378906,0.6720209717750549
38,5.699715014249287,7,car,833.7855224609375,113.3310546875,928.6505126953125,165.88458251953125,0.6828198432922363
38,5.699715014249287,8,car,663.5843505859375,158.0108184814453,825.7533569335938,227.58218383789062,0.4964534640312195
38,5.699715014249287,10,car,75.90971374511719,143.4995574951172,168.0161895751953,185.06045532226562,0.45569294691085815
38,5.699715014249287,12,car,146.00201416015625,45.3586311340332,208.17410278320312,65.8915786743164,0.29309359192848206
38,5.699715014249287,14,car,799.6263427734375,99.838623046875,850.326416015625,134.2791748046875,0.3559681475162506
38,5.699715014249287,25,car,393.5635070800781,38.321224212646484,437.411376953125,64.94021606445312,0.41426026821136475
38,5.699715014249287,42,car,748.0755004882812,136.07272338867188,859.0026245117188,189.1471405029297,0.41661524772644043
38,5.699715014249287,43,car,600.9813842773438,24.038963317871094,661.2201538085938,45.91316223144531,0.26300132274627686
38,5.699715014249287,45,car,692.1307373046875,196.31442260742188,856.1695556640625,297.7496337890625,0.4911137521266937
38,5.699715014249287,52,car,36.37007141113281,107.80445861816406,124.33013916015625,183.9224395751953,0.3556647300720215
38,5.699715014249287,55,person,249.80484008789062,170.8401641845703,285.6615295410156,270.5606689453125,0.8063358664512634
38,5.699715014249287,60,car,873.5670166015625,109.08279418945312,942.9574584960938,150.7169189453125,0.36520108580589294
38,5.699715014249287,61,car,103.24301147460938,75.1384048461914,254.69766235351562,140.396484375,0.38049378991127014
39,5.849707514624269,1,car,596.363037109375,125.78075408935547,719.8115844726562,190.52069091796875,0.8260655999183655
39,5.849707514624269,2,car,808.5326538085938,167.4911346435547,923.539306640625,242.63690185546875,0.8262010216712952
39,5.849707514624269,3,car,0.23878058791160583,168.53514099121094,238.83937072753906,334.2055358886719,0.8783025741577148
39,5.849707514624269,4,car,808.226318359375,251.82083129882812,959.8091430664062,386.30950927734375,0.7569057941436768
39,5.849707514624269,6,car,934.9945068359375,398.32989501953125,959.7526245117188,470.8351135253906,0.6833952069282532
39,5.849707514624269,7,car,833.5718383789062,113.39922332763672,928.5200805664062,165.89773559570312,0.6979895830154419
39,5.849707514624269,8,car,663.421875,157.9679718017578,825.5282592773438,227.7119903564453,0.46285662055015564
39,5.849707514624269,9,car,552.0617065429688,108.63568115234375,642.516357421875,156.26385498046875,0.2524396479129791
39,5.849707514624269,10,car,75.95946502685547,143.51527404785156,168.02967834472656,185.2122039794922,0.3988644778728485
39,5.849707514624269,12,car,145.85597229003906,45.38417434692383,208.12692260742188,65.87599182128906,0.2985427975654602
39,5.849707514624269,14,car,799.494873046875,100.46166229248047,850.29296875,134.1424102783203,0.3764466941356659
39,5.849707514624269,25,car,393.46795654296875,38.38947677612305,437.4106140136719,64.93095397949219,0.3772904574871063
39,5.849707514624269,42,car,748.3877563476562,136.13294982910156,858.99951171875,189.1441192626953,0.4208759367465973
39,5.849707514624269,43,car,600.9705200195312,23.984329223632812,661.1903076171875,45.92311096191406,0.26581496000289917
39,5.849707514624269,45,car,691.9071044921875,196.1002960205078,856.1672973632812,298.00592041015625,0.5236496925354004
39,5.849707514624269,52,car,36.06155776977539,107.84661102294922,124.31765747070312,184.05288696289062,0.35257187485694885
39,5.849707514624269,55,person,246.19430541992188,171.6331787109375,283.08721923828125,271.8297119140625,0.7910988926887512
39,5.849707514624269,60,car,872.1339721679688,108.98887634277344,942.9957885742188,150.7401123046875,0.3677384555339813
39,5.849707514624269,61,car,103.09638214111328,74.99440002441406,255.0470428466797,144.45668029785156,0.31683239340782166
40,5.9997000149992505,1,car,596.372314453125,125.8232650756836,719.71484375,190.53616333007812,0.8275204300880432
40,5.9997000149992505,2,car,808.5272216796875,167.51162719726562,923.5442504882812,242.65492248535156,0.825368344783783
40,5.9997000149992505,3,car,0.20914000272750854,168.31317138671875,238.99693298339844,333.9697265625,0.8758004903793335
40,5.9997000149992505,4,car,808.220947265625,251.8480987548828,959.8126831054688,386.3457946777344,0.754853367805481
40,5.9997000149992505,6,car,935.0120239257812,399.00030517578125,959.75732421875,470.8907470703125,0.6796255111694336
40,5.9997000149992505,7,car,833.2205810546875,113.37751007080078,928.7151489257812,165.9164581298828,0.7177366018295288
40,5.9997000149992505,8,car,663.3809814453125,157.91810607910156,826.0284423828125,227.93836975097656,0.47491225600242615
40,5.9997000149992505,9,car,551.9911499023438,108.23628234863281,642.5608520507812,156.1912841796875,0.2596226632595062
40,5.9997000149992505,10,car,76.06318664550781,143.35723876953125,168.0148162841797,185.22320556640625,0.42406073212623596
40,5.9997000149992505,12,car,145.71983337402344,45.39363479614258,208.36831665039062,65.90216064453125,0.3123161494731903
40,5.9997000149992505,14,car,799.5465087890625,100.75106048583984,849.9549560546875,134.30918884277344,0.4759921729564667
40,5.9997000149992505,25,car,393.5189208984375,38.41364669799805,437.267578125,64.92566680908203,0.3789212107658386
40,5.9997000149992505,42,car,748.7918701171875,136.1708221435547,858.9813842773438,189.02394104003906,0.43832188844680786
40,5.9997000149992505,43,car,600.9058227539062,24.01467514038086,661.128173828125,45.912139892578125,0.2560381591320038
40,5.9997000149992505,45,car,691.8917846679688,196.168212890625,856.1736450195312,298.0084533691406,0.5327839851379395
40,5.9997000149992505,52,car,35.82072448730469,107.77452850341797,124.2840805053711,184.07533264160156,0.34494107961654663
40,5.9997000149992505,55,person,242.9923095703125,173.0934295654297,281.0932312011719,270.8872985839844,0.8146937489509583
40,5.9997000149992505,60,car,870.6710815429688,108.94876098632812,942.7846069335938,150.86154174804688,0.37914973497390747
40,5.9997000149992505,61,car,102.80904388427734,74.82039642333984,255.1505584716797,145.82081604003906,0.28220951557159424
41,6.149692515374231,1,car,596.3800659179688,125.83089447021484,719.6947021484375,190.53024291992188,0.8286892771720886
41,6.149692515374231,2,car,808.5341186523438,167.49839782714844,923.5464477539062,242.63246154785156,0.8264768123626709
41,6.149692515374231,3,car,0.21683929860591888,168.2717742919922,238.7344970703125,333.8033142089844,0.8742344975471497
41,6.149692515374231,4,car,808.2344360351562,251.77639770507812,959.8358764648438,386.3582458496094,0.7559983730316162
41,6.149692515374231,6,car,935.0126342773438,399.38385009765625,959.7715454101562,470.86260986328125,0.6871656179428101
41,6.149692515374231,7,car,832.9707641601562,113.39247131347656,928.3392944335938,165.83131408691406,0.7194815278053284
41,6.149692515374231,8,car,663.3715209960938,157.88316345214844,826.1735229492188,227.94564819335938,0.47560733556747437
41,6.149692515374231,9,car,551.9898071289062,107.3387451171875,642.714111328125,156.0669403076172,0.276553213596344
41,6.149692515374231,10,car,76.12181854248047,143.20361328125,167.97882080078125,185.2296142578125,0.4068340063095093
41,6.149692515374231,12,car,145.7657928466797,45.42888259887695,208.34580993652344,65.86811065673828,0.3130168616771698
41,6.149692515374231,14,car,799.555908203125,100.75836181640625,850.15087890625,134.34765625,0.47047749161720276
41,6.149692515374231,25,car,393.5102233886719,38.35633850097656,437.31036376953125,64.90664672851562,0.3990386426448822
41,6.149692515374231,42,car,748.9448852539062,136.1310272216797,859.0146484375,189.02066040039062,0.4457091987133026
41,6.149692515374231,43,car,600.880859375,23.978967666625977,661.1276245117188,45.90437698364258,0.2739459276199341
41,6.149692515374231,45,car,691.9385375976562,196.15194702148438,856.0866088867188,298.0008544921875,0.5238969326019287
41,6.149692515374231,52,car,35.66171646118164,107.73140716552734,124.24981689453125,184.0677947998047,0.3419974148273468
41,6.149692515374231,55,person,238.68214416503906,178.37948608398438,281.0054016113281,270.6736755371094,0.8393157124519348
41,6.149692515374231,60,car,870.8471069335938,108.72332763671875,942.7669677734375,150.53970336914062,0.3890564441680908
41,6.149692515374231,61,car,102.9197998046875,74.91386413574219,255.0172882080078,144.36874389648438,0.2669513523578644
42,6.299685015749213,1,car,596.3838500976562,125.80794525146484,719.552734375,190.5313262939453,0.8216785192489624
42,6.299685015749213,2,car,808.537841796875,167.4868927001953,923.5775146484375,242.69908142089844,0.8249332904815674
42,6.299685015749213,3,car,0.20712034404277802,168.30873107910156,238.5037078857422,333.9221496582031,0.8725452423095703
42,6.299685015749213,4,car,808.238525390625,251.70126342773438,959.8402099609375,386.35296630859375,0.7443074584007263
42,6.299685015749213,6,car,935.006103515625,399.5744323730469,959.7716064453125,470.8499755859375,0.688234269618988
42,6.299685015749213,7,car,832.6639404296875,113.60594177246094,928.9480590820312,165.98919677734375,0.7104002833366394
42,6.299685015749213,8,car,663.335205078125,157.82862854003906,825.338134765625,227.4752960205078,0.4071628153324127
42,6.299685015749213,9,car,551.9923095703125,107.1383056640625,642.8086547851562,156.14051818847656,0.2862015962600708
42,6.299685015749213,10,car,76.3218994140625,143.02296447753906,168.02890014648438,185.20733642578125,0.38891103863716125
42,6.299685015749213,12,car,145.7465362548828,45.41640090942383,208.347900390625,65.85462188720703,0.28825682401657104
42,6.299685015749213,14,car,799.551513671875,100.72370910644531,850.5247802734375,134.33680725097656,0.4602639973163605
42,6.299685015749213,25,car,393.5191650390625,38.21550750732422,437.4295654296875,64.92041778564453,0.38748684525489807
42,6.299685015749213,42,car,748.8207397460938,136.20384216308594,858.9854125976562,189.20614624023438,0.42013007402420044
42,6.299685015749213,43,car,600.871826171875,23.98414421081543,661.107421875,45.90568161010742,0.2652267813682556
42,6.299685015749213,45,car,692.0325927734375,196.17185974121094,854.79638671875,297.7754821777344,0.42419642210006714
42,6.299685015749213,52,car,35.47128677368164,107.70073699951172,124.17539978027344,184.0535888671875,0.3332105278968811
42,6.299685015749213,55,person,235.55833435058594,183.31829833984375,280.3209228515625,270.0738525390625,0.7150946259498596
42,6.299685015749213,60,car,870.5991821289062,108.59647369384766,942.6670532226562,150.1354522705078,0.3970191478729248
42,6.299685015749213,61,car,102.49370574951172,75.07649230957031,254.90196228027344,147.62181091308594,0.29296359419822693
43,6.449677516124194,1,car,596.3137817382812,125.56822204589844,720.3847045898438,190.4875030517578,0.835269033908844
43,6.449677516124194,2,car,808.7459106445312,167.63192749023438,923.5179443359375,243.05322265625,0.8456851243972778
43,6.449677516124194,3,car,0.21723102033138275,170.0467529296875,244.67552185058594,333.507080078125,0.8673596382141113
43,6.449677516124194,4,car,807.3175048828125,251.7783203125,959.8201293945312,386.4176330566406,0.7728698253631592
43,6.449677516124194,6,car,935.1256103515625,399.2694091796875,959.7684326171875,470.92431640625,0.5233067274093628
43,6.449677516124194,7,car,832.2068481445312,113.61723327636719,927.7647094726562,165.8451385498047,0.6410043835639954
43,6.449677516124194,8,car,662.9647216796875,158.53585815429688,826.7953491210938,229.1393585205078,0.4155183732509613
43,6.449677516124194,9,car,552.8890380859375,102.32635498046875,643.1605224609375,155.02720642089844,0.26202693581581116
43,6.449677516124194,13,car,489.887451171875,79.23641967773438,584.3214721679688,127.34587860107422,0.4355607032775879
43,6.449677516124194,14,car,799.6912231445312,100.78057861328125,850.8596801757812,134.3282928466797,0.48961904644966125
43,6.449677516124194,42,car,749.4066772460938,135.75152587890625,859.1822509765625,190.32650756835938,0.45480450987815857
43,6.449677516124194,45,car,693.1597900390625,197.33154296875,858.998779296875,295.9415588378906,0.258669376373291
43,6.449677516124194,52,car,39.21043395996094,107.08600616455078,122.53396606445312,184.3870086669922,0.3670682907104492
43,6.449677516124194,55,person,228.8814239501953,187.9384765625,280.21441650390625,275.1461486816406,0.48010051250457764
43,6.449677516124194,61,car,106.59871673583984,75.3305892944336,256.9632568359375,150.3404083251953,0.4929180145263672
44,6.599670016499175,1,car,596.2835693359375,125.48741912841797,720.7171630859375,190.4687042236328,0.836118221282959
44,6.599670016499175,2,car,808.8291625976562,167.66859436035156,923.486328125,243.20660400390625,0.8438414335250854
44,6.599670016499175,3,car,0.22410832345485687,171.2296142578125,250.4346160888672,333.4089660644531,0.8270845413208008
44,6.599670016499175,4,car,806.9248046875,251.7415771484375,959.8093872070312,386.4300537109375,0.7671467065811157
44,6.599670016499175,6,car,935.1373901367188,399.1219787597656,959.760986328125,471.47607421875,0.5375903844833374
44,6.599670016499175,7,car,832.157470703125,113.46855926513672,927.667236328125,165.8848419189453,0.6216860413551331
44,6.599670016499175,8,car,662.6594848632812,158.8248748779297,827.5774536132812,230.62367248535156,0.4688563942909241
44,6.599670016499175,9,car,553.1873779296875,100.52381134033203,643.3448486328125,154.64077758789062,0.2672002911567688
44,6.599670016499175,13,car,489.7421569824219,79.29547119140625,584.291259765625,127.33616638183594,0.4426417946815491
44,6.599670016499175,14,car,799.7061767578125,100.76294708251953,850.8712768554688,134.31121826171875,0.4911811053752899
44,6.599670016499175,42,car,737.728515625,136.0471954345703,859.2490844726562,191.24429321289062,0.3840203583240509
44,6.599670016499175,52,car,40.274559020996094,106.84796905517578,121.99321746826172,184.7351837158203,0.3676610589027405
44,6.599670016499175,55,person,218.251220703125,190.26686096191406,279.0656433105469,274.71905517578125,0.37711647152900696
44,6.599670016499175,61,car,108.3002700805664,75.41213989257812,257.87908935546875,151.07110595703125,0.49822378158569336
44,6.599670016499175,66,car,95.6695556640625,60.66163635253906,228.3000946044922,96.69157409667969,0.3298150599002838
44,6.599670016499175,67,car,621.4424438476562,75.36052703857422,708.0343017578125,126.21660614013672,0.3193071782588959
45,6.749662516874157,1,car,596.3037719726562,125.45947265625,720.8191528320312,190.4518585205078,0.8354127407073975
45,6.749662516874157,2,car,808.8532104492188,167.68130493164062,923.4859008789062,243.25680541992188,0.8447431921958923
45,6.749662516874157,3,car,0.2689242959022522,172.1717529296875,251.5463104248047,333.31610107421875,0.7843430638313293
45,6.749662516874157,4,car,806.7998046875,251.67469787597656,959.809814453125,386.3936462402344,0.7551559805870056
45,6.749662516874157,6,car,935.0975952148438,399.0003967285156,959.75830078125,471.6326599121094,0.5482531189918518
45,6.749662516874157,7,car,832.1173706054688,113.6336669921875,929.8070678710938,166.2001190185547,0.5459136962890625
45,6.749662516874157,8,car,662.56103515625,158.91580200195312,827.9488525390625,231.237060546875,0.478545606136322
45,6.749662516874157,9,car,553.4138793945312,100.05609893798828,643.4142456054688,154.5204620361328,0.2721450626850128
45,6.749662516874157,13,car,489.8303527832031,79.5512466430664,584.0562744140625,127.3755111694336,0.4291743338108063
45,6.749662516874157,14,car,799.7870483398438,100.4813232421875,850.8172607421875,134.34307861328125,0.45178788900375366
45,6.749662516874157,42,car,744.05078125,136.19827270507812,859.25048828125,191.1838836669922,0.3985171616077423
45,6.749662516874157,52,car,40.786521911621094,107.7174072265625,121.67794036865234,184.6360321044922,0.37149038910865784
45,6.749662516874157,61,car,108.3036117553711,74.92671966552734,257.2897644042969,151.57275390625,0.3784383237361908
45,6.749662516874157,66,car,95.27381134033203,60.674068450927734,228.29678344726562,96.70807647705078,0.33019790053367615
45,6.749662516874157,67,car,621.4572143554688,75.42478942871094,708.028564453125,126.16903686523438,0.3003810942173004
46,6.899655017249137,1,car,596.3484497070312,125.4572525024414,720.7985229492188,190.43418884277344,0.8345734477043152
46,6.899655017249137,2,car,808.8579711914062,167.68121337890625,923.505126953125,243.29359436035156,0.8437874913215637
46,6.899655017249137,3,car,0.20410223305225372,171.55691528320312,256.9482421875,333.3030700683594,0.7823020815849304
46,6.899655017249137,4,car,806.7608032226562,251.5828857421875,959.8031616210938,386.36199951171875,0.7495415806770325
46,6.899655017249137,6,car,935.0875854492188,398.80413818359375,959.7452392578125,471.5384826660156,0.5305814146995544
46,6.899655017249137,7,car,832.1066284179688,113.63646697998047,929.3695678710938,166.18728637695312,0.5986999273300171
46,6.899655017249137,8,car,662.7037963867188,158.89341735839844,828.0918579101562,231.77456665039062,0.5027313828468323
46,6.899655017249137,12,car,145.04241943359375,45.21727752685547,209.0027313232422,66.37370300292969,0.25537747144699097
46,6.899655017249137,13,car,489.63116455078125,79.54998016357422,584.0935668945312,127.2992172241211,0.43252187967300415
46,6.899655017249137,14,car,799.7140502929688,100.72721862792969,850.5951538085938,134.2916259765625,0.47176435589790344
46,6.899655017249137,42,car,744.3947143554688,135.87387084960938,859.2750854492188,191.2108917236328,0.3989335298538208
46,6.899655017249137,52,car,40.903343200683594,107.8931884765625,122.14620208740234,184.64010620117188,0.37465617060661316
46,6.899655017249137,61,car,108.23039245605469,74.62957763671875,256.9206848144531,151.5413818359375,0.38691604137420654
46,6.899655017249137,66,car,95.24613952636719,60.678245544433594,228.3044891357422,96.75144958496094,0.3405887484550476
46,6.899655017249137,67,car,621.4737548828125,75.3833999633789,708.1826171875,126.05489349365234,0.30196094512939453
47,7.049647517624119,1,car,596.2764892578125,125.465576171875,720.1776123046875,190.40342712402344,0.8312829732894897
47,7.049647517624119,2,car,808.790771484375,167.74859619140625,923.4132080078125,243.2170867919922,0.8416339755058289
47,7.049647517624119,3,car,0.15811118483543396,171.00521850585938,258.9116516113281,334.5964050292969,0.7588629722595215
47,7.049647517624119,4,car,806.8081665039062,251.394775390625,959.8017578125,386.3155212402344,0.7391226887702942
47,7.049647517624119,6,car,935.0311279296875,398.9071960449219,959.743408203125,471.0307312011719,0.51677405834198
47,7.049647517624119,7,car,831.9197998046875,113.69267272949219,927.2451171875,165.7538299560547,0.610592246055603
47,7.049647517624119,8,car,662.9528198242188,159.0098419189453,829.4666137695312,231.98309326171875,0.5748153328895569
47,7.049647517624119,9,car,553.7785034179688,99.01589965820312,643.0556030273438,154.39352416992188,0.28104040026664734
47,7.049647517624119,13,car,490.95013427734375,79.72929382324219,585.103759765625,127.5754165649414,0.4494668245315552
47,7.049647517624119,14,car,799.5821533203125,101.12661743164062,850.1143188476562,134.2301788330078,0.442822128534317
47,7.049647517624119,42,car,747.4492797851562,136.3829345703125,859.361083984375,191.62478637695312,0.3314675986766815
47,7.049647517624119,52,car,37.23265075683594,107.40953826904297,121.66651153564453,186.00611877441406,0.38604170083999634
47,7.049647517624119,61,car,109.51110076904297,77.96691131591797,258.39886474609375,151.4101104736328,0.31547096371650696
47,7.049647517624119,66,car,94.86215209960938,60.73353576660156,227.85336303710938,96.97100067138672,0.35314470529556274
48,7.1996400179991005,1,car,596.2429809570312,125.49078369140625,719.9456787109375,190.40045166015625,0.8324399590492249
48,7.1996400179991005,2,car,808.7593383789062,167.77780151367188,923.3492431640625,243.1836700439453,0.8421375751495361
48,7.1996400179991005,3,car,0.27588608860969543,170.87295532226562,257.23040771484375,333.6771240234375,0.8101498484611511
48,7.1996400179991005,4,car,806.7799682617188,251.4278106689453,959.8001708984375,386.2500305175781,0.7411890625953674
48,7.1996400179991005,6,car,934.9716796875,398.77899169921875,959.7391357421875,470.932861328125,0.5129249095916748
48,7.1996400179991005,7,car,831.7833862304688,113.78288269042969,926.9934692382812,165.68576049804688,0.6699042916297913
48,7.1996400179991005,8,car,663.033203125,159.07383728027344,829.9710693359375,231.87887573242188,0.5277663469314575
48,7.1996400179991005,13,car,492.0024719238281,79.81769561767578,586.18798828125,127.67604064941406,0.4134901165962219
48,7.1996400179991005,14,car,799.8167724609375,101.09434509277344,849.8966064453125,134.18075561523438,0.49958205223083496
48,7.1996400179991005,25,car,393.51654052734375,37.994510650634766,438.25799560546875,64.90860748291016,0.25205308198928833
48,7.1996400179991005,42,car,748.673828125,136.55044555664062,859.4154052734375,191.72940063476562,0.3338543474674225
48,7.1996400179991005,52,car,36.50644302368164,107.29457092285156,121.40083312988281,186.19589233398438,0.38344433903694153
48,7.1996400179991005,61,car,110.55965423583984,79.950439453125,259.0101318359375,151.48477172851562,0.383800745010376
48,7.1996400179991005,66,car,94.72577667236328,60.794105529785156,227.70742797851562,96.95885467529297,0.31259477138519287
49,7.349632518374081,1,car,596.2647705078125,125.57979583740234,719.929931640625,190.39219665527344,0.8331207633018494
49,7.349632518374081,2,car,808.766357421875,167.7780303955078,923.32568359375,243.19515991210938,0.8428499102592468
49,7.349632518374081,3,car,0.3227052092552185,170.48611450195312,255.9592742919922,333.51385498046875,0.8098247051239014
49,7.349632518374081,4,car,806.9480590820312,251.55784606933594,959.80419921875,386.1764221191406,0.7472012042999268
49,7.349632518374081,6,car,934.9124755859375,398.75616455078125,959.7484741210938,470.95135498046875,0.5210185050964355
49,7.349632518374081,7,car,831.6660766601562,113.82292175292969,927.6592407226562,165.8407745361328,0.6766154170036316
49,7.349632518374081,8,car,663.1228637695312,159.18612670898438,830.479248046875,232.1504364013672,0.5797664523124695
49,7.349632518374081,13,car,492.79351806640625,79.83631896972656,588.43310546875,127.909423828125,0.3965480923652649
49,7.349632518374081,14,car,799.6029663085938,101.33842468261719,849.6477661132812,134.14480590820312,0.4528152048587799
49,7.349632518374081,25,car,393.52581787109375,37.99305725097656,438.40606689453125,64.91783905029297,0.26412102580070496
49,7.349632518374081,42,car,749.1778564453125,136.63699340820312,859.4085083007812,191.83885192871094,0.34333959221839905
49,7.349632518374081,52,car,37.42453384399414,107.10803985595703,121.7256088256836,185.79661560058594,0.37450268864631653
49,7.349632518374081,61,car,109.80613708496094,77.48970031738281,258.29852294921875,151.81649780273438,0.39123648405075073
49,7.349632518374081,66,car,94.7560043334961,60.82741928100586,226.2855682373047,96.82768249511719,0.2662751078605652
50,7.499625018749063,1,car,596.2748413085938,125.5765380859375,720.0465087890625,190.39288330078125,0.8313423991203308
50,7.499625018749063,2,car,808.7601928710938,167.78585815429688,923.3109741210938,243.1516876220703,0.8425956964492798
50,7.499625018749063,3,car,0.3382079005241394,169.67153930664062,253.1009979248047,333.42010498046875,0.7923879027366638
50,7.499625018749063,4,car,806.9310302734375,251.5963592529297,959.8126831054688,386.180419921875,0.7432613372802734
50,7.499625018749063,6,car,934.91650390625,399.0343017578125,959.751953125,471.09124755859375,0.48993268609046936
50,7.499625018749063,7,car,831.6735229492188,113.40522003173828,927.6708984375,165.86087036132812,0.6780105829238892
50,7.499625018749063,8,car,663.1764526367188,159.31179809570312,830.5989990234375,232.14808654785156,0.6259990334510803
50,7.499625018749063,13,car,492.8340148925781,80.14896392822266,588.7994384765625,127.90345001220703,0.40896856784820557
50,7.499625018749063,14,car,799.4981689453125,101.42903900146484,849.9052734375,134.10964965820312,0.39474400877952576
50,7.499625018749063,25,car,393.544921875,38.037933349609375,438.4635925292969,64.90019226074219,0.267599880695343
50,7.499625018749063,42,car,749.3031005859375,136.68820190429688,859.430419921875,191.72828674316406,0.32715585827827454
50,7.499625018749063,52,car,36.58731460571289,107.21833038330078,121.78244018554688,186.14039611816406,0.38247150182724
50,7.499625018749063,55,person,210.0796356201172,194.52090454101562,273.54400634765625,270.6360778808594,0.2937019467353821
50,7.499625018749063,61,car,110.50183868408203,79.57060241699219,259.3705749511719,151.23915100097656,0.35301095247268677
50,7.499625018749063,66,car,94.79511260986328,60.8845100402832,225.8055877685547,96.84979248046875,0.2664511203765869
51,7.649617519124044,1,car,596.3153076171875,125.5311508178711,720.0000610351562,190.371337890625,0.8345608115196228
51,7.649617519124044,2,car,808.7552490234375,167.77542114257812,923.3215942382812,243.0787353515625,0.8415648341178894
51,7.649617519124044,3,car,0.36668625473976135,169.28668212890625,253.7570343017578,333.9043273925781,0.8096194267272949
51,7.649617519124044,4,car,806.8948364257812,251.44033813476562,959.7996826171875,386.1442565917969,0.7461106181144714
51,7.649617519124044,6,car,934.5689697265625,399.0558166503906,959.7404174804688,470.9052734375,0.5169159770011902
51,7.649617519124044,7,car,831.6868286132812,113.19483184814453,927.453125,165.73777770996094,0.675240695476532
51,7.649617519124044,8,car,663.1712646484375,159.29391479492188,829.9479370117188,231.82247924804688,0.5673503279685974
51,7.649617519124044,9,car,554.1961059570312,98.85088348388672,644.3831787109375,154.7500457763672,0.2560673952102661
51,7.649617519124044,13,car,492.1943054199219,80.14478302001953,586.9093017578125,127.66761016845703,0.43966251611709595
51,7.649617519124044,14,car,799.355224609375,101.08307647705078,849.6271362304688,134.12506103515625,0.42402008175849915
51,7.649617519124044,25,car,393.6526184082031,38.06679153442383,438.40411376953125,64.90682983398438,0.2571862041950226
51,7.649617519124044,42,car,748.8447265625,136.67257690429688,859.438720703125,191.6918182373047,0.3156736493110657
51,7.649617519124044,52,car,36.18719482421875,107.13201904296875,121.58399200439453,186.2233428955078,0.37637799978256226
51,7.649617519124044,55,person,209.77113342285156,190.4906463623047,272.9951477050781,270.5807800292969,0.279367059469223
51,7.649617519124044,61,car,110.76443481445312,76.42218780517578,259.2598876953125,151.3342742919922,0.3770630657672882
51,7.649617519124044,66,car,94.92334747314453,60.92692565917969,225.3212127685547,96.99748992919922,0.2549600601196289
52,7.799610019499025,1,car,596.4344482421875,125.50819396972656,719.921630859375,190.35997009277344,0.8336642980575562
52,7.799610019499025,2,car,808.7655639648438,167.7834014892578,923.4617919921875,243.0981903076172,0.8407121896743774
52,7.799610019499025,3,car,0.24610547721385956,169.0045623779297,258.37115478515625,334.648681640625,0.7790672183036804
52,7.799610019499025,4,car,806.8112182617188,251.56715393066406,959.8052368164062,386.0738830566406,0.7412678003311157
52,7.799610019499025,6,car,934.7523803710938,399.1712646484375,959.7421264648438,470.9482116699219,0.4360027015209198
52,7.799610019499025,7,car,831.7195434570312,113.04694366455078,926.8917236328125,165.53836059570312,0.6831805109977722
52,7.799610019499025,8,car,663.41357421875,159.28741455078125,830.309814453125,232.24171447753906,0.5203278064727783
52,7.799610019499025,9,car,554.2393798828125,98.7612075805664,644.443603515625,154.87977600097656,0.2566591799259186
52,7.799610019499025,11,car,779.806884765625,135.39752197265625,858.8744506835938,171.13076782226562,0.25033390522003174
52,7.799610019499025,13,car,492.1882019042969,80.36756896972656,585.6460571289062,127.62625122070312,0.4238799512386322
52,7.799610019499025,14,car,799.26611328125,100.84860229492188,848.4136962890625,134.14044189453125,0.4330321252346039
52,7.799610019499025,42,car,736.5755004882812,136.37158203125,859.197998046875,192.01223754882812,0.3476225435733795
52,7.799610019499025,52,car,37.09056854248047,106.8232421875,121.65245819091797,186.19842529296875,0.36797940731048584
52,7.799610019499025,61,car,111.93260955810547,80.60977172851562,260.2065124511719,151.24502563476562,0.3516416847705841
52,7.799610019499025,66,car,94.88719940185547,60.94172668457031,225.46157836914062,97.2806396484375,0.29113513231277466
53,7.949602519874007,1,car,596.5673828125,125.49342346191406,719.7353515625,190.3435821533203,0.8367085456848145
53,7.949602519874007,2,car,808.7437133789062,167.780029296875,923.5862426757812,243.09176635742188,0.839850664138794
53,7.949602519874007,3,car,0.29563310742378235,168.67901611328125,262.4913635253906,335.1518859863281,0.7485032081604004
53,7.949602519874007,4,car,806.7830200195312,251.47401428222656,959.8082275390625,386.0687255859375,0.7380979061126709
53,7.949602519874007,6,car,934.9335327148438,399.2575988769531,959.7408447265625,471.111572265625,0.45194756984710693
53,7.949602519874007,7,car,831.7987060546875,113.08984375,926.4114379882812,165.52134704589844,0.6046385765075684
53,7.949602519874007,8,car,663.5994262695312,159.2034912109375,830.80078125,232.8151397705078,0.475103497505188
53,7.949602519874007,13,car,492.4685974121094,80.6983413696289,585.413330078125,127.70433044433594,0.4211292266845703
53,7.949602519874007,14,car,799.2930297851562,100.23175811767578,848.4609375,134.0254669189453,0.3623022139072418
53,7.949602519874007,42,car,733.721923828125,136.79898071289062,859.0633544921875,192.14454650878906,0.2858945429325104
53,7.949602519874007,52,car,37.89256286621094,106.52369689941406,121.58168029785156,186.06280517578125,0.36902692914009094
53,7.949602519874007,61,car,112.4661636352539,81.92129516601562,260.48876953125,151.1792449951172,0.3695215582847595
53,7.949602519874007,66,car,95.07193756103516,61.11106491088867,225.98626708984375,97.43836212158203,0.2603139877319336
54,8.099595020248987,1,car,596.5635986328125,125.51512145996094,719.3716430664062,190.30712890625,0.8416846394538879
54,8.099595020248987,2,car,808.6296997070312,167.850830078125,923.8828125,242.97842407226562,0.8310489654541016
54,8.099595020248987,3,car,0.3522801399230957,168.7075653076172,252.9581756591797,334.3473815917969,0.8158484101295471
54,8.099595020248987,4,car,806.7518310546875,251.2257537841797,959.8043212890625,386.02947998046875,0.7322230339050293
54,8.099595020248987,6,car,935.0061645507812,399.63067626953125,959.7305297851562,470.89532470703125,0.5125093460083008
54,8.099595020248987,7,car,831.6031494140625,113.01177215576172,927.0205078125,165.66929626464844,0.6124252676963806
54,8.099595020248987,8,car,663.5025634765625,159.0988006591797,831.3223266601562,232.87754821777344,0.4943189322948456
54,8.099595020248987,13,car,492.6380615234375,81.31260681152344,585.9608154296875,127.73311614990234,0.40445148944854736
54,8.099595020248987,14,car,799.4354858398438,100.46102142333984,848.8152465820312,133.91696166992188,0.3759145438671112
54,8.099595020248987,42,car,744.6312866210938,136.9139404296875,859.4223022460938,191.9091796875,0.2910598814487457
54,8.099595020248987,52,car,38.96308517456055,106.62283325195312,121.5208969116211,185.55955505371094,0.38045912981033325
54,8.099595020248987,55,person,207.80914306640625,186.76394653320312,272.53826904296875,270.4282531738281,0.4231431484222412
54,8.099595020248987,61,car,112.00784301757812,76.735107421875,258.8648681640625,150.93516540527344,0.32766419649124146
55,8.249587520623969,1,car,596.5112915039062,125.57111358642578,718.8834838867188,190.3035125732422,0.8451955318450928
55,8.249587520623969,2,car,808.5028076171875,167.9360809326172,924.4588623046875,243.06405639648438,0.8175456523895264
55,8.249587520623969,3,car,0.3572339713573456,168.23983764648438,254.09902954101562,334.4756164550781,0.7646819949150085
55,8.249587520623969,4,car,806.7826538085938,250.73828125,959.8276977539062,386.0439758300781,0.7496705055236816
55,8.249587520623969,6,car,934.9558715820312,399.6376037597656,959.7390747070312,470.6849365234375,0.5229783058166504
55,8.249587520623969,7,car,831.5260009765625,112.76665496826172,927.0191040039062,165.60218811035156,0.6495825052261353
55,8.249587520623969,8,car,663.1905517578125,159.0400390625,830.6928100585938,232.35879516601562,0.5069348216056824
55,8.249587520623969,13,car,493.2507019042969,81.71556091308594,586.1815185546875,127.75933074951172,0.3802260458469391
55,8.249587520623969,14,car,799.4220581054688,100.62151336669922,848.7160034179688,133.8876190185547,0.36969098448753357
55,8.249587520623969,42,car,749.2605590820312,136.82347106933594,859.6158447265625,191.85601806640625,0.284891813993454
55,8.249587520623969,52,car,39.166900634765625,106.9375228881836,121.48736572265625,185.3188934326172,0.3924376666545868
55,8.249587520623969,55,person,207.3221893310547,183.61764526367188,272.966552734375,270.71722412109375,0.3060562312602997
55,8.249587520623969,61,car,112.08539581298828,75.90118408203125,258.6604919433594,151.00146484375,0.37552013993263245
56,8.39958002099895,1,car,596.5186157226562,125.7668685913086,718.7786254882812,190.28799438476562,0.8326184749603271
56,8.39958002099895,2,car,808.44873046875,167.96612548828125,924.6030883789062,243.0769500732422,0.8203940391540527
56,8.39958002099895,3,car,0.3654846251010895,167.57696533203125,253.7779083251953,334.18780517578125,0.7721154093742371
56,8.39958002099895,4,car,806.8462524414062,250.7584686279297,959.831298828125,386.01715087890625,0.7550784945487976
56,8.39958002099895,6,car,934.928466796875,399.6193542480469,959.7455444335938,470.62841796875,0.5175943374633789
56,8.39958002099895,7,car,831.4806518554688,112.8025894165039,926.3310546875,165.43040466308594,0.6452661752700806
56,8.39958002099895,8,car,663.0385131835938,159.01602172851562,830.07177734375,231.81643676757812,0.5024462938308716
56,8.39958002099895,13,car,493.5833435058594,82.1659927368164,585.3803100585938,127.69717407226562,0.35628741979599
56,8.39958002099895,14,car,799.4152221679688,100.7339859008789,848.8909301757812,133.83544921875,0.34607142210006714
56,8.39958002099895,42,car,750.9962158203125,136.6643524169922,859.7098999023438,191.8505401611328,0.2914287745952606
56,8.39958002099895,52,car,38.77122116088867,107.1568603515625,121.38374328613281,185.27488708496094,0.4070070683956146
56,8.39958002099895,55,person,207.68858337402344,182.8192596435547,272.8396911621094,270.6575622558594,0.2526405453681946
56,8.39958002099895,61,car,112.9963607788086,80.06957244873047,259.5331726074219,150.60044860839844,0.4689931273460388
57,8.549572521373932,1,car,596.5560913085938,125.85863494873047,718.7665405273438,190.28610229492188,0.8367234468460083
57,8.549572521373932,2,car,808.4437255859375,167.9813995361328,924.6177978515625,243.13922119140625,0.821139931678772
57,8.549572521373932,3,car,0.5281100273132324,167.41006469726562,275.07940673828125,334.1318054199219,0.534360408782959
57,8.549572521373932,4,car,806.8619384765625,250.43310546875,959.834716796875,386.0694885253906,0.7609149813652039
57,8.549572521373932,6,car,934.9382934570312,399.74041748046875,959.7444458007812,470.6743469238281,0.5118476748466492
57,8.549572521373932,7,car,831.4925537109375,112.730224609375,925.8873291015625,165.25259399414062,0.6707562804222107
57,8.549572521373932,8,car,663.0027465820312,159.00689697265625,829.7966918945312,231.6894989013672,0.5182904601097107
57,8.549572521373932,13,car,493.6531066894531,82.04463958740234,585.3900756835938,127.78388214111328,0.3751072883605957
57,8.549572521373932,14,car,799.6994018554688,100.4564437866211,848.093017578125,133.95298767089844,0.4293456971645355
57,8.549572521373932,42,car,751.6452026367188,136.61746215820312,859.759033203125,191.95681762695312,0.30038461089134216
57,8.549572521373932,52,car,38.409053802490234,107.18766784667969,121.38361358642578,185.3697052001953,0.4114189147949219
57,8.549572521373932,61,car,113.46212768554688,81.39460754394531,260.0766906738281,150.60690307617188,0.5001257658004761
58,8.699565021748914,1,car,596.5844116210938,125.87416076660156,718.6919555664062,190.290283203125,0.8361029028892517
58,8.699565021748914,2,car,808.4669189453125,167.99151611328125,924.6397094726562,243.1995849609375,0.8203395009040833
58,8.699565021748914,3,car,0.44423195719718933,167.60304260253906,253.44932556152344,333.8743591308594,0.8531085848808289
58,8.699565021748914,4,car,806.8710327148438,250.1726837158203,959.8284912109375,386.0587463378906,0.7634922862052917
58,8.699565021748914,6,car,934.9261474609375,399.810546875,959.7447509765625,470.73419189453125,0.5283793210983276
58,8.699565021748914,7,car,831.5533447265625,112.66207885742188,925.2091674804688,165.12548828125,0.6576170325279236
58,8.699565021748914,8,car,663.277587890625,158.97496032714844,830.5668334960938,232.72982788085938,0.46904757618904114
58,8.699565021748914,9,car,554.8551635742188,98.1607894897461,644.1929931640625,155.46939086914062,0.2689164876937866
58,8.699565021748914,13,car,494.3525695800781,81.82200622558594,585.5899047851562,128.10873413085938,0.39235660433769226
58,8.699565021748914,14,car,799.456298828125,101.05058288574219,847.46533203125,134.03704833984375,0.3883585035800934
58,8.699565021748914,42,car,751.8341064453125,136.54388427734375,859.7691650390625,191.88780212402344,0.3291768729686737
58,8.699565021748914,52,car,38.27835464477539,107.20036315917969,121.45391082763672,185.39239501953125,0.41215115785598755
58,8.699565021748914,55,person,228.66091918945312,189.08157348632812,273.2245178222656,270.4975280761719,0.4771842062473297
58,8.699565021748914,61,car,113.78643798828125,82.62773895263672,259.9808654785156,150.5178680419922,0.5050323605537415
59,8.849557522123893,1,car,596.6104736328125,125.8689956665039,718.6680297851562,190.29978942871094,0.8320378661155701
59,8.849557522123893,2,car,808.47998046875,168.0042724609375,924.5213623046875,243.18910217285156,0.8245411515235901
59,8.849557522123893,3,car,0.5765953660011292,168.04486083984375,265.8298034667969,334.05181884765625,0.697928786277771
59,8.849557522123893,4,car,806.899658203125,249.87872314453125,959.893310546875,385.9949035644531,0.7582058310508728
59,8.849557522123893,6,car,934.8848876953125,399.9682312011719,959.7307739257812,470.6817932128906,0.5185250043869019
59,8.849557522123893,7,car,831.5762329101562,112.69171905517578,925.6255493164062,165.20169067382812,0.6420095562934875
59,8.849557522123893,8,car,663.1856689453125,159.00816345214844,829.5377197265625,232.04006958007812,0.4705642759799957
59,8.849557522123893,13,car,494.614990234375,81.6218490600586,585.9630737304688,128.22314453125,0.37846076488494873
59,8.849557522123893,14,car,799.7779541015625,100.84247589111328,848.4794311523438,134.063232421875,0.42620110511779785
59,8.849557522123893,42,car,752.098388671875,136.5854949951172,859.7484741210938,191.901611328125,0.3305904269218445
59,8.849557522123893,52,car,38.13578796386719,107.16947174072266,121.43362426757812,185.5370635986328,0.4001465141773224
59,8.849557522123893,61,car,114.02294921875,82.93672180175781,260.4765625,150.55030822753906,0.5120922923088074
60,8.999550022498875,1,car,596.5769653320312,125.81465148925781,718.614501953125,190.3066864013672,0.828847348690033
60,8.999550022498875,2,car,808.4387817382812,167.9956512451172,924.4388427734375,243.26283264160156,0.8269389271736145
60,8.999550022498875,3,car,0.4604247808456421,167.9798583984375,251.0162811279297,333.77801513671875,0.8227502107620239
60,8.999550022498875,4,car,806.8948364257812,250.54734802246094,959.85595703125,386.03582763671875,0.7605438828468323
60,8.999550022498875,6,car,934.8834228515625,399.9169616699219,959.7430419921875,470.5570983886719,0.5243090391159058
60,8.999550022498875,7,car,831.6006469726562,112.55773162841797,926.3655395507812,165.30950927734375,0.6148545145988464
60,8.999550022498875,8,car,663.2777099609375,159.07603454589844,829.7606811523438,232.3357391357422,0.43511927127838135
60,8.999550022498875,9,car,553.4161376953125,99.0789566040039,644.1095581054688,155.36183166503906,0.3239620327949524
60,8.999550022498875,10,car,74.94617462158203,144.01632690429688,169.1110076904297,185.49986267089844,0.3924381136894226
60,8.999550022498875,13,car,495.843017578125,80.53267669677734,584.1368408203125,127.86204528808594,0.3616071045398712
60,8.999550022498875,14,car,799.7708740234375,101.40892028808594,848.7694702148438,133.90121459960938,0.37258031964302063
60,8.999550022498875,42,car,752.1689453125,136.55825805664062,859.747802734375,191.8662567138672,0.3211495876312256
60,8.999550022498875,52,car,36.676387786865234,106.93660736083984,121.51188659667969,185.7381134033203,0.41466063261032104
60,8.999550022498875,61,car,113.88497924804688,82.20964813232422,260.590087890625,150.56724548339844,0.5231454372406006
61,9.149542522873856,1,car,596.5610961914062,125.80157470703125,718.6278686523438,190.30397033691406,0.8305017352104187
61,9.149542522873856,2,car,808.3975219726562,167.9862060546875,924.2651977539062,243.11801147460938,0.827567458152771
61,9.149542522873856,3,car,0.8366239666938782,168.18328857421875,242.83436584472656,333.9195861816406,0.8329728245735168
61,9.149542522873856,4,car,806.871337890625,250.81521606445312,959.8373413085938,386.112548828125,0.773784875869751
61,9.149542522873856,6,car,934.8656616210938,399.8463439941406,959.7489013671875,470.4986877441406,0.5284548401832581
61,9.149542522873856,7,car,831.5994873046875,112.68533325195312,926.5057983398438,165.28787231445312,0.6288381814956665
61,9.149542522873856,8,car,663.337646484375,159.15553283691406,829.5886840820312,232.59695434570312,0.49246111512184143
61,9.149542522873856,9,car,552.7676391601562,99.11984252929688,643.8819580078125,155.3522186279297,0.30952754616737366
61,9.149542522873856,10,car,75.09283447265625,144.0083770751953,169.22708129882812,185.5351104736328,0.4168170392513275
61,9.149542522873856,13,car,495.63153076171875,79.89805603027344,583.2423706054688,127.63217163085938,0.3609672784805298
61,9.149542522873856,14,car,799.9608154296875,101.29273986816406,848.2113037109375,134.0072021484375,0.4117850065231323
61,9.149542522873856,42,car,752.9547729492188,136.46078491210938,859.7855224609375,191.737548828125,0.28186219930648804
61,9.149542522873856,52,car,37.045352935791016,107.00138092041016,121.5147705078125,185.60423278808594,0.4208694398403168
61,9.149542522873856,61,car,113.87286376953125,82.09102630615234,260.8597717285156,150.6333770751953,0.5757629871368408
61,9.149542522873856,67,car,621.174560546875,75.8497314453125,708.499267578125,125.17237854003906,0.2642943859100342
62,9.299535023248838,1,car,596.5546875,125.7984848022461,718.9194946289062,190.31117248535156,0.833595871925354
62,9.299535023248838,2,car,808.3744506835938,167.98277282714844,924.1325073242188,243.11097717285156,0.8304824829101562
62,9.299535023248838,3,car,0.5113712549209595,167.95004272460938,242.40426635742188,333.6116943359375,0.6999212503433228
62,9.299535023248838,4,car,806.859375,250.92391967773438,959.8340454101562,386.1031188964844,0.7786772847175598
62,9.299535023248838,6,car,934.852294921875,399.337890625,959.7474365234375,470.5262451171875,0.5321097373962402
62,9.299535023248838,7,car,831.6105346679688,112.6606674194336,926.4383544921875,165.2596435546875,0.6003525853157043
62,9.299535023248838,8,car,663.2420043945312,159.23663330078125,831.3763427734375,233.58485412597656,0.25614452362060547
62,9.299535023248838,9,car,552.620361328125,99.02464294433594,643.798583984375,155.26588439941406,0.2979525625705719
62,9.299535023248838,10,car,75.09583282470703,143.91921997070312,169.19317626953125,185.46530151367188,0.4223793148994446
62,9.299535023248838,13,car,495.1676940917969,79.6405258178711,583.128173828125,127.77474975585938,0.38044095039367676
62,9.299535023248838,14,car,799.7130126953125,101.66650390625,848.2589111328125,133.8645782470703,0.3324245810508728
62,9.299535023248838,42,car,753.3612670898438,136.44540405273438,859.8080444335938,191.67721557617188,0.2606225311756134
62,9.299535023248838,52,car,37.391456604003906,107.02029418945312,121.44476318359375,185.38731384277344,0.4209771454334259
62,9.299535023248838,61,car,114.22007751464844,83.11906433105469,260.8930358886719,150.637939453125,0.5317800045013428
62,9.299535023248838,67,car,621.2036743164062,76.0093994140625,708.3870849609375,125.15628814697266,0.2574937641620636
63,9.44952752362382,1,car,596.5962524414062,125.72564697265625,718.8632202148438,190.3475799560547,0.8360000252723694
63,9.44952752362382,2,car,808.36181640625,167.97589111328125,924.092041015625,243.14744567871094,0.831087052822113
63,9.44952752362382,3,car,0.4580059349536896,167.89805603027344,240.54014587402344,333.77044677734375,0.8338761925697327
63,9.44952752362382,4,car,806.8331909179688,250.93026733398438,959.8410034179688,386.0859069824219,0.7806773781776428
63,9.44952752362382,6,car,934.8654174804688,399.20526123046875,959.7586059570312,470.54449462890625,0.5319411158561707
63,9.44952752362382,7,car,831.6087036132812,112.76484680175781,925.4087524414062,165.06773376464844,0.6331421732902527
63,9.44952752362382,8,car,663.388916015625,159.36163330078125,828.821044921875,231.26451110839844,0.25393742322921753
63,9.44952752362382,9,car,552.37939453125,98.83963775634766,643.794677734375,155.12738037109375,0.30029892921447754
63,9.44952752362382,10,car,74.85215759277344,143.8868408203125,169.11624145507812,185.05789184570312,0.3375775218009949
63,9.44952752362382,13,car,495.4325866699219,79.50352478027344,583.1386108398438,127.90699768066406,0.3864201605319977
63,9.44952752362382,14,car,799.5484619140625,101.80606842041016,848.5557861328125,133.79867553710938,0.3752744197845459
63,9.44952752362382,42,car,753.5944213867188,136.51864624023438,859.7872924804688,191.7454376220703,0.28614673018455505
63,9.44952752362382,52,car,37.9327392578125,107.14695739746094,121.49461364746094,185.35719299316406,0.41111502051353455
63,9.44952752362382,61,car,114.12164306640625,81.9206314086914,260.5967712402344,150.86248779296875,0.4769344925880432
63,9.44952752362382,67,car,621.2703857421875,76.10245513916016,708.307861328125,125.1661148071289,0.2638307809829712
64,9.5995200239988,1,car,596.5624389648438,125.81158447265625,718.7894897460938,190.33291625976562,0.8337963819503784
64,9.5995200239988,2,car,808.3601684570312,167.92398071289062,924.10009765625,243.22442626953125,0.8257259130477905
64,9.5995200239988,3,car,0.3505268394947052,167.88626098632812,244.84190368652344,333.8141784667969,0.7503703236579895
64,9.5995200239988,4,car,806.8362426757812,250.99642944335938,959.8365478515625,386.03997802734375,0.779836118221283
64,9.5995200239988,6,car,934.9104614257812,399.2460021972656,959.7572021484375,470.61297607421875,0.5292993783950806
64,9.5995200239988,7,car,831.3832397460938,112.7986068725586,925.7283935546875,165.10931396484375,0.6031501293182373
64,9.5995200239988,8,car,663.38720703125,159.3894805908203,827.8975219726562,230.51202392578125,0.28134089708328247
64,9.5995200239988,9,car,552.3355102539062,98.93477630615234,643.809814453125,155.13282775878906,0.3150557279586792
64,9.5995200239988,10,car,74.80880737304688,144.00613403320312,168.99465942382812,184.92930603027344,0.3007342517375946
64,9.5995200239988,13,car,495.734375,79.64899444580078,583.2272338867188,128.31423950195312,0.39325016736984253
64,9.5995200239988,14,car,799.531005859375,101.74571990966797,848.45361328125,133.70578002929688,0.33343592286109924
64,9.5995200239988,42,car,753.4259643554688,136.5476531982422,859.7679443359375,192.0115966796875,0.2763236463069916
64,9.5995200239988,52,car,37.37739944458008,107.10608673095703,121.42659759521484,185.74365234375,0.40861743688583374
64,9.5995200239988,61,car,114.21739959716797,83.14102172851562,261.0444030761719,150.79249572753906,0.5240384936332703
64,9.5995200239988,67,car,621.323974609375,76.01433563232422,708.2911987304688,125.18047332763672,0.25040003657341003
65,9.749512524373781,1,car,596.5515747070312,125.80816650390625,718.7586059570312,190.3214111328125,0.8333353996276855
65,9.749512524373781,2,car,808.3661499023438,167.83534240722656,924.0469360351562,243.23861694335938,0.8247212767601013
65,9.749512524373781,3,car,0.36020171642303467,167.4936981201172,244.80752563476562,333.9670104980469,0.8340733051300049
65,9.749512524373781,4,car,806.7918701171875,250.953125,959.8153686523438,385.97344970703125,0.7841416597366333
65,9.749512524373781,6,car,934.9297485351562,399.2059631347656,959.73828125,470.5787353515625,0.5221378207206726
65,9.749512524373781,7,car,831.306884765625,112.78800201416016,925.412841796875,165.0926971435547,0.5986663699150085
65,9.749512524373781,8,car,663.3856201171875,159.3858642578125,827.6993408203125,230.1203155517578,0.2624576687812805
65,9.749512524373781,9,car,552.9639892578125,98.96017456054688,643.7221069335938,155.12738037109375,0.29196038842201233
65,9.749512524373781,10,car,74.69818115234375,144.04800415039062,168.97567749023438,184.9512176513672,0.2897091209888458
65,9.749512524373781,13,car,495.6304931640625,79.65746307373047,583.2717895507812,128.42657470703125,0.4035426378250122
65,9.749512524373781,14,car,799.478515625,101.72455596923828,848.44921875,133.66778564453125,0.33420249819755554
65,9.749512524373781,42,car,753.6276245117188,136.51524353027344,859.81787109375,192.12542724609375,0.25232988595962524
65,9.749512524373781,52,car,36.86012268066406,107.09789276123047,121.44113159179688,186.02096557617188,0.4226767122745514
65,9.749512524373781,61,car,114.1705322265625,83.57804870605469,261.3490905761719,150.66567993164062,0.5775852799415588
65,9.749512524373781,67,car,621.316650390625,75.8436050415039,708.3591918945312,125.19058990478516,0.2598704993724823
66,9.899505024748763,1,car,596.5324096679688,125.8007583618164,718.7568359375,190.32122802734375,0.8353278040885925
66,9.899505024748763,2,car,808.3599853515625,167.8075714111328,924.008056640625,243.23228454589844,0.8265886306762695
66,9.899505024748763,3,car,0.33036375045776367,167.1962890625,242.0460968017578,334.1123046875,0.8414151072502136
66,9.899505024748763,4,car,806.7796020507812,250.9183349609375,959.8208618164062,385.9482116699219,0.7860183715820312
66,9.899505024748763,6,car,934.941162109375,399.1873474121094,959.753173828125,470.6025695800781,0.5200201272964478
66,9.899505024748763,7,car,831.268798828125,112.80769348144531,925.6723022460938,165.07521057128906,0.6231640577316284
66,9.899505024748763,8,car,663.3493041992188,159.3881378173828,827.5675048828125,229.96255493164062,0.26242825388908386
66,9.899505024748763,9,car,553.0010986328125,99.08883666992188,643.7320556640625,154.9805908203125,0.29975414276123047
66,9.899505024748763,10,car,74.6769027709961,144.13438415527344,168.95022583007812,185.00453186035156,0.2730010747909546
66,9.899505024748763,13,car,494.8921813964844,79.47710418701172,583.3367309570312,128.37628173828125,0.410963237285614
66,9.899505024748763,14,car,799.4961547851562,101.7862548828125,848.3167114257812,133.6566619873047,0.3121000826358795
66,9.899505024748763,42,car,753.7024536132812,136.38282775878906,859.8436279296875,192.1979217529297,0.25370216369628906
66,9.899505024748763,52,car,36.550758361816406,107.16268920898438,121.32762908935547,186.21200561523438,0.42273885011672974
66,9.899505024748763,61,car,114.30120086669922,84.77365112304688,261.65985107421875,150.57080078125,0.6026022434234619
66,9.899505024748763,67,car,621.3405151367188,75.7975082397461,708.3284301757812,125.27469635009766,0.25271591544151306
67,10.049497525123744,1,car,596.5693359375,125.73921203613281,718.7711791992188,190.37054443359375,0.8318644165992737
67,10.049497525123744,2,car,808.3719482421875,167.81581115722656,924.0440673828125,243.2507781982422,0.825502872467041
67,10.049497525123744,3,car,0.32566314935684204,166.8310089111328,246.75088500976562,334.135009765625,0.803485095500946
67,10.049497525123744,4,car,806.7675170898438,250.9371795654297,959.8345336914062,386.00390625,0.7852751016616821
67,10.049497525123744,6,car,934.9226684570312,399.3269958496094,959.7648315429688,470.6416320800781,0.5315507650375366
67,10.049497525123744,7,car,831.2709350585938,112.76515197753906,926.1106567382812,165.1238250732422,0.6324182748794556
67,10.049497525123744,10,car,74.68475341796875,144.1325225830078,168.98353576660156,184.9995880126953,0.3115675747394562
67,10.049497525123744,13,car,494.558349609375,79.38673400878906,583.540283203125,127.87913513183594,0.40397390723228455
67,10.049497525123744,14,car,799.4788208007812,101.74458312988281,848.318359375,133.66567993164062,0.2897973358631134
67,10.049497525123744,42,car,753.6477661132812,136.3300018310547,859.8372802734375,192.26498413085938,0.25594425201416016
67,10.049497525123744,52,car,36.50788879394531,107.1009292602539,121.37120056152344,186.2438507080078,0.4272840917110443
67,10.049497525123744,61,car,113.9622802734375,83.2665786743164,261.32147216796875,150.5281524658203,0.6306993365287781
67,10.049497525123744,67,car,621.3451538085938,75.75196075439453,708.340087890625,125.21227264404297,0.2842661142349243
67,10.049497525123744,78,car,268.0370788574219,24.18890380859375,319.02313232421875,66.55323028564453,0.385120689868927
68,10.199490025498726,1,car,596.6207275390625,125.70301055908203,718.8004760742188,190.37008666992188,0.8327500820159912
68,10.199490025498726,2,car,808.3722534179688,167.7838897705078,924.0756225585938,243.25230407714844,0.824634313583374
68,10.199490025498726,3,car,0.294028103351593,166.31190490722656,242.9990997314453,334.078125,0.83317631483078
68,10.199490025498726,4,car,806.7955932617188,250.94944763183594,959.8296508789062,386.0180969238281,0.7796631455421448
68,10.199490025498726,6,car,934.9110717773438,399.35076904296875,959.7523803710938,470.6676940917969,0.5103896260261536
68,10.199490025498726,7,car,831.3111572265625,112.61177825927734,926.677734375,165.29396057128906,0.615058183670044
68,10.199490025498726,9,car,540.271728515625,98.19253540039062,641.5347900390625,149.8541717529297,0.27653348445892334
68,10.199490025498726,10,car,74.71330261230469,144.1360321044922,168.95428466796875,184.99790954589844,0.268062561750412
68,10.199490025498726,13,car,494.9143981933594,79.74725341796875,583.5983276367188,127.79824829101562,0.39838331937789917
68,10.199490025498726,14,car,799.3963623046875,101.68048095703125,848.2930297851562,133.67816162109375,0.3372271955013275
68,10.199490025498726,42,car,753.5633544921875,136.292236328125,859.8386840820312,192.3837127685547,0.2578384280204773
68,10.199490025498726,52,car,36.430171966552734,106.93325805664062,121.32534790039062,186.306640625,0.4145144522190094
68,10.199490025498726,61,car,113.88778686523438,83.02313995361328,262.0962829589844,150.41665649414062,0.5835752487182617
68,10.199490025498726,67,car,621.2880859375,75.60171508789062,708.3326416015625,125.25881958007812,0.284753680229187
68,10.199490025498726,78,car,268.5303649902344,26.827194213867188,321.8796081542969,68.82124328613281,0.3910974860191345
69,10.349482525873707,1,car,596.6881103515625,125.63170623779297,718.8191528320312,190.35398864746094,0.8338939547538757
69,10.349482525873707,2,car,808.35986328125,167.77578735351562,924.0311889648438,243.21633911132812,0.8258615136146545
69,10.349482525873707,3,car,0.34432652592658997,166.38232421875,240.7357177734375,334.2403259277344,0.8473366498947144
69,10.349482525873707,4,car,806.8236694335938,250.97872924804688,959.8068237304688,386.05816650390625,0.783279299736023
69,10.349482525873707,6,car,934.9317626953125,399.3180847167969,959.7298583984375,470.6562805175781,0.5099444389343262
69,10.349482525873707,7,car,831.3118286132812,112.52706146240234,926.990478515625,165.40704345703125,0.6154417991638184
69,10.349482525873707,9,car,537.3522338867188,97.9769287109375,641.13720703125,148.68890380859375,0.25188782811164856
69,10.349482525873707,10,car,74.6593246459961,144.0625762939453,168.91275024414062,184.9932098388672,0.2645922899246216
69,10.349482525873707,13,car,496.23748779296875,80.26744842529297,583.5983276367188,127.86917877197266,0.3916737139225006
69,10.349482525873707,14,car,799.2010498046875,101.60504150390625,848.2965087890625,133.6681365966797,0.29674479365348816
69,10.349482525873707,42,car,752.8261108398438,135.9659423828125,859.8750610351562,192.1456756591797,0.2757183015346527
69,10.349482525873707,52,car,36.58261489868164,106.80638122558594,121.30941772460938,186.09576416015625,0.42548176646232605
69,10.349482525873707,61,car,114.93950653076172,85.75214385986328,261.4801330566406,150.08827209472656,0.5528687238693237
69,10.349482525873707,67,car,621.2349853515625,75.56490325927734,708.288818359375,125.2255859375,0.3015004098415375
69,10.349482525873707,78,car,270.1429138183594,28.500802993774414,324.90216064453125,70.90771484375,0.32186129689216614
70,10.499475026248687,1,car,596.7227172851562,125.49050903320312,718.74560546875,190.324951171875,0.8439871668815613
70,10.499475026248687,2,car,808.3602294921875,167.77789306640625,924.0311889648438,243.16168212890625,0.8265913724899292
70,10.499475026248687,3,car,0.3990931212902069,166.3943328857422,240.01242065429688,334.1927490234375,0.8565622568130493
70,10.499475026248687,4,car,806.8489379882812,251.04925537109375,959.7898559570312,386.0414733886719,0.7916489243507385
70,10.499475026248687,6,car,934.7459716796875,399.5022888183594,959.7227172851562,470.5630187988281,0.5286083817481995
70,10.499475026248687,7,car,831.301513671875,112.50690460205078,927.0533447265625,165.43203735351562,0.6261683702468872
70,10.499475026248687,8,car,663.0740356445312,159.46371459960938,828.2242431640625,229.8992156982422,0.26960569620132446
70,10.499475026248687,9,car,536.3702392578125,97.892578125,640.9712524414062,148.2200927734375,0.2797376215457916
70,10.499475026248687,10,car,74.61770629882812,144.03244018554688,168.9072723388672,184.9628448486328,0.287997841835022
70,10.499475026248687,13,car,496.87628173828125,80.6241683959961,583.65478515625,127.95433807373047,0.39193230867385864
70,10.499475026248687,14,car,799.1074829101562,101.56527709960938,848.23291015625,133.67440795898438,0.3145638704299927
70,10.499475026248687,42,car,753.3626708984375,136.11807250976562,859.7542724609375,192.53372192382812,0.29435697197914124
70,10.499475026248687,52,car,36.06682205200195,106.84130096435547,121.16230010986328,186.5685272216797,0.4334985911846161
70,10.499475026248687,61,car,114.41891479492188,87.01270294189453,261.5643615722656,150.2230224609375,0.5010217428207397
70,10.499475026248687,67,car,621.2302856445312,75.68041229248047,708.236572265625,125.146728515625,0.29135531187057495
70,10.499475026248687,78,car,271.3607177734375,28.53574562072754,327.8245544433594,74.55140686035156,0.27500611543655396
71,10.649467526623669,1,car,596.7473754882812,125.47048950195312,718.7275390625,190.30299377441406,0.8437507748603821
71,10.649467526623669,2,car,808.369873046875,167.7718505859375,924.0283203125,243.12013244628906,0.826958954334259
71,10.649467526623669,3,car,0.5016078948974609,166.89259338378906,239.80490112304688,334.297119140625,0.8538906574249268
71,10.649467526623669,4,car,806.8716430664062,251.09237670898438,959.7679443359375,386.075439453125,0.7953581809997559
71,10.649467526623669,6,car,934.415283203125,399.4532775878906,959.7086181640625,470.5141296386719,0.5486254096031189
71,10.649467526623669,7,car,831.2887573242188,112.46607971191406,926.8633422851562,165.3882598876953,0.63478684425354
71,10.649467526623669,8,car,663.025146484375,159.4552459716797,828.1925659179688,230.17593383789062,0.2896232604980469
71,10.649467526623669,9,car,536.1629028320312,97.67094421386719,640.960693359375,148.35836791992188,0.26262256503105164
71,10.649467526623669,10,car,74.62799835205078,143.99916076660156,168.92977905273438,184.96630859375,0.28349384665489197
71,10.649467526623669,13,car,496.9280700683594,80.6715087890625,583.6724243164062,127.90935516357422,0.40120163559913635
71,10.649467526623669,14,car,799.2968139648438,101.57682037353516,848.09814453125,133.6787567138672,0.32351720333099365
71,10.649467526623669,42,car,753.376220703125,135.99609375,859.7527465820312,192.4731903076172,0.4147525429725647
71,10.649467526623669,52,car,35.890724182128906,106.9471664428711,121.09228515625,186.75665283203125,0.44561660289764404
71,10.649467526623669,61,car,115.41293334960938,87.68103790283203,261.4005432128906,150.07308959960938,0.5850346088409424
71,10.649467526623669,67,car,621.3038940429688,75.75238037109375,708.1871337890625,125.0384750366211,0.29001593589782715
71,10.649467526623669,78,car,272.126220703125,30.413768768310547,332.1701965332031,76.89159393310547,0.3242300748825073
72,10.79946002699865,1,car,596.8325805664062,125.35629272460938,718.72412109375,190.30052185058594,0.8476502299308777
72,10.79946002699865,2,car,808.3767700195312,167.77084350585938,923.9971923828125,243.0881805419922,0.8292512893676758
72,10.79946002699865,3,car,0.569071888923645,166.99131774902344,239.5776824951172,334.3261413574219,0.8578128814697266
72,10.79946002699865,4,car,806.9033813476562,251.09719848632812,959.7703857421875,386.062255859375,0.7960631847381592
72,10.79946002699865,6,car,934.4480590820312,399.9962158203125,959.7109375,470.4684143066406,0.5234031081199646
72,10.79946002699865,7,car,831.3013916015625,112.46665954589844,926.56689453125,165.2896270751953,0.6401523947715759
72,10.79946002699865,8,car,663.04150390625,159.45387268066406,828.030517578125,230.25343322753906,0.3024289011955261
72,10.79946002699865,9,car,536.3723754882812,97.67283630371094,640.760986328125,149.01795959472656,0.30697301030158997
72,10.79946002699865,10,car,74.6357192993164,144.0270538330078,168.91830444335938,184.98806762695312,0.2837715148925781
72,10.79946002699865,13,car,496.0902099609375,80.48548889160156,583.7244873046875,127.91920471191406,0.42193102836608887
72,10.79946002699865,14,car,799.392822265625,101.6043472290039,848.0399780273438,133.68243408203125,0.3292648196220398
72,10.79946002699865,42,car,753.5430297851562,135.9259490966797,859.7509765625,192.44361877441406,0.4365167021751404
72,10.79946002699865,52,car,35.95570755004883,107.08938598632812,121.10847473144531,186.71914672851562,0.45252954959869385
72,10.79946002699865,61,car,115.83924102783203,88.13899993896484,260.9101867675781,149.9868621826172,0.5710194706916809
72,10.79946002699865,67,car,621.409423828125,75.74927520751953,708.18701171875,124.98989868164062,0.3086452782154083
72,10.79946002699865,78,car,273.5978698730469,30.755830764770508,337.58935546875,79.18305206298828,0.5765664577484131
73,10.949452527373632,1,car,596.7789916992188,125.7738265991211,719.53369140625,190.3020477294922,0.8577569127082825
73,10.949452527373632,2,car,808.759521484375,167.5840301513672,923.535400390625,242.96914672851562,0.8373528718948364
73,10.949452527373632,3,car,0.5274895429611206,168.89097595214844,238.3035125732422,335.28338623046875,0.842826783657074
73,10.949452527373632,4,car,807.4440307617188,251.42144775390625,959.8009643554688,386.3639831542969,0.7280727624893188
73,10.949452527373632,6,car,934.5037231445312,398.2167663574219,959.7159423828125,470.8675842285156,0.27288350462913513
73,10.949452527373632,7,car,831.44189453125,112.52344512939453,922.2860107421875,164.75393676757812,0.5479376316070557
73,10.949452527373632,8,car,663.1755981445312,159.2660675048828,827.5888671875,230.64871215820312,0.3751821517944336
73,10.949452527373632,9,car,550.400634765625,100.83226013183594,642.6336059570312,153.6046142578125,0.3721850514411926
73,10.949452527373632,10,car,74.1456527709961,144.31533813476562,169.6275177001953,185.50753784179688,0.3384174108505249
73,10.949452527373632,13,car,494.70343017578125,80.05244445800781,584.1554565429688,128.00054931640625,0.38387158513069153
73,10.949452527373632,14,car,799.8821411132812,101.04220581054688,847.9412231445312,134.01812744140625,0.31985020637512207
73,10.949452527373632,25,car,393.9299621582031,38.58787536621094,437.9679870605469,65.77914428710938,0.2635248005390167
73,10.949452527373632,42,car,735.6049194335938,135.4604949951172,859.4424438476562,192.0147247314453,0.29574650526046753
73,10.949452527373632,52,car,35.293678283691406,106.58023071289062,122.20494079589844,185.17425537109375,0.49471598863601685
73,10.949452527373632,61,car,117.61830139160156,90.73355102539062,258.1668395996094,149.8170928955078,0.35856327414512634
73,10.949452527373632,78,car,274.828369140625,33.08903884887695,340.95733642578125,82.1749496459961,0.3389301598072052
73,10.949452527373632,91,car,662.2847290039062,159.10092163085938,857.5827026367188,264.8498840332031,0.34922221302986145
74,11.099445027748613,1,car,596.7782592773438,125.95536804199219,719.763916015625,190.29469299316406,0.8564977049827576
74,11.099445027748613,2,car,808.9240112304688,167.53614807128906,923.31982421875,242.93905639648438,0.8384059071540833
74,11.099445027748613,3,car,0.5526204705238342,169.43341064453125,237.96925354003906,336.9088439941406,0.8500032424926758
74,11.099445027748613,4,car,807.6621704101562,251.473388671875,959.8018798828125,386.50885009765625,0.7344561219215393
74,11.099445027748613,6,car,934.5345458984375,397.5074462890625,959.715576171875,471.03515625,0.29422467947006226
74,11.099445027748613,7,car,831.5183715820312,112.59952545166016,919.5650024414062,164.44137573242188,0.5534085035324097
74,11.099445027748613,8,car,663.2615356445312,159.1949462890625,827.1640014648438,230.88954162597656,0.36776861548423767
74,11.099445027748613,9,car,556.0126953125,101.90088653564453,643.4570922851562,155.33265686035156,0.394010454416275
74,11.099445027748613,10,car,73.72926330566406,144.4298553466797,169.98709106445312,185.6966094970703,0.40081787109375
74,11.099445027748613,12,car,145.11941528320312,45.22645568847656,204.08218383789062,66.24463653564453,0.34273725748062134
74,11.099445027748613,13,car,494.2788391113281,79.70276641845703,584.3905639648438,128.25987243652344,0.3808658719062805
74,11.099445027748613,14,car,800.105224609375,100.9460678100586,848.1944580078125,134.1402130126953,0.33137843012809753
74,11.099445027748613,25,car,393.9669494628906,38.55226135253906,437.9671630859375,65.79334259033203,0.2588779926300049
74,11.099445027748613,42,car,729.0267333984375,135.2893524169922,859.3111572265625,191.7978057861328,0.2773450016975403
74,11.099445027748613,52,car,34.75343704223633,106.20539855957031,122.65373992919922,184.99288940429688,0.47616812586784363
74,11.099445027748613,61,car,117.80654907226562,90.60021209716797,256.833251953125,149.87445068359375,0.26653099060058594
74,11.099445027748613,78,car,276.5752258300781,34.91534423828125,343.54364013671875,86.36263275146484,0.3437578082084656
74,11.099445027748613,91,car,662.2606201171875,159.12921142578125,858.0082397460938,264.6945495605469,0.3615521788597107
74,11.099445027748613,93,person,265.5387268066406,164.1536407470703,303.177978515625,265.25213623046875,0.5387000441551208
75,11.249437528123595,1,car,596.7763671875,125.99995422363281,719.9127807617188,190.30043029785156,0.8543771505355835
75,11.249437528123595,2,car,808.9854736328125,167.50091552734375,923.298583984375,242.95932006835938,0.8365225791931152
75,11.249437528123595,3,car,0.5867593884468079,169.68336486816406,237.82101440429688,337.5467834472656,0.8447591662406921
75,11.249437528123595,4,car,807.7373657226562,251.6076202392578,959.8065185546875,386.61920166015625,0.7207555770874023
75,11.249437528123595,6,car,934.5440673828125,397.2472839355469,959.7273559570312,471.0837097167969,0.2932082712650299
75,11.249437528123595,7,car,831.5651245117188,112.66018676757812,918.3258666992188,164.3696746826172,0.5228084325790405
75,11.249437528123595,8,car,663.2693481445312,159.1938934326172,827.0943603515625,231.13523864746094,0.3791196346282959
75,11.249437528123595,9,car,557.760498046875,102.12567138671875,643.7327270507812,156.0081787109375,0.3947112262248993
75,11.249437528123595,10,car,73.57388305664062,144.5369110107422,170.1777801513672,185.81283569335938,0.3500162959098816
75,11.249437528123595,12,car,145.09959411621094,45.23971176147461,204.05006408691406,66.23538970947266,0.33874309062957764
75,11.249437528123595,13,car,492.5415344238281,78.79962921142578,584.4210205078125,127.62952423095703,0.329614520072937
75,11.249437528123595,14,car,800.1513061523438,100.86019897460938,848.1744995117188,134.21133422851562,0.32885539531707764
75,11.249437528123595,25,car,394.0067138671875,38.56428909301758,438.0455322265625,65.76249694824219,0.2597893476486206
75,11.249437528123595,42,car,726.2720947265625,135.15391540527344,859.2730712890625,191.71559143066406,0.26188451051712036
75,11.249437528123595,52,car,34.30045700073242,106.03643798828125,122.81297302246094,185.17420959472656,0.49309539794921875
75,11.249437528123595,61,car,117.72782897949219,89.94248962402344,256.5911560058594,149.97171020507812,0.2811817526817322
75,11.249437528123595,78,car,278.8727111816406,36.2218017578125,347.3398132324219,90.17598724365234,0.33649230003356934
75,11.249437528123595,91,car,662.15869140625,159.17471313476562,858.312744140625,264.6048889160156,0.33356747031211853
75,11.249437528123595,93,person,269.9847412109375,163.4708709716797,303.12701416015625,263.7997741699219,0.2567576766014099
76,11.399430028498575,1,car,596.7578125,125.96245574951172,720.1569213867188,190.37368774414062,0.851797878742218
76,11.399430028498575,2,car,808.9837646484375,167.47987365722656,923.3014526367188,243.07472229003906,0.8353210687637329
76,11.399430028498575,3,car,0.5709845423698425,169.25552368164062,237.86398315429688,337.856201171875,0.8498485088348389
76,11.399430028498575,4,car,807.6939697265625,251.8037872314453,959.8243408203125,386.675048828125,0.7136396169662476
76,11.399430028498575,6,car,934.5391235351562,397.0564270019531,959.7291870117188,471.17449951171875,0.32253554463386536
76,11.399430028498575,7,car,831.5650634765625,112.63349914550781,919.3085327148438,164.38046264648438,0.6076487302780151
76,11.399430028498575,8,car,663.225830078125,159.31349182128906,826.7462158203125,231.53900146484375,0.32698553800582886
76,11.399430028498575,9,car,557.7916870117188,102.07649993896484,643.8505249023438,156.22303771972656,0.36884939670562744
76,11.399430028498575,10,car,73.6558609008789,144.51705932617188,170.19705200195312,185.83590698242188,0.2814406156539917
76,11.399430028498575,12,car,144.9834747314453,45.1912841796875,203.97012329101562,66.18968200683594,0.3676668405532837
76,11.399430028498575,13,car,493.6923828125,79.73535919189453,584.8992309570312,128.27883911132812,0.35236260294914246
76,11.399430028498575,14,car,800.132568359375,100.83061218261719,847.9991455078125,134.27757263183594,0.32546475529670715
76,11.399430028498575,25,car,393.988037109375,38.274715423583984,438.0456237792969,65.7190170288086,0.26435428857803345
76,11.399430028498575,42,car,725.0885009765625,135.408447265625,859.34716796875,191.58827209472656,0.30677106976509094
76,11.399430028498575,52,car,34.357177734375,107.0556411743164,122.53886413574219,184.46934509277344,0.4969612658023834
76,11.399430028498575,78,car,280.0670166015625,37.172950744628906,352.0951843261719,94.76300811767578,0.29183730483055115
76,11.399430028498575,91,car,662.1349487304688,159.37054443359375,858.8536376953125,264.9353942871094,0.3423667848110199
76,11.399430028498575,93,person,274.8676452636719,180.1126708984375,303.1317443847656,262.9561767578125,0.42547065019607544
77,11.549422528873556,1,car,596.8002319335938,125.9786376953125,720.1709594726562,190.37767028808594,0.8539268970489502
77,11.549422528873556,2,car,809.0079345703125,167.4567413330078,923.2763061523438,243.1914520263672,0.8362020254135132
77,11.549422528873556,3,car,0.4837813973426819,168.93399047851562,237.73165893554688,338.30474853515625,0.8493006825447083
77,11.549422528873556,4,car,807.673095703125,251.748291015625,959.803955078125,386.7609558105469,0.7307315468788147
77,11.549422528873556,6,car,934.652099609375,396.8471374511719,959.7139892578125,471.1609802246094,0.3280680179595947
77,11.549422528873556,7,car,831.604248046875,112.64822387695312,918.7835083007812,164.47593688964844,0.55645751953125
77,11.549422528873556,8,car,663.1925048828125,159.399169921875,827.0589599609375,231.72557067871094,0.34067654609680176
77,11.549422528873556,9,car,557.36279296875,101.56751251220703,643.5560302734375,156.23033142089844,0.32276254892349243
77,11.549422528873556,12,car,144.69064331054688,45.16387939453125,203.20028686523438,66.222900390625,0.35920804738998413
77,11.549422528873556,13,car,493.9234619140625,79.98625183105469,584.692138671875,128.3184051513672,0.3778717517852783
77,11.549422528873556,14,car,800.0750732421875,100.7791519165039,848.0220336914062,134.2732696533203,0.3179885447025299
77,11.549422528873556,25,car,394.0484924316406,38.249122619628906,438.0381774902344,65.70372009277344,0.27338993549346924
77,11.549422528873556,42,car,724.626708984375,135.6804656982422,859.3170776367188,191.42471313476562,0.32441815733909607
77,11.549422528873556,52,car,34.785762786865234,107.68972778320312,122.41116333007812,183.11773681640625,0.5104279518127441
77,11.549422528873556,78,car,282.08599853515625,41.02530288696289,357.4696044921875,99.86865997314453,0.3367326259613037
77,11.549422528873556,91,car,662.0497436523438,159.5095977783203,858.2064819335938,265.197998046875,0.358114629983902
77,11.549422528873556,93,person,274.4975280761719,164.94454956054688,306.5630187988281,252.8362579345703,0.4825502932071686
78,11.699415029248538,1,car,596.82080078125,126.08650207519531,720.1849365234375,190.3791046142578,0.854076623916626
78,11.699415029248538,2,car,809.0260009765625,167.48338317871094,923.266845703125,243.29470825195312,0.8346221446990967
78,11.699415029248538,3,car,0.360862672328949,169.30101013183594,238.38111877441406,337.669921875,0.8415180444717407
78,11.699415029248538,4,car,807.6181030273438,251.67965698242188,959.8018798828125,386.8150634765625,0.7265762686729431
78,11.699415029248538,6,car,934.7655639648438,396.78790283203125,959.7177124023438,471.0809020996094,0.3340255320072174
78,11.699415029248538,7,car,831.6695556640625,112.72955322265625,919.3658447265625,164.81292724609375,0.5592978000640869
78,11.699415029248538,8,car,663.1679077148438,159.47915649414062,827.799072265625,231.76828002929688,0.3566356897354126
78,11.699415029248538,9,car,557.4581909179688,102.01608276367188,643.83056640625,156.24757385253906,0.32869017124176025
78,11.699415029248538,10,car,73.94585418701172,144.52024841308594,170.22457885742188,185.8422088623047,0.27345332503318787
78,11.699415029248538,12,car,144.39630126953125,45.213863372802734,203.56947326660156,66.32434844970703,0.38916048407554626
78,11.699415029248538,13,car,493.67742919921875,79.55059051513672,584.6712036132812,127.87821960449219,0.3995058536529541
78,11.699415029248538,14,car,800.03955078125,100.96662139892578,848.3692016601562,134.26771545410156,0.3351118564605713
78,11.699415029248538,42,car,724.2659301757812,136.11672973632812,859.1913452148438,191.2852325439453,0.3514330983161926
78,11.699415029248538,52,car,34.794254302978516,108.16683197021484,122.42385864257812,182.93450927734375,0.5044748783111572
78,11.699415029248538,66,car,98.02254486083984,61.89002227783203,220.83847045898438,94.53794860839844,0.25581252574920654
78,11.699415029248538,78,car,284.0148620605469,42.96920394897461,360.3094482421875,104.61650848388672,0.3509499430656433
78,11.699415029248538,91,car,662.0939331054688,159.69427490234375,857.2661743164062,265.33831787109375,0.3601714074611664
78,11.699415029248538,93,person,274.937255859375,160.077392578125,306.2727966308594,256.07904052734375,0.6650424599647522
79,11.84940752962352,1,car,596.805908203125,126.12902069091797,720.2926025390625,190.37030029296875,0.8536595106124878
79,11.84940752962352,2,car,809.0192260742188,167.500732421875,923.2249145507812,243.34017944335938,0.8333479762077332
79,11.84940752962352,3,car,0.2758166491985321,169.00730895996094,238.38250732421875,338.3028869628906,0.8465425968170166
79,11.84940752962352,4,car,807.5921020507812,251.59320068359375,959.815673828125,386.84759521484375,0.7260010242462158
79,11.84940752962352,6,car,934.8234252929688,396.853759765625,959.7366943359375,471.0520324707031,0.34561747312545776
79,11.84940752962352,7,car,831.6300048828125,112.73592376708984,920.7673950195312,165.01235961914062,0.5742047429084778
79,11.84940752962352,8,car,663.1422729492188,159.5854034423828,828.0623779296875,231.83961486816406,0.37292051315307617
79,11.84940752962352,9,car,556.4322509765625,101.59361267089844,643.7716674804688,156.21791076660156,0.2872202396392822
79,11.84940752962352,10,car,73.93754577636719,144.54421997070312,170.24241638183594,185.89254760742188,0.27438345551490784
79,11.84940752962352,12,car,144.3022003173828,45.20143508911133,203.73948669433594,66.3629379272461,0.38380178809165955
79,11.84940752962352,13,car,494.08502197265625,78.94384765625,584.4022216796875,127.91643524169922,0.36550289392471313
79,11.84940752962352,14,car,800.0517578125,101.00787353515625,848.4995727539062,134.2505340576172,0.32497429847717285
79,11.84940752962352,42,car,724.1285400390625,136.0746612548828,859.2465209960938,191.1500244140625,0.3374948501586914
79,11.84940752962352,52,car,34.83883285522461,108.40584564208984,122.3509750366211,182.8199462890625,0.5004969835281372
79,11.84940752962352,66,car,99.24522399902344,61.80572509765625,222.21533203125,94.50021362304688,0.25108006596565247
79,11.84940752962352,78,car,286.2073974609375,46.29509735107422,362.3095397949219,110.43902587890625,0.42182624340057373
79,11.84940752962352,91,car,662.5778198242188,159.6693115234375,854.3309936523438,265.31915283203125,0.3615332245826721
79,11.84940752962352,93,person,275.0535888671875,157.7804718017578,306.40679931640625,257.491455078125,0.5598286986351013
80,11.999400029998501,1,car,596.7581787109375,126.10587310791016,720.3968505859375,190.3683624267578,0.8537755608558655
80,11.999400029998501,2,car,809.0140380859375,167.50363159179688,923.228515625,243.34014892578125,0.831762969493866
80,11.999400029998501,3,car,0.2293606847524643,168.75502014160156,238.40414428710938,337.7150573730469,0.8421986103057861
80,11.999400029998501,4,car,807.548095703125,251.4812774658203,959.8128662109375,386.830810546875,0.7222611904144287
80,11.999400029998501,6,car,934.8383178710938,396.94384765625,959.7318115234375,471.02337646484375,0.3330894410610199
80,11.999400029998501,7,car,831.5864868164062,112.68209838867188,923.1843872070312,165.1937255859375,0.6141240000724792
80,11.999400029998501,8,car,663.1041259765625,159.64837646484375,827.7378540039062,232.18048095703125,0.34294772148132324
80,11.999400029998501,9,car,555.389892578125,101.17145538330078,643.497802734375,156.19097900390625,0.29221487045288086
80,11.999400029998501,10,car,73.94229888916016,144.54678344726562,170.23622131347656,185.8403778076172,0.31952497363090515
80,11.999400029998501,12,car,144.4482879638672,45.196327209472656,203.8209991455078,66.34738159179688,0.38484588265419006
80,11.999400029998501,13,car,494.6881408691406,79.38331604003906,584.3082275390625,128.06741333007812,0.3511887192726135
80,11.999400029998501,14,car,800.0661010742188,101.02232360839844,848.7540283203125,134.25115966796875,0.33251410722732544
80,11.999400029998501,42,car,723.8002319335938,136.65777587890625,858.9885864257812,191.248779296875,0.3331778049468994
80,11.999400029998501,52,car,34.83482360839844,108.44813537597656,122.2630386352539,182.85533142089844,0.5041405558586121
80,11.999400029998501,61,car,116.25471496582031,89.49970245361328,256.99609375,149.66770935058594,0.3370915353298187
80,11.999400029998501,78,car,288.5851135253906,49.45265197753906,368.0438537597656,115.44820404052734,0.36773955821990967
80,11.999400029998501,91,car,662.1546630859375,159.92547607421875,855.9046630859375,265.5750427246094,0.3962979018688202
80,11.999400029998501,93,person,275.6775207519531,157.08798217773438,307.6198425292969,251.46060180664062,0.5688104033470154
81,12.14939253037348,1,car,596.8489990234375,126.11792755126953,720.4922485351562,190.35646057128906,0.8520160913467407
81,12.14939253037348,2,car,809.0118408203125,167.51681518554688,923.1906127929688,243.32545471191406,0.8310695886611938
81,12.14939253037348,3,car,0.22827108204364777,168.5928497314453,238.7046661376953,337.306396484375,0.8506052494049072
81,12.14939253037348,4,car,807.5557861328125,251.39939880371094,959.8152465820312,386.80572509765625,0.7314692735671997
81,12.14939253037348,6,car,934.8370361328125,397.0234680175781,959.7368774414062,471.02496337890625,0.3487224578857422
81,12.14939253037348,7,car,831.5533447265625,112.65684509277344,925.1987915039062,165.30331420898438,0.6249150633811951
81,12.14939253037348,8,car,663.0389404296875,159.66244506835938,827.8121337890625,232.06346130371094,0.42828232049942017
81,12.14939253037348,9,car,553.922607421875,100.51818084716797,643.0643310546875,156.0571746826172,0.2955760955810547
81,12.14939253037348,10,car,73.97866821289062,144.56138610839844,170.19517517089844,185.81130981445312,0.2690521478652954
81,12.14939253037348,12,car,144.5313720703125,45.219764709472656,203.25094604492188,66.35488891601562,0.36098670959472656
81,12.14939253037348,13,car,495.163818359375,79.52227783203125,586.8405151367188,129.23460388183594,0.305827796459198
81,12.14939253037348,14,car,800.04931640625,101.00106811523438,848.662353515625,134.2321014404297,0.31892839074134827
81,12.14939253037348,42,car,723.8263549804688,136.75733947753906,858.955810546875,191.23318481445312,0.3395421802997589
81,12.14939253037348,52,car,34.78668975830078,108.2027359008789,122.3311538696289,182.94754028320312,0.502034068107605
81,12.14939253037348,61,car,115.96552276611328,87.41606903076172,256.9161682128906,149.68467712402344,0.264056533575058
81,12.14939253037348,78,car,290.7271423339844,52.461631774902344,373.0912780761719,119.27890014648438,0.46852561831474304
81,12.14939253037348,91,car,661.7714233398438,160.0616455078125,857.3526611328125,265.64788818359375,0.326667457818985
81,12.14939253037348,93,person,276.31878662109375,156.8436279296875,308.0468444824219,256.71728515625,0.48689404129981995
82,12.299385030748462,1,car,596.8576049804688,126.10572814941406,720.6837768554688,190.35752868652344,0.8491154909133911
82,12.299385030748462,2,car,809.009765625,167.5530548095703,923.2635498046875,243.2671661376953,0.8293116092681885
82,12.299385030748462,3,car,0.21481433510780334,168.587646484375,238.75146484375,337.12127685546875,0.8436223864555359
82,12.299385030748462,4,car,807.5375366210938,251.36767578125,959.8171997070312,386.798095703125,0.7345417737960815
82,12.299385030748462,6,car,934.8512573242188,397.0421142578125,959.7352294921875,471.0433654785156,0.3623041808605194
82,12.299385030748462,7,car,831.5180053710938,112.63800811767578,926.0313720703125,165.3403778076172,0.6441072821617126
82,12.299385030748462,8,car,663.0159301757812,159.71224975585938,827.9822387695312,231.9034423828125,0.43494701385498047
82,12.299385030748462,9,car,552.5234985351562,100.20073699951172,643.1373901367188,155.95248413085938,0.3452131748199463
82,12.299385030748462,12,car,144.50701904296875,45.218833923339844,203.93719482421875,66.48816680908203,0.3874543309211731
82,12.299385030748462,13,car,495.1992492675781,79.73583984375,587.9569091796875,129.86607360839844,0.3234058618545532
82,12.299385030748462,14,car,800.040283203125,101.0267105102539,848.8607788085938,134.230224609375,0.3232177793979645
82,12.299385030748462,42,car,723.8489379882812,136.855224609375,858.905517578125,191.21559143066406,0.3658306300640106
82,12.299385030748462,52,car,34.74188232421875,107.8193588256836,122.38751220703125,183.03732299804688,0.5000548362731934
82,12.299385030748462,61,car,117.2362289428711,91.1021957397461,259.1774597167969,150.07565307617188,0.40879684686660767
82,12.299385030748462,78,car,292.517578125,55.31966781616211,378.1394348144531,123.83557891845703,0.4263882040977478
82,12.299385030748462,91,car,661.6591796875,160.1566162109375,857.3622436523438,265.6233215332031,0.3073233962059021
82,12.299385030748462,93,person,276.8905944824219,157.5438995361328,308.06732177734375,258.21044921875,0.2544674575328827
83,12.449377531123444,1,car,596.7744140625,126.0248794555664,720.744873046875,190.35914611816406,0.8480626344680786
83,12.449377531123444,2,car,808.9925537109375,167.53738403320312,923.2965087890625,243.26458740234375,0.8294848203659058
83,12.449377531123444,3,car,0.18813687562942505,168.6349334716797,238.8394775390625,336.5201721191406,0.8366909027099609
83,12.449377531123444,4,car,807.5178833007812,251.3054962158203,959.824951171875,386.78619384765625,0.7318850159645081
83,12.449377531123444,6,car,934.8348999023438,397.1719970703125,959.738037109375,471.03369140625,0.32743534445762634
83,12.449377531123444,7,car,831.516845703125,112.62374114990234,927.1397705078125,165.45848083496094,0.5990188121795654
83,12.449377531123444,8,car,663.022216796875,159.77572631835938,827.5559692382812,231.88514709472656,0.4302864372730255
83,12.449377531123444,9,car,553.1044921875,100.4481430053711,642.9190673828125,155.9443817138672,0.27360832691192627
83,12.449377531123444,12,car,144.3658905029297,45.18936538696289,204.2974395751953,66.55392456054688,0.36336490511894226
83,12.449377531123444,14,car,800.0123901367188,101.00494384765625,849.007568359375,134.2176055908203,0.3224351406097412
83,12.449377531123444,42,car,724.1193237304688,136.6219024658203,858.9899291992188,191.27223205566406,0.3433290421962738
83,12.449377531123444,52,car,34.312259674072266,108.22502136230469,122.50076293945312,184.15476989746094,0.5132952928543091
83,12.449377531123444,61,car,117.05558776855469,93.75556182861328,259.7587585449219,150.21434020996094,0.35613182187080383
83,12.449377531123444,78,car,295.857421875,58.051422119140625,382.6377258300781,129.42762756347656,0.3825153112411499
83,12.449377531123444,91,car,661.4559326171875,160.15994262695312,857.1508178710938,265.5583190917969,0.3450345993041992
83,12.449377531123444,93,person,276.8337707519531,159.50086975097656,308.64410400390625,258.3981018066406,0.2588014006614685
84,12.599370031498426,1,car,596.6629028320312,125.93797302246094,720.85205078125,190.3545684814453,0.8543459177017212
84,12.599370031498426,2,car,808.9703369140625,167.49859619140625,923.3099975585938,243.27261352539062,0.8339932560920715
84,12.599370031498426,3,car,0.18027302622795105,168.77093505859375,239.0514373779297,336.560791015625,0.8515099883079529
84,12.599370031498426,4,car,807.5177612304688,251.28329467773438,959.81884765625,386.7629089355469,0.750568151473999
84,12.599370031498426,6,car,934.8936157226562,396.9582214355469,959.7403564453125,471.1102294921875,0.28354108333587646
84,12.599370031498426,7,car,831.5552978515625,112.61398315429688,926.2992553710938,165.427734375,0.5542822480201721
84,12.599370031498426,8,car,663.0451049804688,159.8172607421875,827.0985717773438,231.777099609375,0.43452349305152893
84,12.599370031498426,9,car,552.8841552734375,100.18075561523438,642.470703125,155.76931762695312,0.4198642075061798
84,12.599370031498426,12,car,144.26307678222656,45.14822769165039,204.56338500976562,66.61476135253906,0.3635173439979553
84,12.599370031498426,13,car,500.0914611816406,81.71282958984375,591.054443359375,130.74830627441406,0.25874024629592896
84,12.599370031498426,14,car,800.0060424804688,100.9438705444336,849.3474731445312,134.2159423828125,0.311242938041687
84,12.599370031498426,42,car,724.65625,136.08169555664062,859.226806640625,191.12071228027344,0.36719316244125366
84,12.599370031498426,52,car,34.27491760253906,108.29393768310547,122.45523071289062,184.5341339111328,0.5387289524078369
84,12.599370031498426,61,car,116.6038589477539,95.69612884521484,259.69366455078125,150.28720092773438,0.44785183668136597
84,12.599370031498426,78,car,298.5208740234375,60.770362854003906,388.5876770019531,133.23397827148438,0.37146198749542236
84,12.599370031498426,91,car,661.2887573242188,160.14141845703125,857.793212890625,265.4395751953125,0.3630414307117462
84,12.599370031498426,93,person,276.7174072265625,159.62741088867188,310.5223388671875,259.4619445800781,0.6952179074287415
85,12.749362531873407,1,car,596.298583984375,125.9074478149414,720.7265625,190.34031677246094,0.8491094708442688
85,12.749362531873407,2,car,808.9730834960938,167.47679138183594,923.3675537109375,243.32972717285156,0.8321937918663025
85,12.749362531873407,3,car,0.1884135603904724,169.0186309814453,239.11898803710938,336.7182312011719,0.8482502698898315
85,12.749362531873407,4,car,807.50634765625,251.17185974121094,959.8159790039062,386.7752380371094,0.7473222613334656
85,12.749362531873407,6,car,934.82177734375,396.53106689453125,959.7334594726562,471.1280517578125,0.3197522759437561
85,12.749362531873407,7,car,831.5223388671875,112.56936645507812,927.08935546875,165.4449920654297,0.6085155606269836
85,12.749362531873407,8,car,662.9351806640625,159.8084259033203,826.9268798828125,232.44297790527344,0.39067161083221436
85,12.749362531873407,9,car,553.0888671875,99.93132781982422,641.9717407226562,155.55096435546875,0.36641237139701843
85,12.749362531873407,12,car,144.23817443847656,45.18158721923828,204.7097930908203,66.67620086669922,0.378559947013855
85,12.749362531873407,13,car,498.64581298828125,81.0231704711914,591.7131958007812,130.8168487548828,0.2843337655067444
85,12.749362531873407,14,car,800.0360717773438,100.9063720703125,849.418701171875,134.2265625,0.30005982518196106
85,12.749362531873407,42,car,724.7014770507812,135.93724060058594,859.2966918945312,191.07199096679688,0.35643723607063293
85,12.749362531873407,52,car,34.914649963378906,108.71546173095703,122.15913391113281,183.48265075683594,0.5438997149467468
85,12.749362531873407,61,car,116.08605194091797,94.88033294677734,258.0649719238281,150.19732666015625,0.2985862195491791
85,12.749362531873407,66,car,99.10802459716797,61.925880432128906,226.18472290039062,94.31383514404297,0.2535182237625122
85,12.749362531873407,78,car,300.8046569824219,63.3084716796875,394.1318359375,139.0888214111328,0.48338082432746887
85,12.749362531873407,91,car,661.036865234375,160.31211853027344,857.5531005859375,265.62152099609375,0.4443374276161194
86,12.899355032248389,1,car,596.1593017578125,125.91736602783203,720.8547973632812,190.33982849121094,0.8484188914299011
86,12.899355032248389,2,car,808.984619140625,167.47923278808594,923.3906860351562,243.37461853027344,0.8333489298820496
86,12.899355032248389,3,car,0.17946591973304749,168.7949676513672,238.97984313964844,337.61572265625,0.856079638004303
86,12.899355032248389,4,car,807.5382690429688,251.18492126464844,959.8193359375,386.7672119140625,0.7600787878036499
86,12.899355032248389,6,car,934.8167724609375,396.49957275390625,959.7351684570312,471.19073486328125,0.3349546492099762
86,12.899355032248389,7,car,831.4952392578125,112.53788757324219,927.3696899414062,165.46484375,0.6189215779304504
86,12.899355032248389,8,car,662.8980102539062,159.84963989257812,826.5587158203125,232.66192626953125,0.3890525996685028
86,12.899355032248389,9,car,553.3175659179688,99.74478912353516,641.7103881835938,155.52049255371094,0.351174920797348
86,12.899355032248389,12,car,144.21102905273438,45.17216873168945,204.6611328125,66.67567443847656,0.3702845275402069
86,12.899355032248389,13,car,494.9475402832031,79.59014892578125,591.466796875,130.761474609375,0.3029106855392456
86,12.899355032248389,14,car,800.0437622070312,100.90248107910156,849.4383544921875,134.23609924316406,0.30771464109420776
86,12.899355032248389,42,car,724.692138671875,135.8450164794922,859.3596801757812,191.03329467773438,0.3891026973724365
86,12.899355032248389,52,car,35.809669494628906,108.51239013671875,122.20573425292969,182.71340942382812,0.5369875431060791
86,12.899355032248389,61,car,116.30427551269531,95.35890197753906,257.1930847167969,149.94412231445312,0.443496972322464
86,12.899355032248389,66,car,99.13336181640625,61.8526725769043,226.28857421875,94.3855972290039,0.2708771824836731
86,12.899355032248389,78,car,303.68438720703125,66.56488800048828,399.7894592285156,144.88168334960938,0.4362807273864746
86,12.899355032248389,91,car,660.8714599609375,160.40530395507812,857.460693359375,265.6817321777344,0.45949164032936096
87,13.049347532623369,1,car,596.0270385742188,125.9025650024414,720.973876953125,190.31112670898438,0.8473870158195496
87,13.049347532623369,2,car,808.9896240234375,167.46461486816406,923.4234619140625,243.1533203125,0.8361784219741821
87,13.049347532623369,3,car,0.17154894769191742,168.7361297607422,238.89697265625,337.51409912109375,0.8635450601577759
87,13.049347532623369,4,car,807.5794067382812,251.1149444580078,959.82666015625,386.76092529296875,0.7566195130348206
87,13.049347532623369,6,car,934.7792358398438,396.2994079589844,959.7366943359375,471.18731689453125,0.3343832790851593
87,13.049347532623369,7,car,831.4481201171875,112.52799224853516,927.3848876953125,165.466064453125,0.6284063458442688
87,13.049347532623369,8,car,662.8834228515625,159.8057403564453,826.5177001953125,232.6265869140625,0.4017598628997803
87,13.049347532623369,9,car,553.5531616210938,99.7256088256836,641.79833984375,155.3204803466797,0.35745561122894287
87,13.049347532623369,12,car,144.1996612548828,45.179603576660156,204.61544799804688,66.62511444091797,0.37404561042785645
87,13.049347532623369,13,car,495.72314453125,80.13948059082031,590.7269287109375,130.8559112548828,0.2815089821815491
87,13.049347532623369,14,car,800.0479125976562,100.89212799072266,849.4169921875,134.23403930664062,0.31681713461875916
87,13.049347532623369,42,car,724.6976928710938,135.88265991210938,859.398681640625,191.04257202148438,0.4000529944896698
87,13.049347532623369,52,car,35.982948303222656,108.54866027832031,121.81094360351562,182.57920837402344,0.5424521565437317
87,13.049347532623369,61,car,115.33384704589844,97.68970489501953,257.925048828125,149.77301025390625,0.4768262505531311
87,13.049347532623369,66,car,99.17240142822266,61.78681182861328,226.28924560546875,94.26898193359375,0.29271167516708374
87,13.049347532623369,78,car,307.47552490234375,69.6104965209961,405.7435607910156,150.35231018066406,0.5426132082939148
87,13.049347532623369,91,car,661.2562255859375,160.33290100097656,857.4839477539062,265.7896728515625,0.41964563727378845
88,13.19934003299835,1,car,595.868408203125,125.81377410888672,721.038818359375,190.31983947753906,0.8485503196716309
88,13.19934003299835,2,car,808.9556884765625,167.44778442382812,923.467041015625,243.14210510253906,0.8365876078605652
88,13.19934003299835,3,car,0.1839422732591629,168.59059143066406,238.74742126464844,338.1771240234375,0.8610387444496155
88,13.19934003299835,4,car,807.5518188476562,251.11695861816406,959.8265991210938,386.7353820800781,0.750866174697876
88,13.19934003299835,6,car,934.7986450195312,396.3299865722656,959.7295532226562,471.0853271484375,0.30247387290000916
88,13.19934003299835,7,car,831.4047241210938,112.48035430908203,928.0016479492188,165.64659118652344,0.6235861778259277
88,13.19934003299835,8,car,662.82470703125,159.86358642578125,826.239501953125,232.79660034179688,0.3895476460456848
88,13.19934003299835,9,car,553.3511962890625,99.49620056152344,641.85546875,155.27618408203125,0.3587719798088074
88,13.19934003299835,12,car,144.2076873779297,45.131500244140625,204.6073455810547,66.68275451660156,0.3395315706729889
88,13.19934003299835,13,car,494.832763671875,80.93573760986328,589.2161254882812,130.90267944335938,0.2593776285648346
88,13.19934003299835,14,car,799.852783203125,101.25398254394531,849.7349853515625,133.9747772216797,0.27386969327926636
88,13.19934003299835,42,car,724.9219970703125,135.78395080566406,859.4369506835938,191.0434112548828,0.3970812261104584
88,13.19934003299835,52,car,35.94462203979492,108.60848236083984,121.45401000976562,182.54476928710938,0.5424491167068481
88,13.19934003299835,61,car,114.88384246826172,98.24237823486328,258.87371826171875,149.87025451660156,0.45605847239494324
88,13.19934003299835,66,car,99.58050537109375,61.7122802734375,226.77206420898438,94.34003448486328,0.2882285416126251
88,13.19934003299835,78,car,309.9321594238281,72.28355407714844,411.54107666015625,155.93101501464844,0.516984224319458
88,13.19934003299835,91,car,660.9884033203125,160.36949157714844,857.238037109375,265.69573974609375,0.4514797627925873
89,13.349332533373332,1,car,595.8855590820312,125.81071472167969,721.038330078125,190.32437133789062,0.8501511216163635
89,13.349332533373332,2,car,808.9614868164062,167.49974060058594,923.5440063476562,243.14808654785156,0.8390836715698242
89,13.349332533373332,3,car,0.18668776750564575,168.5342254638672,238.73348999023438,339.525146484375,0.8581677079200745
89,13.349332533373332,4,car,807.5263671875,251.0878448486328,959.8282470703125,386.72332763671875,0.7566826343536377
89,13.349332533373332,6,car,934.7994384765625,396.5411071777344,959.7337646484375,471.034912109375,0.34651386737823486
89,13.349332533373332,7,car,831.4093627929688,112.4638442993164,928.2433471679688,165.7078857421875,0.6147996187210083
89,13.349332533373332,8,car,662.7296142578125,159.8302459716797,826.108154296875,232.80995178222656,0.38307949900627136
89,13.349332533373332,9,car,552.9120483398438,99.14779663085938,641.4409790039062,155.43675231933594,0.35765689611434937
89,13.349332533373332,12,car,144.12820434570312,45.177154541015625,204.27272033691406,66.7231216430664,0.3028160333633423
89,13.349332533373332,13,car,497.0048828125,80.36851501464844,587.9944458007812,130.56890869140625,0.2949863076210022
89,13.349332533373332,14,car,799.822998046875,101.48487854003906,849.7636108398438,133.8701934814453,0.27624794840812683
89,13.349332533373332,42,car,725.544189453125,135.77542114257812,859.5007934570312,190.99928283691406,0.3713744580745697
89,13.349332533373332,52,car,36.42169952392578,108.49214172363281,121.25196838378906,182.24168395996094,0.5274085998535156
89,13.349332533373332,61,car,114.65667724609375,95.31304931640625,259.2828674316406,150.50836181640625,0.3859019875526428
89,13.349332533373332,66,car,99.50117492675781,61.68220901489258,227.1634063720703,94.52561950683594,0.26674163341522217
89,13.349332533373332,78,car,312.04248046875,76.09513092041016,417.82818603515625,162.13345336914062,0.4560997188091278
89,13.349332533373332,91,car,661.5800170898438,160.35499572753906,857.6849975585938,265.7484436035156,0.3845144808292389
90,13.499325033748313,1,car,595.9072875976562,125.79117584228516,721.1024169921875,190.34429931640625,0.8505541086196899
90,13.499325033748313,2,car,808.9576416015625,167.5182647705078,923.6123657226562,243.1322784423828,0.8408432006835938
90,13.499325033748313,3,car,0.19387178122997284,168.2866668701172,238.77703857421875,339.950439453125,0.8543809056282043
90,13.499325033748313,4,car,807.5180053710938,251.04566955566406,959.834228515625,386.7131042480469,0.7634820342063904
90,13.499325033748313,6,car,934.806884765625,396.5990295410156,959.7429809570312,470.9051208496094,0.33029407262802124
90,13.499325033748313,7,car,831.412841796875,112.41793823242188,929.1155395507812,165.75038146972656,0.6155329346656799
90,13.499325033748313,8,car,663.0003662109375,159.7958221435547,825.864501953125,234.10324096679688,0.29554086923599243
90,13.499325033748313,9,car,553.5060424804688,98.93671417236328,641.3030395507812,155.42347717285156,0.376991868019104
90,13.499325033748313,12,car,144.390380859375,45.24913787841797,203.57046508789062,66.47895050048828,0.27325713634490967
90,13.499325033748313,13,car,498.5527038574219,80.65180969238281,587.9590454101562,130.74615478515625,0.31104087829589844
90,13.499325033748313,14,car,799.921875,100.97795867919922,849.4036254882812,134.0653076171875,0.3062134385108948
90,13.499325033748313,42,car,725.7056274414062,135.60423278808594,859.6194458007812,191.10565185546875,0.45406895875930786
90,13.499325033748313,52,car,37.00825881958008,108.50182342529297,121.10157012939453,181.96873474121094,0.5313390493392944
90,13.499325033748313,61,car,114.75011444091797,94.74817657470703,258.9835205078125,150.26220703125,0.4911787509918213
90,13.499325033748313,66,car,99.5223617553711,61.474510192871094,226.75430297851562,94.60848999023438,0.286356121301651
90,13.499325033748313,78,car,314.2425842285156,78.73493957519531,424.2607116699219,168.36080932617188,0.5045216083526611
90,13.499325033748313,91,car,662.4248657226562,159.90988159179688,853.8866577148438,265.0545349121094,0.4364478588104248
90,13.499325033748313,112,person,307.7471008300781,0.2593403160572052,316.17242431640625,21.707412719726562,0.48140013217926025
91,13.649317534123295,1,car,595.9808959960938,125.78952026367188,721.1124877929688,190.35133361816406,0.8526673316955566
91,13.649317534123295,2,car,808.9439697265625,167.53480529785156,923.6337890625,243.0757598876953,0.8432161808013916
91,13.649317534123295,3,car,0.2164393812417984,168.13694763183594,238.87095642089844,339.048828125,0.8642100095748901
91,13.649317534123295,4,car,807.5090942382812,250.98483276367188,959.8330078125,386.70855712890625,0.764777421951294
91,13.649317534123295,6,car,934.8303833007812,396.91912841796875,959.7384033203125,470.93817138671875,0.33285826444625854
91,13.649317534123295,7,car,831.407958984375,112.4332046508789,929.4239501953125,165.79354858398438,0.6192765831947327
91,13.649317534123295,8,car,663.1477661132812,159.81492614746094,826.3021850585938,233.95457458496094,0.3404311239719391
91,13.649317534123295,9,car,553.6873779296875,98.86041259765625,641.4279174804688,155.5457000732422,0.38582223653793335
91,13.649317534123295,12,car,144.48008728027344,45.292850494384766,203.29539489746094,66.38936614990234,0.3004615604877472
91,13.649317534123295,13,car,495.91888427734375,80.32335662841797,587.9866943359375,130.7489776611328,0.3112242519855499
91,13.649317534123295,14,car,799.9799194335938,100.72979736328125,849.283447265625,134.12637329101562,0.31830665469169617
91,13.649317534123295,42,car,726.4868774414062,135.59739685058594,859.6224975585938,191.01629638671875,0.35148540139198303
91,13.649317534123295,52,car,37.322086334228516,108.52823638916016,121.1052017211914,181.7483673095703,0.5287601351737976
91,13.649317534123295,61,car,114.59273529052734,94.13694763183594,258.5527648925781,150.12513732910156,0.5349230170249939
91,13.649317534123295,78,car,318.359619140625,82.68767547607422,432.0793762207031,174.7799835205078,0.4718341827392578
91,13.649317534123295,91,car,662.693115234375,159.78558349609375,853.08740234375,264.8814697265625,0.36889779567718506
91,13.649317534123295,112,person,305.8238830566406,0.26281309127807617,314.146240234375,24.53308868408203,0.44981199502944946
92,13.799310034498275,1,car,596.0556640625,125.71856689453125,720.9202880859375,190.371826171875,0.8503492474555969
92,13.799310034498275,2,car,808.9317016601562,167.51345825195312,923.6472778320312,243.0885009765625,0.8424512147903442
92,13.799310034498275,3,car,0.2320338487625122,168.10220336914062,238.9849090576172,338.9449157714844,0.8547593951225281
92,13.799310034498275,4,car,807.4832763671875,250.98977661132812,959.8339233398438,386.7024230957031,0.7582899332046509
92,13.799310034498275,6,car,934.7864379882812,396.9930114746094,959.741943359375,470.97186279296875,0.33571529388427734
92,13.799310034498275,7,car,831.2372436523438,112.29849243164062,930.40234375,166.02076721191406,0.6344262957572937
92,13.799310034498275,8,car,663.1631469726562,159.56729125976562,826.82470703125,233.5306854248047,0.3180818557739258
92,13.799310034498275,9,car,553.8163452148438,98.97659301757812,641.4957275390625,155.6865234375,0.37902793288230896
92,13.799310034498275,12,car,144.52972412109375,45.286033630371094,203.2467803955078,66.39810180664062,0.2809167206287384
92,13.799310034498275,13,car,487.16802978515625,78.95812225341797,587.7342529296875,130.50430297851562,0.2671774923801422
92,13.799310034498275,14,car,799.7791748046875,101.09122467041016,849.630615234375,133.92034912109375,0.2788267731666565
92,13.799310034498275,42,car,725.6741943359375,135.40113830566406,859.5504760742188,190.90032958984375,0.4543622136116028
92,13.799310034498275,52,car,37.362388610839844,108.45977020263672,121.10601806640625,181.86544799804688,0.5281083583831787
92,13.799310034498275,61,car,114.45454406738281,93.6064224243164,258.500732421875,150.02392578125,0.5375563502311707
92,13.799310034498275,78,car,322.24395751953125,86.71317291259766,439.08734130859375,182.00152587890625,0.35651111602783203
92,13.799310034498275,91,car,662.1445922851562,159.5250701904297,856.7164916992188,264.5549011230469,0.3434138894081116
92,13.799310034498275,112,person,303.73040771484375,0.43129613995552063,312.537841796875,26.0296573638916,0.3373015224933624
93,13.949302534873256,1,car,596.0300903320312,125.66759490966797,720.8687744140625,190.4075469970703,0.8506441712379456
93,13.949302534873256,2,car,808.9282836914062,167.4999542236328,923.60302734375,242.9813995361328,0.8419526219367981
93,13.949302534873256,3,car,0.3817015588283539,168.35409545898438,238.76747131347656,336.5931701660156,0.8631606698036194
93,13.949302534873256,4,car,807.4672241210938,251.0345916748047,959.8317260742188,386.7044677734375,0.7625772953033447
93,13.949302534873256,6,car,934.7891845703125,397.3686828613281,959.7335815429688,470.949462890625,0.37153393030166626
93,13.949302534873256,7,car,831.1588134765625,112.23795318603516,930.26123046875,166.02520751953125,0.6254944205284119
93,13.949302534873256,8,car,663.12744140625,159.46542358398438,827.67236328125,233.41854858398438,0.3756599426269531
93,13.949302534873256,9,car,554.1340942382812,99.00203704833984,641.3614501953125,155.7162628173828,0.3457429111003876
93,13.949302534873256,12,car,144.57470703125,45.206947326660156,203.09288024902344,66.36814880371094,0.29271313548088074
93,13.949302534873256,14,car,799.7123413085938,101.259521484375,849.550048828125,133.84263610839844,0.28564566373825073
93,13.949302534873256,25,car,393.26739501953125,38.074432373046875,440.096923828125,65.63097381591797,0.25117161870002747
93,13.949302534873256,42,car,725.7860717773438,135.07675170898438,859.576171875,190.92945861816406,0.45409372448921204
93,13.949302534873256,52,car,37.425846099853516,108.71256256103516,120.71896362304688,181.92092895507812,0.5421162843704224
93,13.949302534873256,61,car,113.82984924316406,93.3146743774414,258.7254943847656,150.1361083984375,0.5544299483299255
93,13.949302534873256,78,car,326.2267761230469,90.10710144042969,446.37115478515625,188.91819763183594,0.3856145739555359
93,13.949302534873256,93,person,274.019775390625,157.7605438232422,312.60345458984375,266.7112121582031,0.42942431569099426
93,13.949302534873256,112,person,302.122314453125,0.3584566116333008,310.9525146484375,25.347103118896484,0.4623008668422699
94,14.099295035248238,1,car,596.112548828125,125.63977813720703,720.7612915039062,190.398681640625,0.8538492918014526
94,14.099295035248238,2,car,808.9824829101562,167.50404357910156,923.6209716796875,242.9114990234375,0.8418387770652771
94,14.099295035248238,3,car,0.4887617230415344,168.1933135986328,238.68296813964844,335.9911193847656,0.8564524054527283
94,14.099295035248238,4,car,807.4564819335938,251.06781005859375,959.8409423828125,386.6608581542969,0.7610620260238647
94,14.099295035248238,6,car,934.78271484375,397.4732971191406,959.7473754882812,470.3435974121094,0.41373297572135925
94,14.099295035248238,7,car,831.1504516601562,112.206787109375,930.155517578125,166.06338500976562,0.6304728984832764
94,14.099295035248238,8,car,663.21923828125,159.550048828125,828.1886596679688,233.1146697998047,0.530023992061615
94,14.099295035248238,9,car,554.4111938476562,98.90164184570312,640.9057006835938,155.14710998535156,0.28545209765434265
94,14.099295035248238,12,car,144.60240173339844,45.22248840332031,202.82745361328125,66.2747573852539,0.3273812532424927
94,14.099295035248238,13,car,494.88458251953125,78.50514221191406,590.1390380859375,130.3047332763672,0.3000468909740448
94,14.099295035248238,14,car,799.856689453125,100.70430755615234,848.9591674804688,134.02537536621094,0.3025810122489929
94,14.099295035248238,42,car,725.9641723632812,134.92245483398438,859.6185302734375,191.03408813476562,0.46271732449531555
94,14.099295035248238,52,car,37.03461456298828,109.03776550292969,120.68968963623047,182.34490966796875,0.5608155131340027
94,14.099295035248238,61,car,114.41545867919922,93.8952865600586,259.26416015625,150.34274291992188,0.3418498933315277
94,14.099295035248238,93,person,273.8711242675781,160.63388061523438,312.3091735839844,268.0963134765625,0.6422229409217834
94,14.099295035248238,112,person,299.8830871582031,0.7423303723335266,310.0249328613281,26.531442642211914,0.5219163298606873
95,14.24928753562322,1,car,596.2194213867188,125.63384246826172,721.0167236328125,190.46559143066406,0.8493324518203735
95,14.24928753562322,2,car,809.0269165039062,167.49847412109375,923.5498657226562,242.85287475585938,0.8422846794128418
95,14.24928753562322,3,car,0.32928526401519775,167.99258422851562,239.02430725097656,335.6914367675781,0.8682001233100891
95,14.24928753562322,4,car,807.44384765625,251.1134796142578,959.8401489257812,386.66162109375,0.7620155215263367
95,14.24928753562322,6,car,934.7568969726562,397.6872253417969,959.7406616210938,470.2153015136719,0.4009029269218445
95,14.24928753562322,7,car,831.2471313476562,112.2752685546875,930.28955078125,165.92242431640625,0.6099870800971985
95,14.24928753562322,8,car,663.29736328125,159.6852569580078,828.215087890625,233.17494201660156,0.4912427067756653
95,14.24928753562322,12,car,144.4641571044922,45.21065902709961,202.52296447753906,66.20193481445312,0.2787218689918518
95,14.24928753562322,13,car,498.2159423828125,78.67626953125,589.8903198242188,130.5739288330078,0.27612707018852234
95,14.24928753562322,14,car,799.4842529296875,101.43904113769531,848.8035888671875,134.0047607421875,0.27977919578552246
95,14.24928753562322,42,car,725.8938598632812,134.8848876953125,859.6781005859375,190.98452758789062,0.4597513675689697
95,14.24928753562322,52,car,36.89121627807617,109.18882751464844,120.63934326171875,182.52850341796875,0.5536015629768372
95,14.24928753562322,61,car,113.54960632324219,95.13097381591797,258.46710205078125,150.3689422607422,0.31379061937332153
95,14.24928753562322,66,car,100.12623596191406,61.255985260009766,227.22305297851562,94.3685302734375,0.28062427043914795
95,14.24928753562322,78,car,330.72052001953125,97.55443572998047,460.5106506347656,203.3804168701172,0.2832305431365967
95,14.24928753562322,91,car,662.0569458007812,159.57627868652344,858.6129150390625,265.21185302734375,0.2650963366031647
95,14.24928753562322,93,person,273.86248779296875,161.2183074951172,311.7924499511719,274.26434326171875,0.6804200410842896
95,14.24928753562322,112,person,297.7919616699219,0.8345981240272522,308.0471496582031,26.105600357055664,0.4844200015068054
96,14.399280035998201,1,car,596.3019409179688,125.64347839355469,721.1755981445312,190.50209045410156,0.8501823544502258
96,14.399280035998201,2,car,809.0635986328125,167.54165649414062,923.6038818359375,242.7862548828125,0.8388727307319641
96,14.399280035998201,3,car,0.26863059401512146,168.00856018066406,239.1248779296875,335.7414245605469,0.8588921427726746
96,14.399280035998201,4,car,807.6388549804688,251.20211791992188,959.840576171875,386.65081787109375,0.7450957298278809
96,14.399280035998201,6,car,934.7060546875,397.6940612792969,959.7426147460938,470.45391845703125,0.36672836542129517
96,14.399280035998201,7,car,831.2772216796875,112.29753875732422,930.381103515625,165.8788604736328,0.6038739085197449
96,14.399280035998201,8,car,663.373779296875,159.8323974609375,828.1294555664062,232.4355010986328,0.6522399187088013
96,14.399280035998201,10,car,72.54827117919922,144.57130432128906,170.0924530029297,186.0911865234375,0.2735062837600708
96,14.399280035998201,12,car,144.42042541503906,45.176578521728516,202.4121856689453,66.1891098022461,0.2798895239830017
96,14.399280035998201,13,car,498.15899658203125,78.8347396850586,590.0333251953125,130.23744201660156,0.27159106731414795
96,14.399280035998201,14,car,799.3805541992188,101.77606964111328,848.8430786132812,134.00694274902344,0.2834186851978302
96,14.399280035998201,42,car,725.943115234375,134.9341278076172,859.6703491210938,190.9507293701172,0.4558255076408386
96,14.399280035998201,52,car,36.5790901184082,109.34522247314453,120.36138916015625,182.7285614013672,0.5522122979164124
96,14.399280035998201,61,car,113.57527160644531,96.48219299316406,258.4747314453125,150.45855712890625,0.30100032687187195
96,14.399280035998201,66,car,100.28282928466797,61.237186431884766,227.206787109375,94.34805297851562,0.2729739248752594
96,14.399280035998201,78,car,334.25848388671875,102.67496490478516,467.0620422363281,210.45677185058594,0.3913341760635376
96,14.399280035998201,93,person,271.98883056640625,162.15066528320312,311.74407958984375,278.8661193847656,0.5929326415061951
96,14.399280035998201,112,person,296.1733093261719,1.105738878250122,306.672119140625,26.425222396850586,0.2639201581478119
97,14.549272536373183,1,car,596.3163452148438,125.68291473388672,721.2435302734375,190.49879455566406,0.8522263765335083
97,14.549272536373183,2,car,809.089111328125,167.50062561035156,923.6563720703125,242.5380401611328,0.8347848057746887
97,14.549272536373183,3,car,0.2489178329706192,167.7759552001953,239.53488159179688,335.4110107421875,0.8754361867904663
97,14.549272536373183,4,car,807.6983032226562,251.22398376464844,959.8325805664062,386.62896728515625,0.7436556220054626
97,14.549272536373183,6,car,934.3533935546875,398.0789489746094,959.7413940429688,470.43896484375,0.4306989908218384
97,14.549272536373183,7,car,831.2779541015625,112.32164001464844,930.3031005859375,165.8628692626953,0.6182428002357483
97,14.549272536373183,8,car,663.7745361328125,159.8541717529297,827.9542846679688,232.0213165283203,0.6343306303024292
97,14.549272536373183,12,car,144.41006469726562,45.1776237487793,202.42381286621094,66.17007446289062,0.30966928601264954
97,14.549272536373183,13,car,497.806640625,78.63469696044922,590.7958984375,130.11021423339844,0.2786521911621094
97,14.549272536373183,14,car,799.6097412109375,101.61511993408203,849.3540649414062,133.86183166503906,0.3085198402404785
97,14.549272536373183,25,car,393.312744140625,38.35024642944336,441.5777587890625,65.69409942626953,0.29777565598487854
97,14.549272536373183,42,car,726.0579833984375,134.9745330810547,859.684326171875,190.94854736328125,0.5001503229141235
97,14.549272536373183,52,car,36.83174133300781,109.47528839111328,120.1905746459961,182.5867462158203,0.5629366040229797
97,14.549272536373183,61,car,113.818603515625,95.57667541503906,258.4925231933594,150.5639190673828,0.3153653144836426
97,14.549272536373183,66,car,100.5196304321289,61.22638702392578,227.02737426757812,94.3239974975586,0.2930339276790619
97,14.549272536373183,78,car,337.7604675292969,107.39055633544922,474.39630126953125,219.3769073486328,0.46827614307403564
97,14.549272536373183,93,person,268.74505615234375,160.93870544433594,311.4991149902344,279.99993896484375,0.5681467056274414
97,14.549272536373183,112,person,294.5373840332031,2.119253158569336,304.01116943359375,28.047561645507812,0.5401692390441895
98,14.699265036748162,1,car,596.3185424804688,125.74323272705078,721.2153930664062,190.5162353515625,0.8466810584068298
98,14.699265036748162,2,car,809.0941772460938,167.49119567871094,923.6748046875,242.54534912109375,0.8326981067657471
98,14.699265036748162,3,car,0.21558651328086853,167.20208740234375,239.69789123535156,335.2594299316406,0.8650144338607788
98,14.699265036748162,4,car,807.6948852539062,251.19680786132812,959.8379516601562,386.67303466796875,0.7360439896583557
98,14.699265036748162,6,car,934.2119140625,398.3943786621094,959.7390747070312,470.5220947265625,0.39378196001052856
98,14.699265036748162,7,car,831.2626342773438,112.35888671875,930.0298461914062,165.85244750976562,0.6201004385948181
98,14.699265036748162,8,car,663.9585571289062,159.85702514648438,827.9641723632812,232.0297088623047,0.650276780128479
98,14.699265036748162,13,car,487.6824645996094,77.9758529663086,590.74365234375,129.65554809570312,0.2558561861515045
98,14.699265036748162,14,car,799.69384765625,101.60685729980469,849.3919677734375,133.81483459472656,0.28403401374816895
98,14.699265036748162,25,car,393.29522705078125,38.401519775390625,440.65081787109375,65.62113952636719,0.2666078209877014
98,14.699265036748162,42,car,726.057373046875,135.06332397460938,859.7083129882812,190.9522247314453,0.49561986327171326
98,14.699265036748162,52,car,36.76085662841797,109.42964172363281,120.26286315917969,182.65542602539062,0.5362863540649414
98,14.699265036748162,61,car,113.68746185302734,96.73665618896484,258.4190979003906,150.61111450195312,0.2731943726539612
98,14.699265036748162,66,car,100.22563171386719,61.171871185302734,227.1488037109375,94.24909210205078,0.32116156816482544
98,14.699265036748162,78,car,340.4827880859375,110.20436096191406,481.8038024902344,230.18896484375,0.36196187138557434
98,14.699265036748162,112,person,293.0201721191406,2.4306414127349854,301.9267883300781,28.546972274780273,0.4716212749481201
99,14.849257537123144,1,car,596.3026123046875,125.7463150024414,721.1163330078125,190.4917755126953,0.8511011600494385
99,14.849257537123144,2,car,809.1019287109375,167.4925079345703,923.7030639648438,242.54103088378906,0.8350093960762024
99,14.849257537123144,3,car,0.179446741938591,167.09011840820312,240.1959991455078,335.80377197265625,0.8751288652420044
99,14.849257537123144,4,car,807.6726684570312,251.1531219482422,959.83349609375,386.695068359375,0.7489773035049438
99,14.849257537123144,6,car,934.2910766601562,398.7232666015625,959.7314453125,470.5290222167969,0.3971208333969116
99,14.849257537123144,7,car,831.2857666015625,112.43720245361328,929.6050415039062,165.82763671875,0.6229586601257324
99,14.849257537123144,8,car,664.124755859375,159.77821350097656,827.782470703125,232.07626342773438,0.6482377052307129
99,14.849257537123144,12,car,144.30604553222656,45.11237335205078,202.6127166748047,66.18954467773438,0.27500060200691223
99,14.849257537123144,13,car,492.7070617675781,78.21439361572266,590.988525390625,129.88815307617188,0.2879719138145447
99,14.849257537123144,14,car,799.8670043945312,100.95543670654297,849.0633544921875,134.0267333984375,0.3154902160167694
99,14.849257537123144,25,car,393.2722473144531,38.39018630981445,440.2310791015625,65.59248352050781,0.27179646492004395
99,14.849257537123144,42,car,726.1180419921875,135.02569580078125,859.7009887695312,190.91036987304688,0.49447906017303467
99,14.849257537123144,52,car,36.834510803222656,109.38143157958984,120.14974975585938,182.63465881347656,0.5464463829994202
99,14.849257537123144,66,car,99.99833679199219,61.10617446899414,227.45626831054688,94.21398162841797,0.31329551339149475
99,14.849257537123144,112,person,291.0991516113281,2.453028440475464,299.5417175292969,28.741636276245117,0.5096193552017212
99,14.849257537123144,126,car,601.5244750976562,23.826702117919922,661.2256469726562,46.40980911254883,0.316985160112381
99,14.849257537123144,127,car,736.5458374023438,235.08871459960938,828.1598510742188,297.9520568847656,0.31952300667762756
100,14.999250037498125,1,car,596.28857421875,125.71876525878906,721.216552734375,190.51600646972656,0.8399698138237
100,14.999250037498125,2,car,809.0983276367188,167.4934844970703,923.6567993164062,242.5372772216797,0.8341959714889526
100,14.999250037498125,3,car,0.16824521124362946,166.98104858398438,240.51211547851562,336.1332702636719,0.8566921353340149
100,14.999250037498125,4,car,807.6594848632812,251.1572265625,959.840087890625,386.71368408203125,0.7298112511634827
100,14.999250037498125,6,car,934.3441772460938,398.722412109375,959.7322387695312,470.5890197753906,0.3474026024341583
100,14.999250037498125,7,car,831.2830200195312,112.50105285644531,929.7334594726562,165.86343383789062,0.6179742217063904
100,14.999250037498125,8,car,663.6959228515625,159.77479553222656,827.72314453125,231.93829345703125,0.648514449596405
100,14.999250037498125,12,car,144.30508422851562,45.10635757446289,202.73245239257812,66.1762466430664,0.26685404777526855
100,14.999250037498125,13,car,487.1371765136719,77.75682830810547,591.65380859375,129.60626220703125,0.2848459780216217
100,14.999250037498125,14,car,799.721435546875,101.28475952148438,849.1187133789062,133.87985229492188,0.3176406919956207
100,14.999250037498125,25,car,393.2837219238281,38.454654693603516,440.05718994140625,65.58052825927734,0.2638305723667145
100,14.999250037498125,42,car,726.0372924804688,135.0272979736328,859.6793212890625,190.8734893798828,0.47631746530532837
100,14.999250037498125,52,car,36.76618957519531,109.36663055419922,120.19678497314453,182.6929473876953,0.52198326587677
100,14.999250037498125,66,car,100.00408172607422,61.14567565917969,227.45005798339844,94.20310974121094,0.2863905131816864
100,14.999250037498125,78,car,346.51873779296875,119.11649322509766,500.25689697265625,247.16683959960938,0.2675251364707947
100,14.999250037498125,112,person,289.1658020019531,2.4629647731781006,297.7325439453125,28.885955810546875,0.32910609245300293
100,14.999250037498125,126,car,601.451904296875,23.85177230834961,661.2039184570312,46.413150787353516,0.2984006106853485
100,14.999250037498125,127,car,736.2325439453125,235.02896118164062,828.173828125,297.93255615234375,0.26086267828941345
101,15.149242537873107,1,car,596.3561401367188,125.75665283203125,721.2507934570312,190.5426788330078,0.842336118221283
101,15.149242537873107,2,car,809.1019897460938,167.51490783691406,923.6385498046875,242.55580139160156,0.836391270160675
101,15.149242537873107,3,car,0.22297018766403198,167.0044403076172,240.78378295898438,336.1253967285156,0.8805522322654724
101,15.149242537873107,4,car,807.6837768554688,251.097900390625,959.8505249023438,386.7343444824219,0.7427775263786316
101,15.149242537873107,6,car,934.4022827148438,398.70086669921875,959.7478637695312,470.63787841796875,0.4004771113395691
101,15.149242537873107,7,car,831.3221435546875,112.59380340576172,928.4666137695312,165.75942993164062,0.6345188617706299
101,15.149242537873107,8,car,663.4716186523438,159.794189453125,827.373046875,232.45156860351562,0.5833701491355896
101,15.149242537873107,12,car,144.3387908935547,45.136959075927734,203.03054809570312,66.34207153320312,0.27707356214523315
101,15.149242537873107,13,car,485.0838928222656,77.5472640991211,591.616455078125,129.41586303710938,0.30398163199424744
101,15.149242537873107,14,car,799.8956298828125,100.90392303466797,848.9017333984375,134.0748291015625,0.33229705691337585
101,15.149242537873107,25,car,393.327392578125,38.532772064208984,440.0049743652344,65.62554931640625,0.2805006802082062
101,15.149242537873107,42,car,726.331787109375,135.15530395507812,859.7112426757812,190.98753356933594,0.4739217162132263
101,15.149242537873107,52,car,36.860164642333984,109.413330078125,120.33649444580078,182.97804260253906,0.5382293462753296
101,15.149242537873107,66,car,100.3830795288086,61.18990707397461,226.66912841796875,94.2623519897461,0.2933061122894287
101,15.149242537873107,112,person,286.951171875,3.956716775894165,296.1192321777344,29.15268325805664,0.29319849610328674
101,15.149242537873107,126,car,601.5499267578125,24.056943893432617,661.1636352539062,46.36418914794922,0.31899571418762207
102,15.299235038248089,1,car,596.4188232421875,125.79383850097656,721.24658203125,190.5455780029297,0.8451411128044128
102,15.299235038248089,2,car,809.0994262695312,167.52798461914062,923.6076049804688,242.53541564941406,0.8367575407028198
102,15.299235038248089,3,car,0.2581501007080078,167.0076446533203,240.9169158935547,336.3182678222656,0.8871802687644958
102,15.299235038248089,4,car,807.6729736328125,251.20660400390625,959.8463745117188,386.7613220214844,0.7479470372200012
102,15.299235038248089,6,car,934.4164428710938,398.658447265625,959.7482299804688,470.5697326660156,0.40641751885414124
102,15.299235038248089,7,car,831.3406982421875,112.62137603759766,928.1428833007812,165.72434997558594,0.6317200064659119
102,15.299235038248089,8,car,663.4241943359375,159.79078674316406,827.2989501953125,232.39016723632812,0.5846936702728271
102,15.299235038248089,12,car,144.38946533203125,45.1087760925293,203.06993103027344,66.39530944824219,0.27090543508529663
102,15.299235038248089,13,car,484.87567138671875,77.46318817138672,591.7646484375,129.4571990966797,0.3242287039756775
102,15.299235038248089,14,car,799.9598999023438,100.7721176147461,848.7659301757812,134.14283752441406,0.3204517364501953
102,15.299235038248089,25,car,393.3381652832031,38.5360221862793,440.03497314453125,65.651611328125,0.26541295647621155
102,15.299235038248089,42,car,725.9937133789062,135.2396240234375,859.7810668945312,191.06735229492188,0.5096325874328613
102,15.299235038248089,52,car,36.78907012939453,109.40848541259766,120.3739242553711,183.1175994873047,0.5545497536659241
102,15.299235038248089,61,car,112.36056518554688,82.89254760742188,258.9634094238281,150.44012451171875,0.2701430320739746
102,15.299235038248089,66,car,100.7599868774414,61.15275573730469,226.39254760742188,94.34407806396484,0.2808167338371277
102,15.299235038248089,78,car,354.811279296875,129.15618896484375,492.048095703125,216.84378051757812,0.4691598415374756
102,15.299235038248089,126,car,601.6007690429688,24.10657501220703,661.17041015625,46.35134506225586,0.31824085116386414
102,15.299235038248089,130,car,388.72265625,185.53073120117188,518.7710571289062,275.2745361328125,0.6060943007469177
103,15.449227538623068,1,car,596.3748779296875,125.9242172241211,720.3424682617188,190.38592529296875,0.8265787363052368
103,15.449227538623068,2,car,808.7576904296875,167.69313049316406,923.6180419921875,240.11795043945312,0.807599663734436
103,15.449227538623068,3,car,0.3853539526462555,168.0956268310547,240.47154235839844,339.46484375,0.8288649916648865
103,15.449227538623068,4,car,807.874267578125,250.8052520751953,959.8341064453125,387.0093078613281,0.775861382484436
103,15.449227538623068,6,car,934.3574829101562,398.9069519042969,959.7797241210938,469.9609375,0.3493748903274536
103,15.449227538623068,7,car,831.25048828125,112.1829605102539,934.4668579101562,166.2148895263672,0.38117220997810364
103,15.449227538623068,8,car,663.1082153320312,159.03883361816406,826.8445434570312,235.2344207763672,0.4116731882095337
103,15.449227538623068,9,car,553.8614501953125,98.34033966064453,641.1734619140625,155.24940490722656,0.28903087973594666
103,15.449227538623068,10,car,75.59174346923828,144.6376190185547,170.98580932617188,185.599609375,0.28598809242248535
103,15.449227538623068,14,car,800.1178588867188,101.40658569335938,849.9841918945312,134.11070251464844,0.3856472373008728
103,15.449227538623068,42,car,724.8385620117188,134.06695556640625,859.8585815429688,192.11199951171875,0.31657999753952026
103,15.449227538623068,52,car,36.27244567871094,107.4991455078125,123.35897827148438,184.2371368408203,0.3816837966442108
103,15.449227538623068,78,car,359.1766357421875,134.38858032226562,485.5195617675781,209.18385314941406,0.3641730546951294
103,15.449227538623068,112,person,281.46832275390625,5.424380779266357,291.0093078613281,31.54021453857422,0.4379563331604004
103,15.449227538623068,130,car,391.7688903808594,189.3535614013672,526.261962890625,280.70233154296875,0.38800981640815735
104,15.59922003899805,1,car,596.7742919921875,125.92884063720703,720.1582641601562,190.35659790039062,0.827801525592804
104,15.59922003899805,2,car,808.7401123046875,167.70472717285156,923.6016845703125,239.8758087158203,0.8072112798690796
104,15.59922003899805,3,car,0.41243961453437805,168.62347412109375,240.4236297607422,341.4024658203125,0.8209311962127686
104,15.59922003899805,4,car,807.9093017578125,250.57913208007812,959.8016357421875,387.06787109375,0.7779627442359924
104,15.59922003899805,6,car,934.3870239257812,399.0444641113281,959.7610473632812,469.17791748046875,0.3330506682395935
104,15.59922003899805,7,car,831.3651123046875,112.08818817138672,935.7438354492188,166.34767150878906,0.3987988531589508
104,15.59922003899805,8,car,663.281982421875,158.69081115722656,821.81982421875,231.08433532714844,0.2806433141231537
104,15.59922003899805,9,car,553.8106689453125,98.22391510009766,640.5263671875,155.45529174804688,0.2635001838207245
104,15.59922003899805,10,car,75.78404998779297,144.63877868652344,170.26571655273438,185.6385955810547,0.4261470437049866
104,15.59922003899805,13,car,490.7098083496094,78.90643310546875,586.8841552734375,129.56517028808594,0.25550100207328796
104,15.59922003899805,14,car,799.7457885742188,101.4429931640625,850.362060546875,133.9349822998047,0.3225710988044739
104,15.59922003899805,42,car,724.7493896484375,134.9571075439453,859.6665649414062,192.37420654296875,0.28743916749954224
104,15.59922003899805,52,car,35.850555419921875,106.70124053955078,124.2873306274414,184.77757263183594,0.40883028507232666
104,15.59922003899805,61,car,112.81766510009766,77.7038345336914,259.1351013183594,152.9083709716797,0.31639814376831055
104,15.59922003899805,78,car,363.3913269042969,139.65711975097656,494.2513732910156,211.17269897460938,0.3869059681892395
104,15.59922003899805,112,person,279.5295715332031,6.489323616027832,289.1770324707031,32.2451171875,0.40294989943504333
104,15.59922003899805,130,car,396.8805847167969,191.57803344726562,535.8729248046875,290.19610595703125,0.2633183002471924
105,15.749212539373032,1,car,596.6155395507812,125.86813354492188,720.22412109375,190.3856201171875,0.8164576888084412
105,15.749212539373032,2,car,808.590576171875,167.6149139404297,924.3073120117188,241.00050354003906,0.8042309284210205
105,15.749212539373032,3,car,0.4877554476261139,168.42701721191406,239.40223693847656,340.4374084472656,0.4391602873802185
105,15.749212539373032,4,car,807.1682739257812,250.09274291992188,959.855224609375,386.4535827636719,0.6994063258171082
105,15.749212539373032,6,car,934.6061401367188,398.7773742675781,959.726318359375,470.7103576660156,0.5769467353820801
105,15.749212539373032,7,car,833.6923217773438,112.2911376953125,927.8788452148438,165.1955108642578,0.5361402630805969
105,15.749212539373032,8,car,662.6163330078125,158.65948486328125,807.2868041992188,225.76695251464844,0.3643794357776642
105,15.749212539373032,10,car,76.17832946777344,144.47059631347656,174.5084228515625,185.39138793945312,0.30261996388435364
105,15.749212539373032,13,car,492.304443359375,78.56880187988281,585.8224487304688,129.06695556640625,0.29115915298461914
105,15.749212539373032,14,car,799.517578125,101.61507415771484,850.0232543945312,134.0244140625,0.30662038922309875
105,15.749212539373032,25,car,393.0754699707031,37.76506042480469,440.8422546386719,65.14064025878906,0.31830012798309326
105,15.749212539373032,42,car,725.1482543945312,135.46295166015625,858.8615112304688,192.6470947265625,0.30219054222106934
105,15.749212539373032,52,car,35.444297790527344,106.69316864013672,122.71029663085938,184.2389678955078,0.44331470131874084
105,15.749212539373032,61,car,109.7046890258789,74.1982192993164,260.0811767578125,151.47598266601562,0.43613800406455994
105,15.749212539373032,91,car,690.1654663085938,171.55238342285156,866.3187866210938,296.8783264160156,0.37850698828697205
105,15.749212539373032,130,car,396.2228698730469,183.78158569335938,572.039306640625,295.13543701171875,0.5787737369537354
106,15.899205039748013,1,car,596.5081787109375,125.8553466796875,720.2068481445312,190.41123962402344,0.8177576065063477
106,15.899205039748013,2,car,808.5123901367188,167.59812927246094,924.5108642578125,241.3906707763672,0.8018231987953186
106,15.899205039748013,3,car,0.2836310565471649,168.34170532226562,239.01992797851562,339.6095886230469,0.5893747210502625
106,15.899205039748013,4,car,806.9517822265625,249.92990112304688,959.9012451171875,386.25146484375,0.6961928606033325
106,15.899205039748013,6,car,934.5972290039062,398.292724609375,959.7328491210938,471.93328857421875,0.5730615854263306
106,15.899205039748013,7,car,834.603759765625,112.43184661865234,924.4051513671875,164.72996520996094,0.5399033427238464
106,15.899205039748013,8,car,662.2588500976562,158.6461639404297,801.3960571289062,223.75228881835938,0.3466482162475586
106,15.899205039748013,9,car,544.1480712890625,98.32672119140625,639.5507202148438,153.37518310546875,0.2589015066623688
106,15.899205039748013,10,car,75.61383819580078,144.3932647705078,176.0792694091797,185.3687744140625,0.31534454226493835
106,15.899205039748013,13,car,492.7904052734375,78.45415496826172,585.4209594726562,128.91946411132812,0.29403311014175415
106,15.899205039748013,14,car,799.3847045898438,101.71421813964844,849.8522338867188,134.08154296875,0.32634902000427246
106,15.899205039748013,25,car,392.7510070800781,37.59807586669922,440.7909851074219,65.02545928955078,0.32489603757858276
106,15.899205039748013,42,car,725.16943359375,135.54568481445312,858.7033081054688,192.6049041748047,0.3617967963218689
106,15.899205039748013,52,car,34.82603073120117,106.25758361816406,122.48992919921875,184.14923095703125,0.43978846073150635
106,15.899205039748013,61,car,108.28462982177734,72.77542114257812,260.3123474121094,150.94528198242188,0.4463411569595337
106,15.899205039748013,91,car,691.2344970703125,172.4542694091797,866.2061767578125,297.87908935546875,0.32730987668037415
106,15.899205039748013,130,car,395.7864990234375,180.84039306640625,583.9309692382812,297.1103210449219,0.5582976341247559
106,15.899205039748013,132,car,445.2593078613281,284.11773681640625,622.2520141601562,398.6173095703125,0.694261372089386
107,16.049197540122993,1,car,596.5209350585938,125.80962371826172,720.1505126953125,190.4230499267578,0.8192026615142822
107,16.049197540122993,2,car,808.4664306640625,167.58938598632812,924.5554809570312,241.46238708496094,0.7972737550735474
107,16.049197540122993,3,car,0.18731166422367096,168.33815002441406,238.81683349609375,338.562744140625,0.797726571559906
107,16.049197540122993,4,car,806.8611450195312,249.8754119873047,959.8951416015625,386.0811462402344,0.7062056064605713
107,16.049197540122993,6,car,934.681396484375,397.97833251953125,959.7291259765625,472.3753662109375,0.5935208201408386
107,16.049197540122993,7,car,835.1939086914062,112.50906372070312,922.8992919921875,164.5078887939453,0.5210455060005188
107,16.049197540122993,8,car,662.1144409179688,158.5811767578125,800.090087890625,222.95654296875,0.3713768422603607
107,16.049197540122993,10,car,75.29348754882812,144.3612823486328,173.9033203125,185.30885314941406,0.28102952241897583
107,16.049197540122993,13,car,493.0063171386719,78.4223403930664,585.1444091796875,128.8777618408203,0.2835592031478882
107,16.049197540122993,14,car,799.375732421875,101.7569351196289,849.6161499023438,134.05203247070312,0.31795474886894226
107,16.049197540122993,25,car,392.70330810546875,37.51112365722656,440.6626892089844,64.96694946289062,0.31073349714279175
107,16.049197540122993,52,car,34.539669036865234,106.01560974121094,122.44444274902344,184.08839416503906,0.4604910910129547
107,16.049197540122993,61,car,108.8111343383789,72.59783172607422,260.4897155761719,151.6739959716797,0.42684251070022583
107,16.049197540122993,91,car,691.8124389648438,172.64840698242188,866.1328125,298.29962158203125,0.3498234450817108
107,16.049197540122993,130,car,396.0085754394531,179.66505432128906,588.0862426757812,296.60174560546875,0.5558123588562012
107,16.049197540122993,132,car,445.5663146972656,284.22412109375,622.175537109375,398.5267028808594,0.6977340579032898
107,16.049197540122993,134,car,74.5005111694336,143.8770294189453,230.14109802246094,186.39486694335938,0.361643522977829
108,16.199190040497975,1,car,596.4497680664062,125.80093383789062,720.0845947265625,190.4307403564453,0.816883385181427
108,16.199190040497975,2,car,808.4694213867188,167.57864379882812,924.6349487304688,241.4635467529297,0.7924892902374268
108,16.199190040497975,3,car,0.09995371103286743,168.20962524414062,239.1553955078125,338.6278381347656,0.666978657245636
108,16.199190040497975,4,car,806.925048828125,249.7281951904297,959.8963012695312,386.15057373046875,0.6875334978103638
108,16.199190040497975,6,car,934.6343383789062,398.1676330566406,959.7322998046875,472.3483581542969,0.5706055760383606
108,16.199190040497975,7,car,835.7141723632812,112.45774841308594,922.8635864257812,164.49813842773438,0.5152913331985474
108,16.199190040497975,8,car,662.0277099609375,158.54855346679688,800.8646850585938,222.6011199951172,0.38796159625053406
108,16.199190040497975,10,car,75.11471557617188,144.32412719726562,174.16917419433594,185.28221130371094,0.2754766643047333
108,16.199190040497975,13,car,493.095458984375,78.39411163330078,585.07275390625,128.8781280517578,0.2702447772026062
108,16.199190040497975,14,car,799.4540405273438,101.75618743896484,849.4306640625,134.03469848632812,0.30854272842407227
108,16.199190040497975,25,car,392.6669616699219,37.47459411621094,440.5718994140625,64.94989013671875,0.3029233515262604
108,16.199190040497975,42,car,726.083251953125,135.6405487060547,858.7361450195312,192.7396697998047,0.3865079879760742
108,16.199190040497975,52,car,34.25157165527344,106.15103912353516,121.94956970214844,184.3918914794922,0.46783772110939026
108,16.199190040497975,61,car,108.96138000488281,72.66520690917969,260.4691467285156,151.601318359375,0.4036882817745209
108,16.199190040497975,91,car,691.2095336914062,172.4481658935547,865.5389404296875,299.5047302246094,0.26025548577308655
108,16.199190040497975,130,car,396.2492370605469,179.33035278320312,589.3463134765625,297.07867431640625,0.5115589499473572
108,16.199190040497975,132,car,445.2967834472656,284.59088134765625,622.2094116210938,398.49346923828125,0.6819832921028137
108,16.199190040497975,134,car,74.43339538574219,143.8937225341797,229.81936645507812,186.43206787109375,0.3972969949245453
109,16.349182540872956,1,car,596.4310302734375,125.69573211669922,720.1107177734375,190.4120635986328,0.8176059722900391
109,16.349182540872956,2,car,808.4596557617188,167.56614685058594,924.6673583984375,241.45091247558594,0.7957670092582703
109,16.349182540872956,3,car,0.10856038331985474,168.17015075683594,239.09007263183594,339.4236755371094,0.5384790301322937
109,16.349182540872956,4,car,806.91650390625,249.87583923339844,959.8893432617188,386.0269775390625,0.6889970898628235
109,16.349182540872956,6,car,934.5880737304688,398.21075439453125,959.7249145507812,472.2840270996094,0.563414454460144
109,16.349182540872956,7,car,835.5279541015625,112.40448760986328,923.3452758789062,164.5682830810547,0.5068483352661133
109,16.349182540872956,8,car,662.2430419921875,158.43812561035156,794.6952514648438,222.08126831054688,0.39829352498054504
109,16.349182540872956,10,car,74.98961639404297,144.39166259765625,172.09146118164062,185.33786010742188,0.2820468842983246
109,16.349182540872956,13,car,493.0185852050781,78.20313262939453,585.26025390625,128.91012573242188,0.28557124733924866
109,16.349182540872956,14,car,799.5098266601562,101.71439361572266,849.3987426757812,134.0179901123047,0.29677385091781616
109,16.349182540872956,25,car,392.7007141113281,37.49544906616211,440.6264343261719,64.95838928222656,0.29975664615631104
109,16.349182540872956,42,car,726.6884765625,135.5494384765625,858.9257202148438,192.67352294921875,0.42116907238960266
109,16.349182540872956,52,car,34.10481262207031,106.44113159179688,121.64057922363281,184.45225524902344,0.451416939496994
109,16.349182540872956,61,car,109.71343994140625,72.48970031738281,260.7056884765625,151.3318634033203,0.41062527894973755
109,16.349182540872956,91,car,691.2523193359375,173.17813110351562,864.0162353515625,299.6556396484375,0.2955247759819031
109,16.349182540872956,130,car,395.10247802734375,179.13262939453125,588.8025512695312,296.5519104003906,0.5753292441368103
109,16.349182540872956,132,car,444.0959777832031,283.1955261230469,622.2338256835938,398.5020446777344,0.7137096524238586
109,16.349182540872956,134,car,74.46371459960938,143.92776489257812,230.12571716308594,186.5686492919922,0.41427159309387207
110,16.499175041247938,1,car,596.4949340820312,125.65902709960938,720.1240234375,190.38864135742188,0.8163612484931946
110,16.499175041247938,2,car,808.4967041015625,167.56736755371094,924.6882934570312,241.22744750976562,0.7938189506530762
110,16.499175041247938,3,car,0.27073410153388977,168.19857788085938,239.09400939941406,339.2457580566406,0.7142356634140015
110,16.499175041247938,4,car,806.878173828125,249.81259155273438,959.9007568359375,385.80596923828125,0.6930227875709534
110,16.499175041247938,6,car,934.70361328125,398.2333984375,959.7228393554688,472.43450927734375,0.575596272945404
110,16.499175041247938,7,car,835.1300659179688,112.43372344970703,923.675537109375,164.6167755126953,0.510230302810669
110,16.499175041247938,8,car,662.088134765625,158.5355987548828,797.8331298828125,222.2685089111328,0.3965432047843933
110,16.499175041247938,10,car,75.53144836425781,144.36746215820312,171.84681701660156,185.30372619628906,0.3018880784511566
110,16.499175041247938,13,car,493.07232666015625,78.08270263671875,585.997314453125,128.91102600097656,0.2973339259624481
110,16.499175041247938,14,car,799.6583251953125,101.68769836425781,849.3810424804688,134.05313110351562,0.2813584506511688
110,16.499175041247938,25,car,392.7147216796875,37.56318283081055,440.77337646484375,64.99081420898438,0.31185382604599
110,16.499175041247938,42,car,726.5264282226562,135.69667053222656,858.8029174804688,192.7543182373047,0.39494001865386963
110,16.499175041247938,52,car,34.46586608886719,106.59485626220703,121.77112579345703,184.52423095703125,0.4586900472640991
110,16.499175041247938,61,car,111.03995513916016,73.57060241699219,260.6092529296875,152.26622009277344,0.39579856395721436
110,16.499175041247938,91,car,691.4481201171875,172.62649536132812,864.3058471679688,299.7928161621094,0.26761847734451294
110,16.499175041247938,130,car,391.6550598144531,179.40817260742188,589.7366333007812,299.969482421875,0.5445973873138428
110,16.499175041247938,132,car,446.76531982421875,283.0281677246094,622.1876831054688,398.49871826171875,0.7021744251251221
110,16.499175041247938,134,car,75.04704284667969,143.930419921875,230.04928588867188,186.51512145996094,0.391345739364624
111,16.64916754162292,1,car,596.517578125,125.6442642211914,720.1559448242188,190.38296508789062,0.8132163286209106
111,16.64916754162292,2,car,808.5161743164062,167.5679473876953,924.6958618164062,241.218994140625,0.7910352945327759
111,16.64916754162292,3,car,0.3384321928024292,168.26400756835938,238.8377685546875,338.42877197265625,0.7217913269996643
111,16.64916754162292,4,car,806.8687744140625,249.79058837890625,959.8958740234375,385.74139404296875,0.6676512956619263
111,16.64916754162292,6,car,934.6749267578125,398.2105407714844,959.7098999023438,472.30352783203125,0.5525035262107849
111,16.64916754162292,7,car,834.9492797851562,112.42740631103516,924.103271484375,164.69981384277344,0.5034416317939758
111,16.64916754162292,8,car,662.044677734375,158.61581420898438,799.319580078125,222.29733276367188,0.4167262613773346
111,16.64916754162292,9,car,542.8009033203125,98.88809967041016,641.7286376953125,155.28814697265625,0.25795286893844604
111,16.64916754162292,10,car,75.66983795166016,144.48916625976562,171.72589111328125,185.26219177246094,0.27281513810157776
111,16.64916754162292,13,car,493.19635009765625,77.95784759521484,586.155029296875,128.90484619140625,0.2801942825317383
111,16.64916754162292,14,car,799.628173828125,101.68531799316406,849.39111328125,134.13644409179688,0.28894075751304626
111,16.64916754162292,25,car,392.7355041503906,37.64226150512695,440.88616943359375,64.98490142822266,0.30784112215042114
111,16.64916754162292,42,car,725.9651489257812,135.56680297851562,858.9857788085938,192.2418212890625,0.4820415675640106
111,16.64916754162292,52,car,35.07003402709961,106.25989532470703,122.35853576660156,184.51234436035156,0.44365939497947693
111,16.64916754162292,61,car,111.38664245605469,74.10201263427734,260.7039794921875,152.43235778808594,0.3974083364009857
111,16.64916754162292,91,car,691.3721923828125,172.32699584960938,864.521484375,299.7359924316406,0.25944551825523376
111,16.64916754162292,130,car,386.8296813964844,179.47384643554688,589.7980346679688,301.45367431640625,0.5935025215148926
111,16.64916754162292,132,car,446.4090881347656,282.9277648925781,622.12158203125,398.42694091796875,0.7005861401557922
111,16.64916754162292,134,car,75.35818481445312,143.9224090576172,229.8519287109375,186.27500915527344,0.4345766007900238
111,16.64916754162292,137,person,140.69871520996094,227.1116180419922,177.5863494873047,322.0054626464844,0.5769689679145813
112,16.7991600419979,1,car,596.52587890625,125.7109375,720.3453369140625,190.38153076171875,0.8188673853874207
112,16.7991600419979,2,car,808.5909423828125,167.604736328125,924.7703857421875,241.04168701171875,0.7928208708763123
112,16.7991600419979,3,car,0.27101635932922363,168.36819458007812,239.32159423828125,339.594482421875,0.37767258286476135
112,16.7991600419979,4,car,806.925537109375,249.78338623046875,959.8673095703125,385.6976013183594,0.6835887432098389
112,16.7991600419979,6,car,934.6714477539062,398.1396179199219,959.6905517578125,472.3128356933594,0.5610255002975464
112,16.7991600419979,7,car,834.9759521484375,112.46958923339844,924.4021606445312,164.70413208007812,0.48880788683891296
112,16.7991600419979,8,car,662.09228515625,158.6560821533203,797.7743530273438,222.45822143554688,0.36399245262145996
112,16.7991600419979,9,car,542.4721069335938,98.8376235961914,641.9933471679688,155.37953186035156,0.2714774012565613
112,16.7991600419979,10,car,75.70933532714844,144.5305938720703,171.5869598388672,185.29196166992188,0.26212865114212036
112,16.7991600419979,13,car,492.96099853515625,78.07792663574219,586.2130737304688,128.82521057128906,0.30804699659347534
112,16.7991600419979,14,car,799.5570678710938,101.74635314941406,849.402099609375,134.1913604736328,0.3327503502368927
112,16.7991600419979,25,car,392.7329406738281,37.63728713989258,441.1020202636719,64.9671859741211,0.32473447918891907
112,16.7991600419979,42,car,725.9641723632812,135.5352783203125,859.1172485351562,192.13360595703125,0.44871172308921814
112,16.7991600419979,52,car,34.66893005371094,106.35258483886719,122.46672058105469,184.9864044189453,0.48177385330200195
112,16.7991600419979,61,car,110.59169006347656,72.75111389160156,260.8629455566406,151.76919555664062,0.458602637052536
112,16.7991600419979,91,car,691.4658203125,173.13168334960938,865.7554931640625,299.00592041015625,0.2696721851825714
112,16.7991600419979,130,car,382.5343322753906,179.58621215820312,589.1482543945312,300.5118408203125,0.5682274699211121
112,16.7991600419979,132,car,446.28582763671875,282.9367980957031,621.9862060546875,398.3395080566406,0.7088925838470459
112,16.7991600419979,134,car,75.26446533203125,143.90301513671875,230.31956481933594,186.35760498046875,0.4039729833602905
113,16.949152542372882,1,car,596.5342407226562,125.75682067871094,720.3722534179688,190.3844757080078,0.8201263546943665
113,16.949152542372882,2,car,808.6279907226562,167.69090270996094,924.8549194335938,241.00531005859375,0.7955018877983093
113,16.949152542372882,3,car,0.2681654393672943,168.30140686035156,239.2919158935547,339.443603515625,0.7398127913475037
113,16.949152542372882,4,car,807.058349609375,249.68959045410156,959.8603515625,385.8742980957031,0.7399246692657471
113,16.949152542372882,6,car,934.681884765625,398.1352844238281,959.7047119140625,472.3416748046875,0.5720275044441223
113,16.949152542372882,7,car,835.0455322265625,112.42985534667969,924.32763671875,164.6931610107422,0.4738055467605591
113,16.949152542372882,8,car,662.0850219726562,158.67079162597656,797.3646240234375,222.454345703125,0.37817904353141785
113,16.949152542372882,9,car,542.2617797851562,98.82087707519531,642.1248168945312,155.35321044921875,0.2853005826473236
113,16.949152542372882,10,car,75.82284545898438,144.5589599609375,171.67237854003906,185.29124450683594,0.25340425968170166
113,16.949152542372882,13,car,493.0677490234375,78.15667724609375,586.055419921875,128.72555541992188,0.30306002497673035
113,16.949152542372882,14,car,799.4036254882812,101.8293685913086,849.4487915039062,134.2067413330078,0.3449653089046478
113,16.949152542372882,25,car,392.7369079589844,37.698368072509766,441.174072265625,64.97986602783203,0.3168627619743347
113,16.949152542372882,42,car,725.7997436523438,135.5001983642578,859.2537231445312,192.02398681640625,0.474944144487381
113,16.949152542372882,52,car,34.39934158325195,106.50100708007812,122.62860870361328,185.20065307617188,0.4796797037124634
113,16.949152542372882,61,car,110.27748107910156,71.97235107421875,260.91131591796875,151.7232666015625,0.42986032366752625
113,16.949152542372882,91,car,691.4403076171875,173.4608917236328,866.3080444335938,298.70013427734375,0.2816607356071472
113,16.949152542372882,130,car,378.534912109375,179.79884338378906,588.4574584960938,304.3978576660156,0.5332915782928467
113,16.949152542372882,132,car,445.8540344238281,282.5335998535156,621.9924926757812,398.2440490722656,0.7216193079948425
113,16.949152542372882,134,car,75.37322235107422,143.90870666503906,230.1752166748047,186.31431579589844,0.4247741997241974
114,17.099145042747864,1,car,596.5357055664062,125.77265930175781,720.3529052734375,190.3816680908203,0.819902777671814
114,17.099145042747864,2,car,808.6505737304688,167.69674682617188,924.8773193359375,240.97433471679688,0.7948501110076904
114,17.099145042747864,3,car,0.21574845910072327,168.2838134765625,239.85003662109375,339.2706604003906,0.4784087836742401
114,17.099145042747864,4,car,807.1270751953125,249.6132354736328,959.8652954101562,385.61285400390625,0.7476036548614502
114,17.099145042747864,6,car,934.7998046875,398.2160949707031,959.7332763671875,472.5614929199219,0.5671707391738892
114,17.099145042747864,7,car,835.0599365234375,112.50545501708984,923.9814453125,164.63070678710938,0.4960884749889374
114,17.099145042747864,8,car,662.0784301757812,158.6536865234375,797.8036499023438,222.47984313964844,0.3964371979236603
114,17.099145042747864,9,car,542.2409057617188,98.84525299072266,642.0962524414062,155.34376525878906,0.27713802456855774
114,17.099145042747864,10,car,75.94841766357422,144.42398071289062,172.88897705078125,185.3105010986328,0.27137792110443115
114,17.099145042747864,13,car,493.11004638671875,78.1549301147461,586.107666015625,128.70530700683594,0.306423157453537
114,17.099145042747864,14,car,799.3961791992188,101.88775634765625,849.5323486328125,134.21006774902344,0.3476721942424774
114,17.099145042747864,25,car,392.7493896484375,37.74032211303711,441.1268310546875,64.9629135131836,0.27920305728912354
114,17.099145042747864,42,car,725.7514038085938,135.4814910888672,859.3056640625,191.9127655029297,0.47845566272735596
114,17.099145042747864,52,car,34.21978759765625,106.62088775634766,122.58436584472656,185.4058837890625,0.4888758063316345
114,17.099145042747864,61,car,110.15617370605469,71.7972640991211,260.8834533691406,152.00009155273438,0.43205589056015015
114,17.099145042747864,91,car,691.4915161132812,173.25914001464844,866.395263671875,298.6913146972656,0.2782605290412903
114,17.099145042747864,130,car,375.2000427246094,179.9663848876953,588.1265869140625,312.10491943359375,0.48474010825157166
114,17.099145042747864,132,car,445.34539794921875,283.7030029296875,621.9682006835938,398.1790466308594,0.6968642473220825
114,17.099145042747864,134,car,75.41828155517578,143.9761505126953,229.98284912109375,186.3977813720703,0.41354990005493164
115,17.249137543122846,1,car,596.544189453125,125.76728820800781,720.303955078125,190.3674774169922,0.8185939788818359
115,17.249137543122846,2,car,808.67529296875,167.6916046142578,924.9351196289062,240.87205505371094,0.7935643792152405
115,17.249137543122846,3,car,0.17971326410770416,168.3750457763672,240.39639282226562,340.8135681152344,0.4032602310180664
115,17.249137543122846,4,car,807.1701049804688,249.54539489746094,959.8887329101562,385.659912109375,0.7476491332054138
115,17.249137543122846,6,car,934.8392333984375,398.2280578613281,959.7545166015625,472.5345153808594,0.5668394565582275
115,17.249137543122846,7,car,835.0050048828125,112.490234375,923.58447265625,164.55223083496094,0.47377514839172363
115,17.249137543122846,8,car,662.0935668945312,158.65234375,797.7147216796875,222.44642639160156,0.43080025911331177
115,17.249137543122846,9,car,542.3024291992188,98.81277465820312,642.0867309570312,155.34222412109375,0.26559484004974365
115,17.249137543122846,10,car,75.89750671386719,144.36062622070312,172.58595275878906,185.29293823242188,0.2631027400493622
115,17.249137543122846,13,car,493.15203857421875,78.10686492919922,585.9878540039062,128.65066528320312,0.28735390305519104
115,17.249137543122846,14,car,799.393310546875,102.23283386230469,849.4534912109375,134.43006896972656,0.3412010371685028
115,17.249137543122846,42,car,725.87109375,135.40859985351562,859.3720092773438,191.856689453125,0.47520944476127625
115,17.249137543122846,52,car,34.139076232910156,106.66999816894531,122.57861328125,185.48147583007812,0.4884442389011383
115,17.249137543122846,61,car,110.10086059570312,71.85870361328125,260.9291687011719,151.87464904785156,0.43637678027153015
115,17.249137543122846,91,car,691.5365600585938,173.07131958007812,866.3556518554688,298.6593017578125,0.2717994153499603
115,17.249137543122846,130,car,373.2325134277344,180.18406677246094,587.4797973632812,311.42474365234375,0.471979558467865
115,17.249137543122846,132,car,444.0362243652344,281.2607116699219,621.978271484375,398.09515380859375,0.7239364385604858
115,17.249137543122846,134,car,75.27201843261719,143.97024536132812,230.198974609375,186.37863159179688,0.4132639169692993
116,17.399130043497827,1,car,596.5634155273438,125.7746353149414,720.2900390625,190.35806274414062,0.819546639919281
116,17.399130043497827,2,car,808.6890869140625,167.72816467285156,925.0147705078125,240.81605529785156,0.7922911047935486
116,17.399130043497827,3,car,0.2932242453098297,190.96336364746094,199.70790100097656,339.10400390625,0.46311628818511963
116,17.399130043497827,4,car,807.1788940429688,249.52947998046875,959.8861694335938,385.6336975097656,0.7488300204277039
116,17.399130043497827,6,car,934.85986328125,398.23095703125,959.7467651367188,472.57781982421875,0.5630879998207092
116,17.399130043497827,7,car,835.5557861328125,112.44281005859375,921.5403442382812,164.41897583007812,0.43363526463508606
116,17.399130043497827,8,car,662.1499633789062,158.61703491210938,796.7006225585938,222.97482299804688,0.4196327328681946
116,17.399130043497827,9,car,542.9349975585938,98.96527862548828,642.0401000976562,155.32827758789062,0.25994542241096497
116,17.399130043497827,10,car,75.78407287597656,144.45111083984375,171.6072540283203,185.22622680664062,0.2771841883659363
116,17.399130043497827,13,car,493.205322265625,78.04052734375,586.1213989257812,128.6830291748047,0.2944204807281494
116,17.399130043497827,14,car,799.3763427734375,102.33867645263672,849.3988647460938,134.53187561035156,0.33918488025665283
116,17.399130043497827,42,car,726.0966796875,135.35897827148438,859.396240234375,191.8994140625,0.4671774208545685
116,17.399130043497827,52,car,34.190311431884766,106.69593811035156,122.53165435791016,185.41311645507812,0.48281168937683105
116,17.399130043497827,61,car,110.20145416259766,71.90424346923828,260.9665832519531,151.699951171875,0.4344979524612427
116,17.399130043497827,91,car,693.0966796875,172.49224853515625,866.2078857421875,297.98968505859375,0.33503973484039307
116,17.399130043497827,130,car,372.49505615234375,180.2164764404297,586.8245849609375,307.17242431640625,0.4695480763912201
116,17.399130043497827,132,car,443.6796875,281.1496276855469,621.97509765625,397.9718017578125,0.7021054029464722
116,17.399130043497827,134,car,75.17667388916016,143.9225616455078,230.67613220214844,186.35728454589844,0.3897124230861664
117,17.549122543872805,1,car,596.5982666015625,125.7873764038086,720.2625732421875,190.38710021972656,0.8201233744621277
117,17.549122543872805,2,car,808.6607666015625,167.74559020996094,925.0298461914062,240.94033813476562,0.7935932278633118
117,17.549122543872805,3,car,0.2177392542362213,202.39730834960938,181.2761688232422,338.756591796875,0.37208420038223267
117,17.549122543872805,4,car,807.205810546875,249.4703826904297,959.8550415039062,385.41046142578125,0.7419820427894592
117,17.549122543872805,6,car,934.727294921875,398.1563415527344,959.7412109375,472.374267578125,0.5634931325912476
117,17.549122543872805,7,car,835.9341430664062,112.46704864501953,920.9925537109375,164.39849853515625,0.4533331096172333
117,17.549122543872805,8,car,662.1820068359375,158.61822509765625,796.7064208984375,223.2598876953125,0.3585160970687866
117,17.549122543872805,9,car,543.7867431640625,99.1016616821289,641.945556640625,155.45315551757812,0.252575546503067
117,17.549122543872805,10,car,75.69857788085938,144.34962463378906,172.96926879882812,185.23667907714844,0.29480257630348206
117,17.549122543872805,13,car,493.3291320800781,77.97938537597656,585.9852905273438,128.7368927001953,0.27708378434181213
117,17.549122543872805,14,car,799.3563842773438,102.355712890625,849.4646606445312,134.57676696777344,0.3399578034877777
117,17.549122543872805,25,car,392.874755859375,37.84177017211914,441.2806091308594,64.97362518310547,0.2570832669734955
117,17.549122543872805,42,car,726.3385620117188,135.30931091308594,859.43310546875,191.95263671875,0.4647388160228729
117,17.549122543872805,52,car,34.391075134277344,106.84139251708984,122.51924133300781,185.2606201171875,0.4919823408126831
117,17.549122543872805,61,car,110.37349700927734,71.56980895996094,260.9837646484375,151.6652374267578,0.45111772418022156
117,17.549122543872805,91,car,693.708740234375,172.3181915283203,866.4075317382812,298.006591796875,0.3946129083633423
117,17.549122543872805,130,car,371.9678039550781,180.27316284179688,587.2835083007812,307.4286193847656,0.44066330790519714
117,17.549122543872805,132,car,443.718017578125,280.37652587890625,621.8864135742188,397.8481140136719,0.728369414806366
117,17.549122543872805,134,car,74.77500915527344,143.83843994140625,231.00112915039062,186.4527587890625,0.31361785531044006
117,17.549122543872805,138,car,57.09016418457031,168.32766723632812,238.73988342285156,301.5403747558594,0.4075617790222168
118,17.699115044247787,1,car,596.614013671875,125.76324462890625,720.2830810546875,190.41049194335938,0.8222522735595703
118,17.699115044247787,2,car,808.6412963867188,167.76815795898438,924.9845581054688,241.01657104492188,0.7968790531158447
118,17.699115044247787,4,car,807.2026977539062,249.4391632080078,959.8397216796875,385.28253173828125,0.73592209815979
118,17.699115044247787,6,car,934.6535034179688,398.2803039550781,959.7355346679688,472.33258056640625,0.5622938871383667
118,17.699115044247787,7,car,835.8992919921875,112.5269775390625,921.7005004882812,164.33396911621094,0.4717581868171692
118,17.699115044247787,8,car,662.50927734375,158.5487823486328,783.0722045898438,222.90289306640625,0.32477086782455444
118,17.699115044247787,9,car,543.1477661132812,98.88582611083984,641.98291015625,155.42440795898438,0.28300631046295166
118,17.699115044247787,10,car,75.61539459228516,144.26409912109375,174.2584228515625,185.23875427246094,0.3320791721343994
118,17.699115044247787,13,car,493.3698425292969,77.92639923095703,585.8033447265625,128.77862548828125,0.2946581542491913
118,17.699115044247787,14,car,799.3517456054688,102.34928894042969,849.4904174804688,134.5943603515625,0.3533778488636017
118,17.699115044247787,25,car,392.9106750488281,37.863372802734375,441.29547119140625,64.989013671875,0.2826807498931885
118,17.699115044247787,42,car,726.457763671875,135.2400665283203,859.4569091796875,192.00103759765625,0.47297170758247375
118,17.699115044247787,52,car,34.626792907714844,106.96011352539062,122.50300598144531,184.97042846679688,0.5031635165214539
118,17.699115044247787,61,car,110.52801513671875,71.06785583496094,260.9437255859375,151.59364318847656,0.4368894696235657
118,17.699115044247787,91,car,694.033935546875,172.25625610351562,866.5020751953125,297.8914794921875,0.4087288975715637
118,17.699115044247787,130,car,371.56787109375,180.082275390625,586.7413940429688,310.40185546875,0.48599836230278015
118,17.699115044247787,132,car,447.4246520996094,280.9482116699219,621.9600830078125,397.931640625,0.6502918601036072
118,17.699115044247787,134,car,74.58478546142578,143.7701416015625,231.4004669189453,186.43411254882812,0.25589531660079956
119,17.84910754462277,1,car,596.5878295898438,125.87183380126953,720.2687377929688,190.4365234375,0.8239700794219971
119,17.84910754462277,2,car,808.6316528320312,167.81369018554688,924.9232788085938,241.05197143554688,0.8026684522628784
119,17.84910754462277,4,car,807.2127685546875,249.4270782470703,959.84619140625,384.90576171875,0.7532114386558533
119,17.84910754462277,6,car,934.6441040039062,399.2292175292969,959.7415771484375,472.411865234375,0.6064798831939697
119,17.84910754462277,7,car,835.8594970703125,112.51325225830078,921.82568359375,164.26263427734375,0.4635290205478668
119,17.84910754462277,8,car,662.3995361328125,158.59848022460938,793.0986328125,223.58160400390625,0.33770671486854553
119,17.84910754462277,9,car,543.7950439453125,99.08676147460938,641.9111938476562,155.38319396972656,0.3023588955402374
119,17.84910754462277,10,car,75.57962799072266,144.19696044921875,175.5705108642578,185.30860900878906,0.34948980808258057
119,17.84910754462277,13,car,493.29473876953125,77.96035766601562,585.8948364257812,128.75978088378906,0.2980937361717224
119,17.84910754462277,14,car,799.277099609375,102.00215148925781,849.5830078125,134.36398315429688,0.3413148820400238
119,17.84910754462277,25,car,392.87060546875,37.86515808105469,441.3238525390625,64.96564483642578,0.2766346037387848
119,17.84910754462277,42,car,726.5269775390625,135.15809631347656,859.4625854492188,191.9199676513672,0.4755168557167053
119,17.84910754462277,52,car,34.968894958496094,107.01802825927734,122.45170593261719,184.5789031982422,0.510509729385376
119,17.84910754462277,61,car,110.65453338623047,70.9649658203125,260.9247131347656,151.57200622558594,0.38595589995384216
119,17.84910754462277,91,car,694.2050170898438,172.34385681152344,866.4891357421875,297.789794921875,0.373977929353714
119,17.84910754462277,130,car,372.5039367675781,190.15786743164062,584.3289794921875,313.2962646484375,0.266407310962677
119,17.84910754462277,132,car,448.2908020019531,280.5724792480469,622.3095092773438,398.0428771972656,0.6824937462806702
119,17.84910754462277,138,car,5.757505416870117,168.22557067871094,240.30670166015625,334.66064453125,0.4754641354084015
120,17.99910004499775,1,car,596.6060791015625,125.84139251708984,720.2467041015625,190.434814453125,0.8233619928359985
120,17.99910004499775,2,car,808.6264038085938,167.8155975341797,924.8943481445312,241.10093688964844,0.7986029982566833
120,17.99910004499775,4,car,807.2385864257812,249.29115295410156,959.8135986328125,384.6860656738281,0.7370724081993103
120,17.99910004499775,6,car,934.5842895507812,399.87225341796875,959.728515625,472.4125061035156,0.5602967143058777
120,17.99910004499775,7,car,835.9064331054688,112.60536193847656,921.3519897460938,164.15806579589844,0.47967207431793213
120,17.99910004499775,8,car,662.616943359375,158.54769897460938,780.3212280273438,223.0432891845703,0.3318653404712677
120,17.99910004499775,9,car,543.4783935546875,98.9096908569336,641.8883056640625,155.3506317138672,0.30208858847618103
120,17.99910004499775,10,car,75.67129516601562,144.21363830566406,175.50021362304688,185.31285095214844,0.2683202922344208
120,17.99910004499775,13,car,493.4281005859375,78.03153991699219,585.7651977539062,128.76455688476562,0.29527685046195984
120,17.99910004499775,14,car,799.2114868164062,101.85283660888672,849.6002197265625,134.26678466796875,0.34186309576034546
120,17.99910004499775,42,car,726.6240234375,135.09400939941406,859.5068969726562,191.9844207763672,0.4722982943058014
120,17.99910004499775,52,car,35.30079650878906,107.07372283935547,122.4358901977539,184.36395263671875,0.49500614404678345
120,17.99910004499775,61,car,110.79803466796875,70.88742065429688,261.0360107421875,151.22605895996094,0.3577263653278351
120,17.99910004499775,91,car,693.7762451171875,172.3457794189453,867.8661499023438,297.86944580078125,0.3859604597091675
120,17.99910004499775,130,car,372.140380859375,184.01747131347656,585.8475952148438,311.0811462402344,0.4325920045375824
120,17.99910004499775,132,car,448.4096984863281,280.13995361328125,622.4035034179688,398.29595947265625,0.7084423303604126
120,17.99910004499775,134,car,74.89009094238281,143.75880432128906,232.20123291015625,187.35218811035156,0.2670839726924896
120,17.99910004499775,138,car,0.0,168.20130920410156,240.5941619873047,340.2775573730469,0.4839574098587036
121,18.14909254537273,1,car,596.5963745117188,125.83548736572266,720.2731323242188,190.4293212890625,0.8261402249336243
121,18.14909254537273,2,car,808.6575317382812,167.8340606689453,924.8662109375,240.98606872558594,0.8018321990966797
121,18.14909254537273,3,car,0.0,208.2083740234375,147.84576416015625,336.4853820800781,0.42857423424720764
121,18.14909254537273,4,car,807.234619140625,249.21426391601562,959.7858276367188,384.8529052734375,0.7426032423973083
121,18.14909254537273,6,car,934.4609375,399.50787353515625,959.6992797851562,471.69091796875,0.575846791267395
121,18.14909254537273,7,car,835.929443359375,112.669189453125,921.2359008789062,164.1133270263672,0.47743546962738037
121,18.14909254537273,8,car,662.548828125,158.54412841796875,791.467529296875,223.6610870361328,0.33343929052352905
121,18.14909254537273,9,car,543.6278686523438,98.89957427978516,641.9693603515625,155.3234405517578,0.296015202999115
121,18.14909254537273,10,car,75.70671081542969,144.12437438964844,177.24208068847656,185.3052520751953,0.27101507782936096
121,18.14909254537273,13,car,493.3957214355469,78.0746841430664,585.571533203125,128.76190185546875,0.30902665853500366
121,18.14909254537273,14,car,799.1358032226562,101.79668426513672,849.60791015625,134.2435760498047,0.35376259684562683
121,18.14909254537273,42,car,726.4774169921875,135.0480194091797,859.5119018554688,191.84487915039062,0.4772886037826538
121,18.14909254537273,52,car,35.17981719970703,107.0199966430664,122.435302734375,184.3070526123047,0.4973149299621582
121,18.14909254537273,61,car,110.86199188232422,70.9169921875,261.0910339355469,151.2082061767578,0.3499581813812256
121,18.14909254537273,66,car,95.42106628417969,61.19062423706055,228.7949676513672,97.2530746459961,0.2501198947429657
121,18.14909254537273,91,car,693.7086791992188,172.4280548095703,868.3807983398438,297.9201354980469,0.3259563148021698
121,18.14909254537273,130,car,372.0252685546875,183.0039520263672,584.8092041015625,310.4638977050781,0.3007327616214752
121,18.14909254537273,132,car,448.43304443359375,280.044921875,622.761962890625,398.39263916015625,0.7205764651298523
121,18.14909254537273,134,car,74.68199157714844,143.59707641601562,232.3529815673828,187.50697326660156,0.2607584297657013
122,18.299085045747713,1,car,596.5900268554688,125.80530548095703,720.3140258789062,190.41990661621094,0.8254404067993164
122,18.299085045747713,2,car,808.6976318359375,167.83865356445312,924.8765258789062,240.74195861816406,0.7951667308807373
122,18.299085045747713,3,car,0.0,208.15972900390625,148.22885131835938,337.1855773925781,0.3461408019065857
122,18.299085045747713,4,car,807.3192749023438,249.19271850585938,959.8018188476562,385.28741455078125,0.7468658685684204
122,18.299085045747713,6,car,934.36083984375,399.2719421386719,959.7048950195312,471.5591125488281,0.5747037529945374
122,18.299085045747713,7,car,835.9215698242188,112.71913146972656,920.0977783203125,163.9550323486328,0.4436647891998291
122,18.299085045747713,8,car,662.5621948242188,158.5994110107422,801.1866455078125,223.954345703125,0.4111897051334381
122,18.299085045747713,9,car,547.8528442382812,99.39632415771484,642.1025390625,155.42831420898438,0.30440956354141235
122,18.299085045747713,13,car,493.32489013671875,78.03480529785156,585.9762573242188,128.99017333984375,0.2985152304172516
122,18.299085045747713,14,car,799.0818481445312,101.79121398925781,849.6309814453125,134.2427215576172,0.3640141785144806
122,18.299085045747713,42,car,726.0673828125,135.04324340820312,859.4409790039062,191.63668823242188,0.4851221442222595
122,18.299085045747713,52,car,34.631263732910156,107.09280395507812,122.53814697265625,184.4506072998047,0.48178237676620483
122,18.299085045747713,61,car,110.64624786376953,70.83226013183594,260.8272399902344,151.29718017578125,0.4107109308242798
122,18.299085045747713,91,car,693.9088134765625,171.93692016601562,866.7512817382812,297.9532775878906,0.25802645087242126
122,18.299085045747713,130,car,371.780517578125,181.50738525390625,583.8380737304688,311.5467224121094,0.4348521828651428
122,18.299085045747713,132,car,448.225341796875,279.35693359375,622.9150390625,398.3327941894531,0.7334696650505066
122,18.299085045747713,134,car,74.89913940429688,143.52435302734375,232.57894897460938,188.12606811523438,0.3139511048793793
122,18.299085045747713,140,car,57.5440788269043,168.30484008789062,238.70887756347656,302.4969482421875,0.35159748792648315
123,18.449077546122695,1,car,596.4777221679688,125.8032455444336,720.3916625976562,190.4189453125,0.8281323313713074
123,18.449077546122695,2,car,808.6837768554688,167.84559631347656,924.8466796875,240.4208984375,0.7991669774055481
123,18.449077546122695,3,car,0.0,207.99642944335938,144.9381561279297,337.0287170410156,0.2928289473056793
123,18.449077546122695,4,car,807.3018188476562,249.18727111816406,959.7796630859375,384.522216796875,0.7449123859405518
123,18.449077546122695,6,car,934.2754516601562,399.97882080078125,959.7180786132812,471.30767822265625,0.6076006293296814
123,18.449077546122695,7,car,836.1072998046875,112.64361572265625,918.6722412109375,163.96961975097656,0.4307902157306671
123,18.449077546122695,8,car,662.6573486328125,158.66615295410156,812.8396606445312,224.14120483398438,0.5249392986297607
123,18.449077546122695,9,car,545.2326049804688,99.10487365722656,641.8759765625,154.8246307373047,0.32864683866500854
123,18.449077546122695,10,car,75.79100799560547,144.09652709960938,176.6256561279297,185.27732849121094,0.2655310332775116
123,18.449077546122695,13,car,493.4144287109375,78.03741455078125,585.4690551757812,128.71432495117188,0.28434017300605774
123,18.449077546122695,14,car,798.9780883789062,101.8060073852539,849.6434936523438,134.2429656982422,0.3536345064640045
123,18.449077546122695,42,car,725.8599853515625,134.96376037597656,859.4158935546875,191.4419708251953,0.4756954610347748
123,18.449077546122695,52,car,33.92695999145508,106.62615203857422,122.37498474121094,184.58775329589844,0.4857397675514221
123,18.449077546122695,61,car,110.53729248046875,71.40670776367188,260.806640625,151.11558532714844,0.3552910089492798
123,18.449077546122695,91,car,694.0101928710938,189.48300170898438,865.6871948242188,297.9974365234375,0.3104110658168793
123,18.449077546122695,132,car,448.1645812988281,279.79571533203125,623.2805786132812,398.4297180175781,0.7490773797035217
123,18.449077546122695,134,car,74.7664794921875,143.36270141601562,232.7388458251953,187.95428466796875,0.2714117765426636
123,18.449077546122695,137,person,140.39060974121094,207.3714141845703,176.3360595703125,323.6296081542969,0.30190157890319824
123,18.449077546122695,138,car,0.0,169.56884765625,238.80615234375,340.67474365234375,0.6085072755813599
124,18.599070046497676,1,car,596.4091186523438,125.7479248046875,720.2590942382812,190.41766357421875,0.823517382144928
124,18.599070046497676,2,car,808.6653442382812,167.7788848876953,924.7757568359375,240.5255889892578,0.7985337972640991
124,18.599070046497676,4,car,807.3989868164062,249.25570678710938,959.7850341796875,384.0377197265625,0.7565011978149414
124,18.599070046497676,6,car,934.2172241210938,400.24462890625,959.7293701171875,471.3057861328125,0.6073600649833679
124,18.599070046497676,7,car,835.8394165039062,112.70281982421875,918.1769409179688,163.8806915283203,0.4625316858291626
124,18.599070046497676,8,car,662.5833129882812,158.7582244873047,820.3517456054688,224.2182159423828,0.5858778953552246
124,18.599070046497676,9,car,544.763671875,99.07540130615234,641.762939453125,154.64764404296875,0.316093772649765
124,18.599070046497676,10,car,75.84699249267578,144.07994079589844,176.5764617919922,185.2171630859375,0.30278995633125305
124,18.599070046497676,13,car,493.3111267089844,78.04593658447266,584.8734130859375,128.5413360595703,0.2607956528663635
124,18.599070046497676,14,car,799.0258178710938,101.8381576538086,849.6627197265625,134.26161193847656,0.34058669209480286
124,18.599070046497676,42,car,725.77978515625,135.04957580566406,859.2215576171875,191.27664184570312,0.4610349237918854
124,18.599070046497676,52,car,35.58527374267578,106.81262969970703,122.26436614990234,184.01339721679688,0.49650999903678894
124,18.599070046497676,61,car,110.57665252685547,72.51884460449219,260.78326416015625,150.90321350097656,0.3664383888244629
124,18.599070046497676,91,car,694.2568359375,195.10159301757812,864.4671020507812,299.5693664550781,0.39404869079589844
124,18.599070046497676,130,car,371.7374572753906,181.18186950683594,583.7410888671875,312.93548583984375,0.38045868277549744
124,18.599070046497676,132,car,447.7900695800781,279.865478515625,623.0136108398438,398.3854064941406,0.7095848917961121
124,18.599070046497676,138,car,0.0,169.6451873779297,238.59629821777344,340.3015441894531,0.5811209678649902
125,18.749062546872658,1,car,596.4132690429688,125.75080108642578,719.9390869140625,190.41348266601562,0.8228452801704407
125,18.749062546872658,2,car,808.6630859375,167.71278381347656,924.6740112304688,240.76222229003906,0.8027975559234619
125,18.749062546872658,4,car,807.291259765625,249.35166931152344,959.8056640625,384.221435546875,0.7742947340011597
125,18.749062546872658,6,car,934.3178100585938,400.30572509765625,959.7345581054688,471.43719482421875,0.6094967126846313
125,18.749062546872658,7,car,835.3043212890625,112.62794494628906,917.0089721679688,163.7223358154297,0.47788456082344055
125,18.749062546872658,8,car,662.5565795898438,158.79550170898438,820.6165771484375,223.7710723876953,0.5918765664100647
125,18.749062546872658,9,car,544.021728515625,98.71989440917969,641.8914184570312,154.33213806152344,0.3460378348827362
125,18.749062546872658,10,car,76.02198791503906,144.0170440673828,175.83848571777344,185.30967712402344,0.4094207286834717
125,18.749062546872658,13,car,493.0386047363281,77.87088012695312,584.5814208984375,128.4651641845703,0.27312326431274414
125,18.749062546872658,14,car,799.028564453125,101.88966369628906,849.5299072265625,134.27548217773438,0.35096004605293274
125,18.749062546872658,42,car,725.8472900390625,135.10154724121094,859.0593872070312,191.2962646484375,0.4476439654827118
125,18.749062546872658,52,car,36.32793045043945,107.08148956298828,122.12061309814453,183.70265197753906,0.492597371339798
125,18.749062546872658,61,car,110.70868682861328,72.75767517089844,260.88836669921875,151.22592163085938,0.39057356119155884
125,18.749062546872658,91,car,694.2398071289062,197.52525329589844,864.4124145507812,299.8169250488281,0.42225030064582825
125,18.749062546872658,130,car,373.9069519042969,180.97976684570312,582.1553955078125,307.3076171875,0.342886358499527
125,18.749062546872658,132,car,447.62353515625,280.08770751953125,622.9266357421875,398.4226379394531,0.6954666972160339
125,18.749062546872658,138,car,0.0,169.78460693359375,238.31919860839844,340.1587219238281,0.5255153179168701
126,18.89905504724764,1,car,596.442138671875,125.74497985839844,719.9353637695312,190.41085815429688,0.8175609707832336
126,18.89905504724764,2,car,808.6910400390625,167.67974853515625,924.6079711914062,240.8505096435547,0.8015108704566956
126,18.89905504724764,4,car,807.2176513671875,249.40528869628906,959.8065185546875,383.7434997558594,0.7639711499214172
126,18.89905504724764,6,car,934.3285522460938,400.0338439941406,959.7342529296875,471.53692626953125,0.6315310597419739
126,18.89905504724764,7,car,835.057373046875,112.6307601928711,916.5010986328125,163.6676483154297,0.46822255849838257
126,18.89905504724764,8,car,662.5528564453125,158.8210906982422,823.227783203125,223.98973083496094,0.5881718397140503
126,18.89905504724764,9,car,547.7816772460938,99.01020050048828,642.0348510742188,154.48696899414062,0.3232082724571228
126,18.89905504724764,10,car,76.0733413696289,144.02357482910156,176.56411743164062,185.38308715820312,0.394465833902359
126,18.89905504724764,13,car,492.8005676269531,77.84839630126953,584.9461669921875,128.5384521484375,0.26104283332824707
126,18.89905504724764,14,car,799.075927734375,101.88163757324219,849.4829711914062,134.27487182617188,0.33651405572891235
126,18.89905504724764,42,car,725.8707885742188,135.18565368652344,858.940185546875,191.37294006347656,0.4202401041984558
126,18.89905504724764,52,car,36.36571502685547,107.0483169555664,122.23554992675781,183.91786193847656,0.46494367718696594
126,18.89905504724764,61,car,110.45814514160156,72.48648071289062,260.9560852050781,150.96475219726562,0.3274250328540802
126,18.89905504724764,91,car,694.2267456054688,197.5896453857422,863.4065551757812,300.1585693359375,0.38429513573646545
126,18.89905504724764,130,car,367.9315185546875,180.42958068847656,582.4279174804688,299.1148986816406,0.5211877226829529
126,18.89905504724764,132,car,447.5451965332031,280.56988525390625,623.0812377929688,398.51727294921875,0.6670849323272705
126,18.89905504724764,138,car,0.0,169.53701782226562,238.25050354003906,339.6346130371094,0.31435641646385193
127,19.04904754762262,1,car,596.4797973632812,125.758056640625,719.9014282226562,190.40635681152344,0.8240995407104492
127,19.04904754762262,2,car,808.6793823242188,167.6905975341797,924.57568359375,240.98252868652344,0.8041055202484131
127,19.04904754762262,4,car,807.2252807617188,249.45591735839844,959.8062133789062,382.88421630859375,0.7707690596580505
127,19.04904754762262,6,car,934.4684448242188,399.7462158203125,959.745849609375,471.656982421875,0.6163808107376099
127,19.04904754762262,7,car,834.8579711914062,112.69037628173828,916.1043090820312,163.5862274169922,0.48511096835136414
127,19.04904754762262,8,car,662.5856323242188,158.82618713378906,822.8316040039062,224.03750610351562,0.5633731484413147
127,19.04904754762262,9,car,550.61669921875,99.3700942993164,642.1085205078125,154.61741638183594,0.36940017342567444
127,19.04904754762262,10,car,76.00251770019531,144.06491088867188,177.64889526367188,185.41285705566406,0.41049903631210327
127,19.04904754762262,13,car,492.6669616699219,77.79960632324219,584.9077758789062,128.61898803710938,0.2859549820423126
127,19.04904754762262,14,car,799.1099243164062,101.87416076660156,849.4608154296875,134.2628173828125,0.34404000639915466
127,19.04904754762262,42,car,725.9081420898438,135.1848907470703,858.95556640625,191.61373901367188,0.4491236209869385
127,19.04904754762262,52,car,35.998802185058594,107.1829605102539,122.36902618408203,184.1397247314453,0.48421362042427063
127,19.04904754762262,61,car,110.3332748413086,72.00567626953125,260.71893310546875,150.9380340576172,0.305620938539505
127,19.04904754762262,91,car,694.1478271484375,197.09849548339844,862.6635131835938,299.91802978515625,0.31616508960723877
127,19.04904754762262,130,car,362.98162841796875,180.4928741455078,583.495361328125,300.4538879394531,0.35182803869247437
127,19.04904754762262,132,car,447.3533020019531,278.8081359863281,623.1314697265625,398.51287841796875,0.6001535654067993
127,19.04904754762262,138,car,0.0,169.3219451904297,238.42579650878906,339.7235107421875,0.5863917469978333
128,19.1990400479976,1,car,596.4817504882812,125.78605651855469,719.9175415039062,190.41490173339844,0.8202534914016724
128,19.1990400479976,2,car,808.6803588867188,167.70713806152344,924.53076171875,240.9369354248047,0.8028780817985535
128,19.1990400479976,4,car,807.1870727539062,249.42498779296875,959.80322265625,382.77215576171875,0.7690592408180237
128,19.1990400479976,6,car,934.4979858398438,399.4749450683594,959.7442626953125,471.73004150390625,0.6109408140182495
128,19.1990400479976,7,car,834.7162475585938,112.70966339111328,915.9679565429688,163.52963256835938,0.4730299413204193
128,19.1990400479976,8,car,662.5274047851562,158.88206481933594,822.6478271484375,224.0765380859375,0.561214804649353
128,19.1990400479976,9,car,551.5532836914062,99.501220703125,642.1572875976562,154.7338104248047,0.3562992215156555
128,19.1990400479976,10,car,75.99556732177734,144.0996856689453,177.80221557617188,185.41024780273438,0.38808026909828186
128,19.1990400479976,13,car,492.6313171386719,77.76715087890625,584.8585815429688,128.57974243164062,0.25865209102630615
128,19.1990400479976,14,car,799.0621948242188,101.85243225097656,849.4295654296875,134.2687225341797,0.3436987102031708
128,19.1990400479976,42,car,725.8526000976562,135.13417053222656,859.004150390625,191.6895751953125,0.4468498229980469
128,19.1990400479976,52,car,35.726322174072266,107.23237609863281,122.34583282470703,184.3414306640625,0.4836721122264862
128,19.1990400479976,61,car,110.2978515625,71.85562896728516,260.6845703125,150.87571716308594,0.2940507233142853
128,19.1990400479976,78,car,435.4145812988281,200.05853271484375,583.4231567382812,298.52435302734375,0.361355721950531
128,19.1990400479976,91,car,694.011962890625,196.9130096435547,862.683837890625,299.816650390625,0.34840497374534607
128,19.1990400479976,132,car,448.2289123535156,283.4457702636719,623.1016845703125,398.5679016113281,0.6174494624137878
128,19.1990400479976,138,car,0.0,169.440673828125,239.1431427001953,341.2162170410156,0.25607240200042725
128,19.1990400479976,140,car,56.28688049316406,168.22979736328125,240.03671264648438,305.2938232421875,0.2951633632183075
129,19.34903254837258,1,car,596.4646606445312,125.82286071777344,719.9310302734375,190.42185974121094,0.819044828414917
129,19.34903254837258,2,car,808.6820068359375,167.73416137695312,924.4730224609375,240.8953399658203,0.8049044609069824
129,19.34903254837258,3,car,0.0,208.14024353027344,164.8902587890625,338.1971740722656,0.4885919690132141
129,19.34903254837258,4,car,807.1505126953125,249.52679443359375,959.841552734375,383.5135192871094,0.7707419395446777
129,19.34903254837258,6,car,934.494873046875,399.8566589355469,959.7603759765625,471.6058349609375,0.5961809158325195
129,19.34903254837258,7,car,834.6704711914062,112.77324676513672,915.8880004882812,163.48117065429688,0.46395888924598694
129,19.34903254837258,8,car,662.513671875,158.94296264648438,823.5791625976562,224.2137908935547,0.5614114999771118
129,19.34903254837258,9,car,547.390380859375,99.0836181640625,642.1531982421875,154.5669708251953,0.36496129631996155
129,19.34903254837258,10,car,75.97045135498047,144.11581420898438,177.87774658203125,185.3951873779297,0.36615779995918274
129,19.34903254837258,13,car,492.7547302246094,77.78507995605469,585.1036987304688,128.6714630126953,0.25946640968322754
129,19.34903254837258,14,car,799.052001953125,101.83483123779297,849.4977416992188,134.2770538330078,0.3301381766796112
129,19.34903254837258,42,car,725.8395385742188,135.05160522460938,859.1044921875,191.55152893066406,0.4394806921482086
129,19.34903254837258,52,car,36.23020935058594,107.16218566894531,122.1287612915039,183.924072265625,0.4817808270454407
129,19.34903254837258,61,car,110.67457580566406,72.0260238647461,260.7552185058594,151.19583129882812,0.375422865152359
129,19.34903254837258,91,car,694.126220703125,198.0804443359375,863.048583984375,299.8009338378906,0.38758179545402527
129,19.34903254837258,130,car,391.607421875,191.31979370117188,581.2855834960938,293.932373046875,0.3032989501953125
129,19.34903254837258,132,car,447.22857666015625,282.7031555175781,622.7279663085938,398.7345886230469,0.6613489985466003
129,19.34903254837258,140,car,56.11055374145508,168.25247192382812,240.04249572753906,304.21905517578125,0.5186878442764282
130,19.499025048747562,1,car,596.492919921875,125.82568359375,719.98681640625,190.41485595703125,0.8198227882385254
130,19.499025048747562,2,car,808.6235961914062,167.7148895263672,924.4407348632812,240.9134979248047,0.8061811327934265
130,19.499025048747562,4,car,807.1688842773438,249.5471649169922,959.8414306640625,383.68682861328125,0.7776519656181335
130,19.499025048747562,6,car,934.4804077148438,399.8698425292969,959.7548217773438,471.5399475097656,0.6025636792182922
130,19.499025048747562,7,car,834.6749877929688,112.8393325805664,916.36083984375,163.5077667236328,0.4850307106971741
130,19.499025048747562,8,car,662.5310668945312,158.96893310546875,824.1820068359375,224.34400939941406,0.5715374946594238
130,19.499025048747562,9,car,546.177001953125,98.94976043701172,642.1404418945312,154.53811645507812,0.35411617159843445
130,19.499025048747562,10,car,75.93020629882812,144.1387939453125,178.725341796875,185.3841094970703,0.3625932037830353
130,19.499025048747562,13,car,492.8467102050781,77.78376770019531,585.1983642578125,128.69252014160156,0.25591936707496643
130,19.499025048747562,14,car,799.1770629882812,101.84115600585938,849.5155029296875,134.24559020996094,0.3483853042125702
130,19.499025048747562,42,car,725.8195190429688,135.03208923339844,859.0996704101562,191.52915954589844,0.44789206981658936
130,19.499025048747562,52,car,36.57902526855469,107.05591583251953,121.95394897460938,183.7086181640625,0.44995927810668945
130,19.499025048747562,61,car,110.66316223144531,71.85755920410156,260.8742980957031,151.24191284179688,0.3608051538467407
130,19.499025048747562,78,car,435.8475646972656,200.9036102294922,582.9120483398438,294.908203125,0.4432457387447357
130,19.499025048747562,91,car,694.2186279296875,198.7569122314453,862.972900390625,299.69677734375,0.37962326407432556
130,19.499025048747562,132,car,446.09759521484375,280.930908203125,622.7842407226562,398.8052673339844,0.7121395468711853
130,19.499025048747562,138,car,0.0,169.21714782714844,239.6322784423828,341.8413391113281,0.28050529956817627
130,19.499025048747562,140,car,56.184600830078125,168.23318481445312,240.1227569580078,304.07049560546875,0.3118568956851959
131,19.649017549122544,1,car,596.5447998046875,125.84053802490234,720.0387573242188,190.40672302246094,0.8228813409805298
131,19.649017549122544,2,car,808.5498046875,167.70726013183594,924.3456420898438,240.95364379882812,0.8068479895591736
131,19.649017549122544,4,car,807.1947631835938,249.44232177734375,959.8259887695312,383.6859436035156,0.7750766277313232
131,19.649017549122544,6,car,934.4977416992188,399.8282775878906,959.7439575195312,471.4939880371094,0.5936998128890991
131,19.649017549122544,7,car,834.6763916015625,112.8769760131836,917.0731201171875,163.5506134033203,0.49472182989120483
131,19.649017549122544,8,car,662.545166015625,158.99020385742188,823.99853515625,224.428955078125,0.5612399578094482
131,19.649017549122544,9,car,547.302001953125,99.02318572998047,642.1580200195312,154.53982543945312,0.36217233538627625
131,19.649017549122544,10,car,75.87199401855469,144.12608337402344,178.89065551757812,185.367919921875,0.387652188539505
131,19.649017549122544,13,car,492.7533874511719,77.79021453857422,585.365478515625,128.71490478515625,0.27878695726394653
131,19.649017549122544,14,car,799.1668701171875,101.83856201171875,849.5911254882812,134.23495483398438,0.3625597059726715
131,19.649017549122544,42,car,725.7422485351562,135.0463409423828,859.06201171875,191.49977111816406,0.46224021911621094
131,19.649017549122544,52,car,36.73664474487305,107.05780029296875,122.05302429199219,183.59323120117188,0.45490166544914246
131,19.649017549122544,61,car,110.73171997070312,71.82958221435547,260.9132080078125,150.91213989257812,0.37148526310920715
131,19.649017549122544,91,car,694.3499145507812,198.99392700195312,863.030029296875,299.48016357421875,0.36042746901512146
131,19.649017549122544,130,car,397.2454528808594,182.51113891601562,582.0943603515625,291.9387512207031,0.5663537383079529
131,19.649017549122544,132,car,447.0104064941406,281.14898681640625,622.5132446289062,398.545654296875,0.6982932686805725
131,19.649017549122544,138,car,0.0,168.79437255859375,240.2437286376953,341.83685302734375,0.3132929503917694
132,19.799010049497525,1,car,596.5484619140625,125.83353424072266,720.0173950195312,190.4008026123047,0.8218221068382263
132,19.799010049497525,2,car,808.5543823242188,167.6845703125,924.3391723632812,240.9089813232422,0.8057340979576111
132,19.799010049497525,4,car,807.1590576171875,249.3731231689453,959.81591796875,383.26263427734375,0.777829647064209
132,19.799010049497525,6,car,934.4456176757812,399.7216491699219,959.7471313476562,471.4737243652344,0.6313380599021912
132,19.799010049497525,7,car,834.6136474609375,112.88166809082031,917.07421875,163.55337524414062,0.4898378252983093
132,19.799010049497525,8,car,662.5670776367188,158.98841857910156,822.9578857421875,224.24746704101562,0.5769913792610168
132,19.799010049497525,9,car,549.4468994140625,99.17999267578125,642.1161499023438,154.6215362548828,0.3414577543735504
132,19.799010049497525,10,car,75.71537780761719,144.14515686035156,179.36671447753906,185.49139404296875,0.41656962037086487
132,19.799010049497525,13,car,492.59149169921875,77.89092254638672,585.2447509765625,128.7873077392578,0.284927099943161
132,19.799010049497525,14,car,799.2498779296875,101.85022735595703,849.6227416992188,134.24169921875,0.356648713350296
132,19.799010049497525,42,car,725.813232421875,135.0598907470703,859.1185913085938,191.6355438232422,0.45529547333717346
132,19.799010049497525,52,car,36.395843505859375,107.1418685913086,122.04122161865234,183.80245971679688,0.4560476541519165
132,19.799010049497525,61,car,110.94557189941406,72.1482162475586,260.9239807128906,150.86163330078125,0.37366318702697754
132,19.799010049497525,91,car,694.5873413085938,197.8171844482422,862.5006713867188,299.75689697265625,0.33851999044418335
132,19.799010049497525,130,car,397.8614501953125,180.64109802246094,582.7775268554688,292.1436462402344,0.5901699066162109
132,19.799010049497525,132,car,446.75335693359375,279.62872314453125,623.0767822265625,398.50128173828125,0.7314765453338623
132,19.799010049497525,138,car,0.0,168.61383056640625,240.14097595214844,341.68572998046875,0.29461535811424255
132,19.799010049497525,140,car,56.39519119262695,168.26312255859375,239.66864013671875,305.3778991699219,0.281905859708786
133,19.949002549872507,1,car,596.4994506835938,125.83016204833984,719.9900512695312,190.384765625,0.8229776620864868
133,19.949002549872507,2,car,808.6048583984375,167.60484313964844,924.3798217773438,240.7938690185547,0.8045382499694824
133,19.949002549872507,4,car,807.1143798828125,249.33973693847656,959.8255004882812,383.6611022949219,0.7869495749473572
133,19.949002549872507,6,car,934.4054565429688,399.64898681640625,959.7399291992188,471.54150390625,0.6337814331054688
133,19.949002549872507,7,car,834.5780639648438,112.81829833984375,917.020263671875,163.57151794433594,0.49216869473457336
133,19.949002549872507,8,car,662.5223388671875,158.93612670898438,822.1242065429688,224.44418334960938,0.544371485710144
133,19.949002549872507,9,car,550.7184448242188,99.15341186523438,642.1455078125,154.5946502685547,0.3526732325553894
133,19.949002549872507,10,car,75.6250228881836,144.1396484375,180.0657958984375,185.63197326660156,0.47849300503730774
133,19.949002549872507,13,car,492.6578369140625,77.90870666503906,584.610595703125,128.8015899658203,0.28538915514945984
133,19.949002549872507,14,car,799.2962646484375,101.83470153808594,849.6231689453125,134.2427215576172,0.3678862750530243
133,19.949002549872507,42,car,725.73193359375,135.07542419433594,859.214111328125,191.7320556640625,0.4752146601676941
133,19.949002549872507,52,car,35.945960998535156,107.25662231445312,121.94194793701172,183.93896484375,0.45640456676483154
133,19.949002549872507,61,car,112.33309173583984,75.01915740966797,260.7682189941406,151.49893188476562,0.34731006622314453
133,19.949002549872507,91,car,694.4049072265625,196.5935821533203,863.6244506835938,299.9419860839844,0.3098083734512329
133,19.949002549872507,130,car,398.0345153808594,180.1916961669922,584.170166015625,293.88104248046875,0.5147398710250854
133,19.949002549872507,132,car,447.65716552734375,278.52984619140625,622.6466674804688,398.083984375,0.7116373777389526
133,19.949002549872507,138,car,0.0,168.5364227294922,240.3350067138672,341.8888854980469,0.2895697057247162
133,19.949002549872507,140,car,56.503936767578125,168.25912475585938,239.611328125,306.0541076660156,0.2870235741138458
134,20.09899505024749,1,car,596.4788208007812,125.83547973632812,720.0206909179688,190.37730407714844,0.8215335011482239
134,20.09899505024749,2,car,808.6271362304688,167.58729553222656,924.4120483398438,240.660888671875,0.8042545318603516
134,20.09899505024749,3,car,0.011299312114715576,208.3859405517578,167.5328369140625,338.3905334472656,0.28013092279434204
134,20.09899505024749,4,car,807.1016845703125,249.38043212890625,959.84912109375,383.93914794921875,0.7877828478813171
134,20.09899505024749,6,car,934.4015502929688,399.4937744140625,959.7542724609375,471.5502624511719,0.6403853893280029
134,20.09899505024749,7,car,834.4469604492188,112.78279876708984,917.410400390625,163.62513732910156,0.48300406336784363
134,20.09899505024749,8,car,662.518798828125,158.94171142578125,822.37109375,224.52772521972656,0.5599705576896667
134,20.09899505024749,9,car,549.7515869140625,99.07764434814453,642.3018798828125,154.57479858398438,0.35528039932250977
134,20.09899505024749,10,car,75.5655746459961,144.1446990966797,180.592041015625,185.67108154296875,0.484058678150177
134,20.09899505024749,13,car,492.6887512207031,77.90288543701172,584.3110961914062,128.88880920410156,0.25354132056236267
134,20.09899505024749,14,car,799.3779907226562,101.84148406982422,849.6146240234375,134.2332763671875,0.35726866126060486
134,20.09899505024749,42,car,725.729248046875,135.03689575195312,859.2848510742188,191.49139404296875,0.4726671874523163
134,20.09899505024749,52,car,35.815826416015625,107.32990264892578,121.89904022216797,183.97030639648438,0.4552561938762665
134,20.09899505024749,61,car,111.52037048339844,73.78563690185547,260.69256591796875,151.6079559326172,0.3070048391819
134,20.09899505024749,91,car,694.3883666992188,196.95455932617188,864.32275390625,299.8879089355469,0.32005104422569275
134,20.09899505024749,130,car,397.78717041015625,180.27490234375,584.3436889648438,297.1427001953125,0.451168030500412
134,20.09899505024749,132,car,447.9935302734375,279.5843200683594,622.5830078125,397.82421875,0.729345977306366
134,20.09899505024749,140,car,56.60731887817383,168.27508544921875,239.51129150390625,306.0358581542969,0.33044692873954773
135,20.24898755062247,1,car,596.5886840820312,125.68486785888672,719.5410766601562,190.32644653320312,0.8341261148452759
135,20.24898755062247,2,car,808.8063354492188,167.6730194091797,924.2036743164062,240.31253051757812,0.7835196852684021
135,20.24898755062247,4,car,807.012939453125,250.68423461914062,959.8499145507812,384.2929992675781,0.7635217308998108
135,20.24898755062247,6,car,934.7556762695312,399.2095642089844,959.772216796875,470.21820068359375,0.6062901616096497
135,20.24898755062247,7,car,832.5952758789062,112.62187957763672,914.7730712890625,163.6254119873047,0.3481317162513733
135,20.24898755062247,8,car,662.492919921875,158.64068603515625,824.5763549804688,230.41485595703125,0.4663441479206085
135,20.24898755062247,10,car,76.18055725097656,143.93124389648438,173.5341796875,185.21377563476562,0.45998114347457886
135,20.24898755062247,13,car,493.07452392578125,78.00687408447266,591.5213623046875,128.9494171142578,0.33735594153404236
135,20.24898755062247,14,car,800.0292358398438,101.46124267578125,849.332763671875,134.00633239746094,0.41668978333473206
135,20.24898755062247,42,car,742.2893676757812,134.2465057373047,859.2186279296875,190.61630249023438,0.4307805299758911
135,20.24898755062247,52,car,34.15622329711914,105.74864959716797,122.52088928222656,185.6958465576172,0.5001381635665894
135,20.24898755062247,61,car,112.78716278076172,79.1854476928711,259.86029052734375,151.88746643066406,0.6670629382133484
135,20.24898755062247,91,car,693.9552001953125,199.7769775390625,862.4320068359375,297.15899658203125,0.2528166174888611
135,20.24898755062247,130,car,397.0119934082031,180.32936096191406,579.9810180664062,290.73687744140625,0.6120650172233582
135,20.24898755062247,132,car,450.09100341796875,276.8865966796875,621.9454345703125,398.26995849609375,0.7557563185691833
135,20.24898755062247,138,car,0.0,168.53089904785156,240.6038818359375,343.8625183105469,0.41764721274375916
136,20.39898005099745,1,car,596.6195678710938,125.61060333251953,719.331787109375,190.3181915283203,0.8331599235534668
136,20.39898005099745,2,car,808.8580322265625,167.70860290527344,924.1408081054688,240.17733764648438,0.7890554070472717
136,20.39898005099745,3,car,0.12710824608802795,208.59030151367188,162.2521514892578,341.27276611328125,0.29181551933288574
136,20.39898005099745,4,car,807.218505859375,251.18136596679688,959.8589477539062,384.3099670410156,0.7828566431999207
136,20.39898005099745,6,car,934.8885498046875,399.1431884765625,959.7783813476562,469.7449645996094,0.6016199588775635
136,20.39898005099745,7,car,831.89013671875,112.52110290527344,913.764892578125,163.6244659423828,0.3456023335456848
136,20.39898005099745,8,car,662.477294921875,158.50148010253906,825.6669921875,232.38145446777344,0.4942125678062439
136,20.39898005099745,10,car,76.54586791992188,143.82122802734375,170.88681030273438,185.07057189941406,0.49383971095085144
136,20.39898005099745,13,car,493.2520446777344,78.07679748535156,594.0728149414062,129.0113983154297,0.30724090337753296
136,20.39898005099745,14,car,800.263427734375,101.30747985839844,849.221435546875,133.9287872314453,0.40326929092407227
136,20.39898005099745,42,car,748.7350463867188,133.92298889160156,859.2113037109375,190.3555145263672,0.4343355894088745
136,20.39898005099745,52,car,33.31937789916992,105.00206756591797,122.98089599609375,186.49708557128906,0.5094799399375916
136,20.39898005099745,61,car,113.3550033569336,81.28373718261719,259.3291320800781,151.94387817382812,0.6392302513122559
136,20.39898005099745,91,car,693.3638916015625,200.9470672607422,860.6279907226562,295.33038330078125,0.2621661126613617
136,20.39898005099745,130,car,397.26739501953125,180.46385192871094,578.9884643554688,288.5877380371094,0.7336937189102173
136,20.39898005099745,132,car,450.0882568359375,276.2696228027344,622.6553955078125,399.2847900390625,0.7920575737953186
136,20.39898005099745,138,car,0.0,168.4081573486328,240.6177520751953,344.7191467285156,0.3216201066970825
136,20.39898005099745,140,car,56.96774673461914,168.21981811523438,239.20643615722656,309.2851257324219,0.35935482382774353
136,20.39898005099745,148,car,831.83740234375,111.7531967163086,942.6356811523438,165.67324829101562,0.3534657955169678
136,20.39898005099745,149,car,870.4013671875,221.2561798095703,940.8697509765625,270.080322265625,0.31086108088493347
137,20.548972551372433,1,car,596.6480102539062,125.61389923095703,719.2127075195312,190.33242797851562,0.8312557339668274
137,20.548972551372433,2,car,808.89599609375,167.7245330810547,924.1148071289062,240.13311767578125,0.7828452587127686
137,20.548972551372433,4,car,807.5064086914062,251.15206909179688,959.9561767578125,384.32342529296875,0.8015140891075134
137,20.548972551372433,6,car,934.875732421875,399.0685119628906,959.7999877929688,469.6604919433594,0.6090284585952759
137,20.548972551372433,7,car,831.6190795898438,112.53067779541016,913.5696411132812,163.67318725585938,0.34361690282821655
137,20.548972551372433,8,car,662.5010375976562,158.43992614746094,825.6357421875,232.46083068847656,0.4805993437767029
137,20.548972551372433,10,car,76.92893981933594,143.82403564453125,169.50978088378906,184.61753845214844,0.4559766948223114
137,20.548972551372433,13,car,493.3747253417969,78.22474670410156,594.99560546875,129.0255584716797,0.28038156032562256
137,20.548972551372433,14,car,800.344970703125,101.26158142089844,849.1939086914062,133.90390014648438,0.3999570906162262
137,20.548972551372433,42,car,750.8114624023438,133.8557586669922,859.1917724609375,190.23912048339844,0.41557106375694275
137,20.548972551372433,52,car,33.3207893371582,104.67167663574219,123.3394775390625,186.7403564453125,0.4780087471008301
137,20.548972551372433,61,car,113.76922607421875,82.04961395263672,259.12371826171875,152.02455139160156,0.6332997679710388
137,20.548972551372433,91,car,693.1846923828125,200.9076385498047,859.8707885742188,295.1950988769531,0.2612811326980591
137,20.548972551372433,130,car,397.8769226074219,180.9247589111328,580.8006591796875,286.322509765625,0.6129249334335327
137,20.548972551372433,132,car,449.25347900390625,277.7817077636719,625.021728515625,400.70941162109375,0.7676470875740051
137,20.548972551372433,138,car,0.0,168.348388671875,240.5584716796875,345.2997741699219,0.36556893587112427
137,20.548972551372433,148,car,831.8244018554688,111.78982543945312,942.888427734375,165.67247009277344,0.3589119017124176
137,20.548972551372433,149,car,870.4371337890625,221.24729919433594,940.9032592773438,270.03857421875,0.30119460821151733
138,20.698965051747415,1,car,596.6326293945312,125.6064682006836,719.2510375976562,190.36158752441406,0.8279599547386169
138,20.698965051747415,2,car,808.9109497070312,167.72683715820312,924.2398681640625,240.24520874023438,0.7889252305030823
138,20.698965051747415,4,car,807.5098876953125,251.33126831054688,959.9183349609375,384.8630676269531,0.7922064065933228
138,20.698965051747415,6,car,934.8463745117188,398.9085998535156,959.81787109375,469.6706848144531,0.6159353256225586
138,20.698965051747415,7,car,831.7060546875,112.45515441894531,913.091064453125,163.65786743164062,0.3315182328224182
138,20.698965051747415,8,car,662.5518188476562,158.42909240722656,824.1688232421875,232.14532470703125,0.4306120276451111
138,20.698965051747415,10,car,77.3979263305664,143.91592407226562,168.9674072265625,184.13804626464844,0.4173404276371002
138,20.698965051747415,13,car,494.104736328125,78.08547973632812,595.5018920898438,128.75839233398438,0.3436984121799469
138,20.698965051747415,14,car,800.2240600585938,101.25525665283203,849.3378295898438,133.8858642578125,0.39103037118911743
138,20.698965051747415,42,car,751.6951293945312,133.98941040039062,859.2496948242188,190.318359375,0.47965919971466064
138,20.698965051747415,52,car,33.36494827270508,104.82344055175781,123.39793395996094,186.99356079101562,0.48838919401168823
138,20.698965051747415,61,car,113.7293472290039,81.36630249023438,258.96795654296875,152.5270233154297,0.629046618938446
138,20.698965051747415,130,car,397.8827209472656,182.201171875,581.6353149414062,285.96258544921875,0.7238146066665649
138,20.698965051747415,132,car,451.16351318359375,278.0863037109375,625.5823364257812,403.2171325683594,0.8028694987297058
138,20.698965051747415,138,car,0.0,168.08648681640625,240.41273498535156,347.2422790527344,0.7358900308609009
138,20.698965051747415,148,car,832.0633544921875,111.71882629394531,942.9268188476562,165.733642578125,0.37187322974205017
138,20.698965051747415,149,car,870.41357421875,221.15798950195312,940.9036865234375,269.8957214355469,0.31950515508651733
139,20.848957552122396,1,car,596.5911254882812,125.60662078857422,719.491943359375,190.3656005859375,0.8293532729148865
139,20.848957552122396,2,car,808.9136962890625,167.72952270507812,924.2937622070312,240.42959594726562,0.78300541639328
139,20.848957552122396,4,car,807.53125,251.4325408935547,959.8995361328125,385.0538024902344,0.7766658067703247
139,20.848957552122396,6,car,934.8316040039062,398.8399658203125,959.8196411132812,469.695556640625,0.6005798578262329
139,20.848957552122396,7,car,831.9186401367188,112.4385986328125,912.79296875,163.6063995361328,0.34980839490890503
139,20.848957552122396,8,car,662.5907592773438,158.39161682128906,826.7982788085938,233.3043212890625,0.46069028973579407
139,20.848957552122396,10,car,77.29944610595703,143.8901824951172,168.82037353515625,184.07992553710938,0.3647634983062744
139,20.848957552122396,13,car,493.9671630859375,77.95674896240234,596.0748291015625,128.5378875732422,0.3940171003341675
139,20.848957552122396,14,car,800.147705078125,101.23126220703125,849.4226684570312,133.90293884277344,0.3970024585723877
139,20.848957552122396,42,car,752.1053466796875,134.17587280273438,859.2369384765625,190.46119689941406,0.4816240668296814
139,20.848957552122396,52,car,32.336570739746094,106.9742202758789,123.01455688476562,187.4949493408203,0.516577959060669
139,20.848957552122396,61,car,113.04222869873047,80.83546447753906,259.1533203125,152.57518005371094,0.6352172493934631
139,20.848957552122396,130,car,398.7990417480469,182.98907470703125,583.0158081054688,287.31878662109375,0.493063747882843
139,20.848957552122396,132,car,454.77783203125,279.6640319824219,627.1688842773438,405.9730224609375,0.5518104434013367
139,20.848957552122396,138,car,0.0,168.48910522460938,239.82144165039062,347.2459411621094,0.7027649879455566
139,20.848957552122396,148,car,832.0989379882812,111.599365234375,941.55078125,165.74375915527344,0.35223767161369324
139,20.848957552122396,149,car,870.3326416015625,221.1632843017578,940.8536376953125,269.9559631347656,0.30321574211120605
140,20.998950052497374,1,car,596.5657958984375,125.59343719482422,719.6351318359375,190.3701171875,0.8298442959785461
140,20.998950052497374,2,car,808.889892578125,167.72216796875,924.334716796875,240.62220764160156,0.7933406829833984
140,20.998950052497374,4,car,807.5850830078125,251.5334930419922,959.9087524414062,385.1841125488281,0.8032019138336182
140,20.998950052497374,6,car,934.864990234375,398.8170166015625,959.8417358398438,469.7119445800781,0.599027693271637
140,20.998950052497374,7,car,832.2129516601562,112.32926177978516,912.6934814453125,163.5393829345703,0.34939929842948914
140,20.998950052497374,8,car,662.5169677734375,158.39222717285156,825.2407836914062,232.83506774902344,0.3081672489643097
140,20.998950052497374,10,car,77.2986831665039,143.9056396484375,168.8535614013672,184.0895233154297,0.4015417993068695
140,20.998950052497374,13,car,493.6451416015625,78.02722930908203,596.5889892578125,128.91831970214844,0.3946858048439026
140,20.998950052497374,14,car,799.6110229492188,101.18217468261719,849.5760498046875,133.9188232421875,0.40540850162506104
140,20.998950052497374,42,car,752.5697631835938,134.3782958984375,859.2798461914062,190.5138702392578,0.5085587501525879
140,20.998950052497374,52,car,32.415828704833984,107.5811767578125,123.00888061523438,187.42718505859375,0.5305420756340027
140,20.998950052497374,61,car,113.32589721679688,80.37174224853516,259.0748596191406,152.6127471923828,0.6294940710067749
140,20.998950052497374,130,car,399.6942138671875,184.50076293945312,586.2138671875,290.8106384277344,0.7176505923271179
140,20.998950052497374,132,car,457.283447265625,280.6222839355469,629.4874267578125,409.10211181640625,0.7016124725341797
140,20.998950052497374,138,car,0.7002812623977661,168.80418395996094,239.86538696289062,347.6283264160156,0.33249431848526
140,20.998950052497374,148,car,832.4544677734375,111.54345703125,942.5340576171875,165.6987762451172,0.32254379987716675
140,20.998950052497374,149,car,870.2820434570312,221.17164611816406,940.782470703125,270.0711669921875,0.31707003712654114
141,21.148942552872356,1,car,596.5289916992188,125.54007720947266,719.690673828125,190.39683532714844,0.8341758847236633
141,21.148942552872356,2,car,808.8848266601562,167.69940185546875,924.372314453125,240.9668731689453,0.7916324734687805
141,21.148942552872356,4,car,807.7529296875,251.5765380859375,959.9544677734375,385.4009094238281,0.8034422397613525
141,21.148942552872356,6,car,934.9214477539062,398.82440185546875,959.8946533203125,469.822021484375,0.6019358038902283
141,21.148942552872356,7,car,832.361572265625,112.30477142333984,912.7645263671875,163.5723876953125,0.3535272479057312
141,21.148942552872356,8,car,662.6519165039062,158.4575958251953,815.5112915039062,228.97137451171875,0.3058692216873169
141,21.148942552872356,10,car,77.11604309082031,144.09194946289062,169.10818481445312,184.3058319091797,0.41739359498023987
141,21.148942552872356,13,car,494.1261901855469,78.14190673828125,595.82080078125,128.6626434326172,0.35416722297668457
141,21.148942552872356,14,car,800.0269165039062,101.25668334960938,849.5939331054688,133.91615295410156,0.4397941827774048
141,21.148942552872356,42,car,753.466552734375,134.35003662109375,859.2885131835938,190.3195343017578,0.5503262877464294
141,21.148942552872356,52,car,32.35084533691406,108.24928283691406,122.65338134765625,187.50192260742188,0.563164234161377
141,21.148942552872356,61,car,113.61653137207031,80.2572021484375,259.3317565917969,152.64793395996094,0.6074236631393433
141,21.148942552872356,91,car,693.2771606445312,200.6185760498047,859.5093994140625,296.34967041015625,0.2503989636898041
141,21.148942552872356,130,car,400.5813903808594,185.90512084960938,589.513427734375,296.6289978027344,0.4505113959312439
141,21.148942552872356,132,car,457.7418518066406,282.938720703125,630.5430297851562,414.2830810546875,0.647067129611969
141,21.148942552872356,140,car,57.21985626220703,168.4103546142578,238.2207794189453,299.3057861328125,0.4054374694824219
141,21.148942552872356,148,car,832.57421875,111.53746032714844,942.6609497070312,165.6551971435547,0.33267098665237427
141,21.148942552872356,149,car,870.3298950195312,221.19052124023438,940.8585815429688,270.23321533203125,0.31566861271858215
142,21.298935053247337,1,car,596.3018798828125,125.49046325683594,719.7262573242188,190.40890502929688,0.8323286175727844
142,21.298935053247337,2,car,808.8196411132812,167.68557739257812,924.2914428710938,241.2956085205078,0.7936215400695801
142,21.298935053247337,3,car,0.13383206725120544,209.63568115234375,149.62196350097656,343.8534851074219,0.5610697865486145
142,21.298935053247337,4,car,807.6636962890625,251.52169799804688,959.933349609375,385.7314758300781,0.8038228154182434
142,21.298935053247337,6,car,934.8760986328125,399.0430908203125,959.8766479492188,469.7322082519531,0.5097926259040833
142,21.298935053247337,7,car,832.2691040039062,112.31825256347656,912.83740234375,163.57521057128906,0.3565309941768646
142,21.298935053247337,8,car,662.5116577148438,158.40426635742188,821.0203247070312,229.3443145751953,0.3919745683670044
142,21.298935053247337,10,car,76.8273696899414,144.13706970214844,169.07916259765625,184.726806640625,0.4129229784011841
142,21.298935053247337,13,car,494.4649658203125,78.06903839111328,594.3829956054688,127.74375915527344,0.33860552310943604
142,21.298935053247337,14,car,800.1744995117188,101.43345642089844,849.5731811523438,134.11697387695312,0.470447838306427
142,21.298935053247337,42,car,752.70458984375,134.49716186523438,859.3410034179688,190.65089416503906,0.5712051391601562
142,21.298935053247337,52,car,32.26634979248047,108.39814758300781,122.56370544433594,187.5546875,0.5309591889381409
142,21.298935053247337,61,car,114.02289581298828,80.29293060302734,259.1289978027344,153.5104217529297,0.5738571882247925
142,21.298935053247337,91,car,692.8988647460938,200.8529815673828,858.495361328125,297.0047607421875,0.3637905716896057
142,21.298935053247337,130,car,401.98944091796875,187.5983428955078,591.777099609375,299.3344421386719,0.4480610489845276
142,21.298935053247337,132,car,462.24017333984375,286.4923095703125,636.4834594726562,418.0784912109375,0.657280683517456
142,21.298935053247337,140,car,60.44963836669922,168.38211059570312,241.83279418945312,304.5010986328125,0.40387311577796936
142,21.298935053247337,148,car,832.4627685546875,111.55482482910156,942.0928955078125,165.55404663085938,0.33538442850112915
142,21.298935053247337,149,car,870.3787231445312,221.16976928710938,940.7865600585938,270.2586975097656,0.3069336712360382
143,21.44892755362232,1,car,596.3292236328125,125.42659759521484,719.7186889648438,190.38719177246094,0.8298231363296509
143,21.44892755362232,2,car,808.76611328125,167.6497039794922,924.2389526367188,241.2244110107422,0.7928513288497925
143,21.44892755362232,3,car,0.15239576995372772,209.1874542236328,147.7843780517578,343.03436279296875,0.5210445523262024
143,21.44892755362232,4,car,807.6361694335938,251.48599243164062,959.9103393554688,385.78338623046875,0.7909973859786987
143,21.44892755362232,6,car,934.742431640625,399.1170959472656,959.8490600585938,469.5771484375,0.45904144644737244
143,21.44892755362232,7,car,832.3953857421875,112.03443908691406,913.295166015625,163.88568115234375,0.3618931472301483
143,21.44892755362232,8,car,662.4417724609375,158.5027618408203,825.0521240234375,229.2418212890625,0.5145848989486694
143,21.44892755362232,10,car,77.16876220703125,144.05101013183594,168.967529296875,183.58892822265625,0.3846529722213745
143,21.44892755362232,13,car,493.2336120605469,77.6458969116211,594.03076171875,127.30078887939453,0.3205581605434418
143,21.44892755362232,14,car,800.5308837890625,101.48037719726562,849.1058349609375,134.0597381591797,0.47147253155708313
143,21.44892755362232,42,car,752.5680541992188,134.4746551513672,859.322265625,190.42799377441406,0.5879087448120117
143,21.44892755362232,52,car,32.27082443237305,108.87955474853516,122.01297760009766,187.55348205566406,0.5293970704078674
143,21.44892755362232,61,car,111.84390258789062,79.6876449584961,258.4018249511719,153.09889221191406,0.5237022638320923
143,21.44892755362232,91,car,692.8348999023438,201.6865692138672,857.6058349609375,297.8283386230469,0.43767890334129333
143,21.44892755362232,130,car,403.9997863769531,189.95997619628906,599.0633544921875,317.771240234375,0.41614294052124023
143,21.44892755362232,132,car,464.573486328125,291.7492370605469,641.0503540039062,423.4776306152344,0.5062749981880188
143,21.44892755362232,140,car,58.42784118652344,168.348388671875,239.5701446533203,285.7691955566406,0.32838091254234314
143,21.44892755362232,149,car,870.394775390625,221.1462860107422,940.7252807617188,270.2719421386719,0.33646655082702637
144,21.5989200539973,1,car,596.287353515625,125.4145736694336,719.75439453125,190.39100646972656,0.8302848935127258
144,21.5989200539973,2,car,808.758544921875,167.70159912109375,924.218994140625,240.9615478515625,0.7894866466522217
144,21.5989200539973,3,car,0.07331951707601547,208.7406005859375,149.03268432617188,342.02239990234375,0.45177701115608215
144,21.5989200539973,4,car,807.625244140625,251.3438720703125,959.8497314453125,385.87994384765625,0.7879608869552612
144,21.5989200539973,6,car,934.588623046875,399.1346435546875,959.7845458984375,469.5627136230469,0.42049315571784973
144,21.5989200539973,7,car,832.2366333007812,112.20024108886719,912.8223266601562,163.6850128173828,0.3614315390586853
144,21.5989200539973,8,car,662.4570922851562,158.5323028564453,827.0992431640625,229.9042205810547,0.49570491909980774
144,21.5989200539973,10,car,77.5660171508789,143.85989379882812,168.74583435058594,183.08729553222656,0.4405975937843323
144,21.5989200539973,13,car,492.8866882324219,77.44348907470703,593.9105834960938,126.71597290039062,0.3358173668384552
144,21.5989200539973,14,car,800.404541015625,101.40182495117188,849.2764282226562,133.98257446289062,0.47351542115211487
144,21.5989200539973,25,car,392.4737854003906,38.04743957519531,438.8012390136719,64.81184387207031,0.26374927163124084
144,21.5989200539973,42,car,752.450927734375,134.4361114501953,859.2913818359375,190.36956787109375,0.5908685326576233
144,21.5989200539973,52,car,31.94213104248047,108.98413848876953,121.47984313964844,187.29434204101562,0.521287202835083
144,21.5989200539973,61,car,111.57721710205078,79.8128662109375,258.93890380859375,152.35610961914062,0.5531212091445923
144,21.5989200539973,91,car,692.7661743164062,202.21543884277344,856.9071655273438,297.9161376953125,0.3791329860687256
144,21.5989200539973,132,car,469.70123291015625,271.4228515625,646.3172607421875,430.8021240234375,0.37951335310935974
144,21.5989200539973,138,car,0.0,166.70361328125,240.00497436523438,346.2572326660156,0.26282909512519836
144,21.5989200539973,140,car,57.83226776123047,168.20468139648438,238.7963409423828,275.8305358886719,0.35186806321144104
144,21.5989200539973,148,car,832.328857421875,111.52794647216797,942.0046997070312,165.4927215576172,0.3220064043998718
144,21.5989200539973,149,car,870.4063720703125,221.0700225830078,940.6558227539062,270.3109130859375,0.3377247750759125
145,21.748912554372282,1,car,596.2626953125,125.43009185791016,719.7825317382812,190.4067840576172,0.828015148639679
145,21.748912554372282,2,car,808.7516479492188,167.7503204345703,924.2950439453125,240.710205078125,0.781261682510376
145,21.748912554372282,3,car,0.09189588576555252,208.5225372314453,151.0469970703125,342.03594970703125,0.5585532188415527
145,21.748912554372282,4,car,807.5679931640625,251.20016479492188,959.875244140625,386.00885009765625,0.7774916887283325
145,21.748912554372282,6,car,934.4923706054688,399.03961181640625,959.8138427734375,469.5177307128906,0.42360344529151917
145,21.748912554372282,7,car,832.1340942382812,112.28230285644531,912.716552734375,163.62376403808594,0.35671567916870117
145,21.748912554372282,8,car,662.6184692382812,158.4839324951172,827.6287231445312,230.13719177246094,0.46922409534454346
145,21.748912554372282,10,car,77.37958526611328,143.86822509765625,168.8318634033203,183.37620544433594,0.4398912489414215
145,21.748912554372282,13,car,492.3392028808594,77.37446594238281,594.1434936523438,126.27216339111328,0.3392745554447174
145,21.748912554372282,14,car,800.2691040039062,101.90860748291016,849.61572265625,134.14891052246094,0.4435661733150482
145,21.748912554372282,42,car,752.6349487304688,134.2603759765625,859.2462158203125,190.39541625976562,0.5730513334274292
145,21.748912554372282,52,car,31.479890823364258,109.35163879394531,121.05789184570312,187.35865783691406,0.5225856304168701
145,21.748912554372282,61,car,111.57466125488281,79.79313659667969,259.3431091308594,152.0191650390625,0.5652405023574829
145,21.748912554372282,91,car,692.5523681640625,202.37582397460938,856.5459594726562,297.8638000488281,0.31866681575775146
145,21.748912554372282,130,car,408.23712158203125,196.4676971435547,625.5411376953125,344.9836730957031,0.5430845618247986
145,21.748912554372282,132,car,474.2345886230469,297.98052978515625,652.6233520507812,438.35943603515625,0.41697606444358826
145,21.748912554372282,140,car,57.470951080322266,168.2101593017578,238.81141662597656,275.551513671875,0.3037525713443756
145,21.748912554372282,148,car,832.2792358398438,111.54817962646484,942.2130737304688,165.46438598632812,0.34024932980537415
145,21.748912554372282,149,car,870.446044921875,220.92666625976562,940.6390380859375,270.37615966796875,0.31285056471824646
146,21.898905054747264,1,car,596.25,125.43338775634766,719.94921875,190.41705322265625,0.8317211270332336
146,21.898905054747264,2,car,808.7684936523438,167.80319213867188,924.328125,239.2904815673828,0.77847820520401
146,21.898905054747264,3,car,0.02831142023205757,208.39474487304688,152.0242919921875,341.9273376464844,0.3075501322746277
146,21.898905054747264,4,car,807.5812377929688,251.2391357421875,959.8464965820312,385.9919738769531,0.7943152785301208
146,21.898905054747264,6,car,934.4495849609375,399.020751953125,959.7798461914062,469.4299621582031,0.4254392087459564
146,21.898905054747264,7,car,832.0602416992188,112.33879852294922,912.7333374023438,163.60716247558594,0.35842201113700867
146,21.898905054747264,8,car,662.5947875976562,158.551513671875,828.340576171875,230.5663604736328,0.4918045103549957
146,21.898905054747264,10,car,77.59223175048828,143.8095245361328,168.90541076660156,183.08741760253906,0.47076496481895447
146,21.898905054747264,13,car,492.1581115722656,77.37701416015625,594.6513671875,125.9808120727539,0.35382896661758423
146,21.898905054747264,14,car,800.22216796875,102.10445404052734,849.7352905273438,134.2272491455078,0.4527342617511749
146,21.898905054747264,42,car,752.0415649414062,134.27767944335938,859.2762451171875,190.38818359375,0.5740185379981995
146,21.898905054747264,52,car,31.72780418395996,109.43073272705078,120.83599090576172,187.032958984375,0.5303013324737549
146,21.898905054747264,61,car,111.64607238769531,80.04039001464844,259.58599853515625,151.74908447265625,0.5841380953788757
146,21.898905054747264,91,car,692.510498046875,202.28761291503906,854.6436767578125,297.65496826171875,0.3574717044830322
146,21.898905054747264,130,car,411.3726806640625,200.3009033203125,639.19287109375,357.3091125488281,0.5389820337295532
146,21.898905054747264,132,car,477.0013122558594,312.2489013671875,659.5441284179688,448.434326171875,0.43331027030944824
146,21.898905054747264,138,car,0.0,167.85939025878906,239.4849853515625,343.0772399902344,0.39525941014289856
146,21.898905054747264,140,car,57.189453125,168.1503143310547,238.75360107421875,279.17803955078125,0.26840847730636597
146,21.898905054747264,148,car,832.1962890625,111.5695571899414,942.24560546875,165.4750518798828,0.32711198925971985
146,21.898905054747264,149,car,870.6841430664062,220.82101440429688,940.5538330078125,270.41766357421875,0.2736153304576874
147,22.048897555122245,1,car,596.25,125.46258544921875,719.975830078125,190.3995361328125,0.8300257325172424
147,22.048897555122245,2,car,808.7479858398438,167.8229522705078,924.3143920898438,238.8794708251953,0.777636706829071
147,22.048897555122245,3,car,0.0,207.98912048339844,148.83670043945312,342.0268249511719,0.4894097149372101
147,22.048897555122245,4,car,807.526611328125,251.22396850585938,959.8108520507812,386.05816650390625,0.7984773516654968
147,22.048897555122245,6,car,934.5076904296875,399.01312255859375,959.733154296875,469.44384765625,0.45997610688209534
147,22.048897555122245,7,car,832.0711669921875,112.31608581542969,912.365966796875,163.52841186523438,0.35994255542755127
147,22.048897555122245,8,car,662.60791015625,158.43524169921875,828.9322509765625,232.00257873535156,0.4218386709690094
147,22.048897555122245,10,car,77.6064682006836,143.74285888671875,168.88975524902344,182.96078491210938,0.4436744451522827
147,22.048897555122245,13,car,491.6146545410156,77.35292053222656,593.9603271484375,125.76049041748047,0.35854703187942505
147,22.048897555122245,14,car,800.0918579101562,102.27886962890625,849.6907958984375,134.27149963378906,0.4608152508735657
147,22.048897555122245,42,car,751.208740234375,134.38238525390625,859.3567504882812,190.2628936767578,0.5278524160385132
147,22.048897555122245,52,car,31.93337631225586,109.40125274658203,120.6845703125,186.94764709472656,0.5300363898277283
147,22.048897555122245,61,car,111.3154296875,80.07633209228516,260.0553283691406,152.2979278564453,0.5950206518173218
147,22.048897555122245,91,car,692.3280029296875,202.20765686035156,853.9257202148438,297.5914306640625,0.2907915413379669
147,22.048897555122245,130,car,414.1429748535156,204.87232971191406,635.039794921875,364.1787109375,0.3995315730571747
147,22.048897555122245,132,car,479.65216064453125,321.31500244140625,667.1546020507812,459.2723693847656,0.39005908370018005
147,22.048897555122245,140,car,57.98399353027344,168.0935516357422,239.1092071533203,280.7812805175781,0.3684842586517334
147,22.048897555122245,148,car,832.1925659179688,111.5470199584961,942.36376953125,165.50607299804688,0.30407699942588806
147,22.048897555122245,149,car,870.7184448242188,220.764892578125,940.521728515625,270.4040832519531,0.28320345282554626
148,22.198890055497227,1,car,596.2523803710938,125.45649719238281,720.0535888671875,190.3693389892578,0.8297408819198608
148,22.198890055497227,2,car,808.6465454101562,167.81747436523438,924.3123168945312,238.75442504882812,0.7690212726593018
148,22.198890055497227,3,car,0.014365412294864655,208.0843048095703,151.92730712890625,342.65985107421875,0.2859235405921936
148,22.198890055497227,4,car,807.4783325195312,251.20249938964844,959.780029296875,386.0639953613281,0.7762816548347473
148,22.198890055497227,6,car,934.5525512695312,398.994140625,959.6822509765625,469.3898010253906,0.42694762349128723
148,22.198890055497227,7,car,831.9510498046875,112.35907745361328,911.8914794921875,163.45030212402344,0.36604049801826477
148,22.198890055497227,8,car,662.6019287109375,158.36236572265625,829.47607421875,232.50108337402344,0.4297923147678375
148,22.198890055497227,10,car,77.35186004638672,143.64939880371094,168.90231323242188,182.899169921875,0.41880276799201965
148,22.198890055497227,13,car,491.056884765625,77.31128692626953,594.3123168945312,125.6037826538086,0.3727482259273529
148,22.198890055497227,14,car,800.0798950195312,102.15062713623047,849.6859741210938,134.2874298095703,0.49629443883895874
148,22.198890055497227,42,car,751.211181640625,134.38941955566406,859.4340209960938,190.22909545898438,0.5113374590873718
148,22.198890055497227,52,car,31.68830680847168,109.25225067138672,120.62113189697266,186.95932006835938,0.4957604706287384
148,22.198890055497227,61,car,111.69886779785156,80.24168395996094,259.9906311035156,151.82188415527344,0.5623753070831299
148,22.198890055497227,130,car,416.6050109863281,209.11363220214844,650.4083862304688,374.0037841796875,0.5975382924079895
148,22.198890055497227,132,car,489.3316650390625,335.1833801269531,675.5527954101562,470.6478271484375,0.3501257598400116
148,22.198890055497227,138,car,0.0,168.0404815673828,239.3944854736328,342.9417724609375,0.5062291026115417
148,22.198890055497227,148,car,832.0894775390625,111.54521942138672,942.8325805664062,165.5657501220703,0.30460497736930847
148,22.198890055497227,149,car,870.6263427734375,220.7359619140625,940.4033813476562,270.2817077636719,0.2529458999633789
148,22.198890055497227,184,car,601.779052734375,23.976816177368164,661.1500854492188,45.99626541137695,0.30633947253227234
149,22.34888255587221,1,car,596.2418823242188,125.53374481201172,719.947998046875,190.3480682373047,0.8271893262863159
149,22.34888255587221,2,car,808.6106567382812,167.81060791015625,924.2509155273438,238.63465881347656,0.7756651639938354
149,22.34888255587221,4,car,807.643798828125,251.04556274414062,959.8719482421875,386.03900146484375,0.780299723148346
149,22.34888255587221,6,car,934.5992431640625,397.8174133300781,959.6565551757812,469.38623046875,0.552804708480835
149,22.34888255587221,7,car,831.9480590820312,112.4171142578125,911.517578125,163.37704467773438,0.3704473376274109
149,22.34888255587221,8,car,662.5506591796875,158.5138702392578,829.5831298828125,232.58021545410156,0.4928146302700043
149,22.34888255587221,10,car,78.25933837890625,143.57208251953125,168.93643188476562,182.16610717773438,0.45023638010025024
149,22.34888255587221,13,car,492.1163024902344,77.61585998535156,595.1876220703125,127.0363540649414,0.3842683732509613
149,22.34888255587221,14,car,799.9122314453125,102.0803451538086,849.69677734375,134.287109375,0.5033689141273499
149,22.34888255587221,25,car,392.51739501953125,38.015628814697266,438.5968933105469,64.76377868652344,0.25962111353874207
149,22.34888255587221,42,car,751.0115966796875,134.46035766601562,859.4240112304688,190.14845275878906,0.49892953038215637
149,22.34888255587221,52,car,31.87334632873535,109.15125274658203,120.69888305664062,186.8404998779297,0.5166502594947815
149,22.34888255587221,61,car,111.29186248779297,79.80931854248047,259.8038330078125,152.33326721191406,0.5533511638641357
149,22.34888255587221,91,car,692.416259765625,203.6653289794922,853.5814208984375,297.8281555175781,0.25643354654312134
149,22.34888255587221,130,car,421.95294189453125,213.98165893554688,653.7382202148438,382.8328857421875,0.6037707328796387
149,22.34888255587221,132,car,497.383056640625,340.3057861328125,688.7982177734375,484.0931701660156,0.4896478056907654
149,22.34888255587221,138,car,0.012898845598101616,166.92962646484375,239.7855224609375,345.7581787109375,0.29771822690963745
149,22.34888255587221,140,car,57.33313751220703,167.7850341796875,238.9025115966797,279.6712951660156,0.2587822377681732
149,22.34888255587221,148,car,831.9266357421875,111.53483581542969,941.2601928710938,165.48068237304688,0.2873324155807495
149,22.34888255587221,149,car,870.4743041992188,220.8023223876953,940.4323120117188,270.3760070800781,0.2951480746269226
149,22.34888255587221,184,car,601.7949829101562,24.149824142456055,661.0199584960938,45.95549774169922,0.2885577380657196
150,22.49887505624719,1,car,596.2081298828125,125.50674438476562,720.0145263671875,190.34056091308594,0.8312939405441284
150,22.49887505624719,2,car,808.6062622070312,167.80735778808594,924.318359375,238.40191650390625,0.7781614661216736
150,22.49887505624719,4,car,807.6763305664062,251.061767578125,959.9098510742188,386.10400390625,0.7700165510177612
150,22.49887505624719,6,car,934.6322631835938,397.43115234375,959.6511840820312,469.39263916015625,0.6032900810241699
150,22.49887505624719,7,car,831.9996948242188,112.45132446289062,911.576904296875,163.3668975830078,0.3661927878856659
150,22.49887505624719,8,car,662.6130981445312,158.5775146484375,829.61279296875,232.5238037109375,0.4709610342979431
150,22.49887505624719,10,car,78.74556732177734,143.56488037109375,168.9793701171875,181.76690673828125,0.4699820578098297
150,22.49887505624719,13,car,492.9613342285156,78.30315399169922,596.0864868164062,128.3457794189453,0.40700262784957886
150,22.49887505624719,14,car,799.7866821289062,101.99659729003906,849.7266845703125,134.2870330810547,0.5222538113594055
150,22.49887505624719,25,car,392.5275573730469,37.95418930053711,438.6366271972656,64.71436309814453,0.2574692368507385
150,22.49887505624719,42,car,750.9282836914062,134.50982666015625,859.3856201171875,190.2297821044922,0.5138860940933228
150,22.49887505624719,52,car,31.75469207763672,109.00862121582031,120.68384552001953,187.08326721191406,0.5181305408477783
150,22.49887505624719,61,car,111.15465545654297,79.73223876953125,259.53070068359375,152.09898376464844,0.548090934753418
150,22.49887505624719,130,car,427.7608642578125,219.60723876953125,652.6975708007812,397.2207336425781,0.6125831007957458
150,22.49887505624719,132,car,505.45648193359375,346.94464111328125,700.9986572265625,499.6903076171875,0.5561263561248779
150,22.49887505624719,138,car,0.0,167.35353088378906,239.42088317871094,345.3981628417969,0.3149700164794922
150,22.49887505624719,148,car,831.9136962890625,111.54811096191406,940.8523559570312,165.45533752441406,0.29040440917015076
150,22.49887505624719,149,car,870.4798583984375,220.83409118652344,940.41162109375,270.471435546875,0.3040090799331665
150,22.49887505624719,184,car,601.7669067382812,24.269575119018555,660.991455078125,45.96148681640625,0.2949613332748413
151,22.648867556622168,1,car,596.1834106445312,125.50965118408203,720.0162353515625,190.34510803222656,0.8310516476631165
151,22.648867556622168,2,car,808.6312866210938,167.80517578125,924.3325805664062,238.238525390625,0.7826512455940247
151,22.648867556622168,4,car,807.6694946289062,251.00729370117188,959.93310546875,386.0548400878906,0.7849865555763245
151,22.648867556622168,6,car,934.6629028320312,397.5486755371094,959.6586303710938,469.3874816894531,0.572140634059906
151,22.648867556622168,7,car,832.1748046875,112.30934143066406,912.0545654296875,163.5892791748047,0.40531712770462036
151,22.648867556622168,8,car,662.61474609375,158.58570861816406,829.5527954101562,232.67767333984375,0.4880863428115845
151,22.648867556622168,10,car,78.90190887451172,143.57351684570312,169.07635498046875,181.5968780517578,0.4715860188007355
151,22.648867556622168,13,car,493.2602233886719,78.47100830078125,596.4234619140625,128.92518615722656,0.38993391394615173
151,22.648867556622168,14,car,799.8755493164062,101.97463989257812,849.7495727539062,134.2932586669922,0.4885410964488983
151,22.648867556622168,42,car,750.9764404296875,134.44686889648438,859.3715209960938,190.17987060546875,0.5118051171302795
151,22.648867556622168,52,car,31.61700439453125,108.92717742919922,120.63683319091797,187.1006622314453,0.5051665902137756
151,22.648867556622168,61,car,111.9259262084961,79.82894897460938,259.3291931152344,151.43490600585938,0.5756008625030518
151,22.648867556622168,130,car,432.7012023925781,225.457763671875,678.5709838867188,414.21160888671875,0.5850691795349121
151,22.648867556622168,138,car,0.0,167.4946746826172,239.29470825195312,345.4659118652344,0.3005583882331848
151,22.648867556622168,149,car,870.5031127929688,220.8323516845703,940.397216796875,270.5849914550781,0.29957613348960876
151,22.648867556622168,184,car,601.6219482421875,24.343597412109375,660.8563232421875,45.98928451538086,0.27471157908439636
152,22.79886005699715,1,car,596.1614379882812,125.53977966308594,719.8896484375,190.33291625976562,0.8314764499664307
152,22.79886005699715,2,car,808.661376953125,167.80416870117188,924.355712890625,237.91708374023438,0.7887267470359802
152,22.79886005699715,4,car,807.525146484375,251.01478576660156,959.947265625,385.9903869628906,0.7910518646240234
152,22.79886005699715,6,car,934.5374755859375,398.3430480957031,959.6713256835938,469.3928527832031,0.479031503200531
152,22.79886005699715,7,car,832.3230590820312,112.22023010253906,912.4967651367188,163.7224578857422,0.3957880735397339
152,22.79886005699715,8,car,662.589111328125,158.62437438964844,829.7899780273438,232.88731384277344,0.5095168948173523
152,22.79886005699715,10,car,78.52313232421875,143.61932373046875,169.1586151123047,181.79835510253906,0.46457821130752563
152,22.79886005699715,13,car,493.38873291015625,78.64488220214844,596.6246337890625,129.06703186035156,0.39852747321128845
152,22.79886005699715,14,car,799.981689453125,101.82442474365234,849.8446655273438,134.28688049316406,0.5243474245071411
152,22.79886005699715,42,car,751.313720703125,134.5712127685547,859.3357543945312,190.24581909179688,0.5014113187789917
152,22.79886005699715,52,car,31.582433700561523,108.77850341796875,120.70651245117188,187.10044860839844,0.5046100616455078
152,22.79886005699715,61,car,112.64949035644531,79.8153076171875,259.23773193359375,150.9716033935547,0.5524309277534485
152,22.79886005699715,130,car,437.8143615722656,234.61683654785156,698.1394653320312,431.04443359375,0.3312689960002899
152,22.79886005699715,138,car,0.05769693851470947,167.66236877441406,239.40721130371094,343.9011535644531,0.5066589713096619
152,22.79886005699715,149,car,870.51611328125,220.86285400390625,940.39892578125,270.6423645019531,0.3099772334098816
152,22.79886005699715,184,car,601.5408935546875,24.213159561157227,660.8402709960938,45.989105224609375,0.31617581844329834
153,22.94885255737213,1,car,596.1311645507812,125.49176788330078,719.7841796875,190.3242950439453,0.829299807548523
153,22.94885255737213,2,car,808.645263671875,167.80426025390625,924.3206176757812,237.73170471191406,0.7811086177825928
153,22.94885255737213,4,car,807.4786376953125,251.1280059814453,959.94921875,385.7739562988281,0.7662868499755859
153,22.94885255737213,6,car,934.463623046875,398.552490234375,959.6741333007812,469.3829040527344,0.5223669409751892
153,22.94885255737213,7,car,832.7422485351562,112.12910461425781,912.1687622070312,163.7078094482422,0.40071144700050354
153,22.94885255737213,8,car,662.5650634765625,158.61495971679688,830.0507202148438,233.24974060058594,0.52824467420578
153,22.94885255737213,10,car,78.3904800415039,143.6520538330078,169.08242797851562,181.89707946777344,0.4765684902667999
153,22.94885255737213,13,car,493.0859069824219,78.42743682861328,596.8577880859375,129.2632598876953,0.4300493896007538
153,22.94885255737213,14,car,800.2410278320312,101.62403869628906,849.47509765625,134.2598114013672,0.5638980865478516
153,22.94885255737213,25,car,392.54302978515625,37.980220794677734,438.9304504394531,64.69029235839844,0.2692950963973999
153,22.94885255737213,42,car,751.5570068359375,134.486572265625,859.2526245117188,190.21566772460938,0.441002756357193
153,22.94885255737213,52,car,31.61220932006836,108.50736236572266,120.63203430175781,187.10125732421875,0.5167730450630188
153,22.94885255737213,61,car,111.85696411132812,79.55052185058594,258.4060363769531,150.2188262939453,0.5440496802330017
153,22.94885255737213,130,car,446.6170959472656,243.17234802246094,703.8203125,438.5149841308594,0.3531058132648468
153,22.94885255737213,138,car,0.0,167.7987060546875,239.47926330566406,341.9638977050781,0.3410966396331787
153,22.94885255737213,148,car,832.5013427734375,111.50025939941406,941.153564453125,165.36647033691406,0.2529265284538269
153,22.94885255737213,149,car,870.50390625,220.91502380371094,940.4107055664062,270.6058349609375,0.3336976170539856
153,22.94885255737213,184,car,601.6331787109375,24.23526954650879,660.892578125,45.96281051635742,0.25471231341362
154,23.098845057747113,1,car,596.1283569335938,125.54610443115234,719.7553100585938,190.31175231933594,0.8263011574745178
154,23.098845057747113,2,car,808.6292114257812,167.79403686523438,924.3300170898438,237.80807495117188,0.7819802165031433
154,23.098845057747113,3,car,0.0,208.04994201660156,155.71278381347656,337.6350402832031,0.29930245876312256
154,23.098845057747113,4,car,807.4183959960938,251.16952514648438,959.9556274414062,385.7934875488281,0.7772234678268433
154,23.098845057747113,6,car,934.4929809570312,398.6524963378906,959.6798706054688,469.4545593261719,0.4993966817855835
154,23.098845057747113,7,car,833.0286865234375,112.08940124511719,910.8987426757812,163.30648803710938,0.3957710862159729
154,23.098845057747113,8,car,662.4972534179688,158.58351135253906,830.1576538085938,233.40989685058594,0.5346879959106445
154,23.098845057747113,10,car,80.88224029541016,143.68124389648438,168.98106384277344,180.40994262695312,0.48230448365211487
154,23.098845057747113,13,car,493.0285339355469,78.39198303222656,596.7214965820312,129.17127990722656,0.39270132780075073
154,23.098845057747113,14,car,799.9373779296875,101.6720199584961,849.8065795898438,134.33143615722656,0.5697852969169617
154,23.098845057747113,25,car,392.5554504394531,37.95700454711914,438.8744201660156,64.6438980102539,0.2522081136703491
154,23.098845057747113,42,car,751.4419555664062,134.4288330078125,859.1963500976562,190.4219207763672,0.3855215013027191
154,23.098845057747113,52,car,31.63903045654297,108.3993911743164,120.5977554321289,187.212890625,0.5033575892448425
154,23.098845057747113,61,car,111.51377868652344,79.61116027832031,258.2638244628906,150.310791015625,0.4934369623661041
154,23.098845057747113,138,car,0.0,167.84231567382812,239.3309783935547,340.13226318359375,0.34048208594322205
154,23.098845057747113,140,car,58.08845138549805,167.76976013183594,239.15345764160156,278.07061767578125,0.33890247344970703
154,23.098845057747113,148,car,832.8502807617188,111.27477264404297,941.4243774414062,165.4241943359375,0.25412628054618835
154,23.098845057747113,149,car,870.4458618164062,220.93429565429688,940.3753051757812,270.5096130371094,0.32044580578804016
154,23.098845057747113,200,car,945.3287353515625,251.00100708007812,959.745849609375,300.3104553222656,0.30555030703544617
155,23.248837558122094,1,car,596.1550903320312,125.58496856689453,719.7000122070312,190.32577514648438,0.8270318508148193
155,23.248837558122094,2,car,808.6409301757812,167.84312438964844,924.3062744140625,237.92701721191406,0.7812590599060059
155,23.248837558122094,4,car,807.3853149414062,251.0741424560547,959.9273071289062,385.8555603027344,0.7779744863510132
155,23.248837558122094,6,car,934.450439453125,398.7456970214844,959.6389770507812,469.545654296875,0.5008413791656494
155,23.248837558122094,7,car,833.0354614257812,112.08772277832031,911.1978149414062,163.2347412109375,0.35807493329048157
155,23.248837558122094,8,car,662.47314453125,158.61721801757812,830.209716796875,233.54112243652344,0.5035653710365295
155,23.248837558122094,10,car,80.9683837890625,143.55271911621094,168.9090576171875,180.3346710205078,0.46207207441329956
155,23.248837558122094,13,car,492.24176025390625,77.86054229736328,596.5271606445312,128.63790893554688,0.39287206530570984
155,23.248837558122094,14,car,799.6626586914062,101.5147705078125,849.8031616210938,134.31942749023438,0.5364885330200195
155,23.248837558122094,42,car,751.27587890625,134.2836456298828,859.2368774414062,190.67996215820312,0.3551182150840759
155,23.248837558122094,52,car,31.389863967895508,108.198486328125,120.52784729003906,187.14512634277344,0.47896742820739746
155,23.248837558122094,61,car,111.4229736328125,79.60295104980469,257.956787109375,148.7202911376953,0.4742175042629242
155,23.248837558122094,130,car,460.6643981933594,261.4561462402344,741.4470825195312,478.91351318359375,0.3217918872833252
155,23.248837558122094,138,car,0.008949997834861279,167.69424438476562,239.02334594726562,339.1918640136719,0.6270500421524048
155,23.248837558122094,148,car,832.9775390625,111.20684814453125,940.6958618164062,165.39923095703125,0.3295356333255768
155,23.248837558122094,149,car,870.5488891601562,220.95909118652344,940.4625854492188,270.4483337402344,0.3065106272697449
155,23.248837558122094,200,car,945.2474975585938,250.96466064453125,959.7315673828125,300.3253479003906,0.29638150334358215
156,23.398830058497076,1,car,596.2547607421875,125.6162338256836,719.6728515625,190.35418701171875,0.8281102180480957
156,23.398830058497076,2,car,808.6875,167.86659240722656,924.3602905273438,237.6810302734375,0.7854201793670654
156,23.398830058497076,4,car,807.3716430664062,250.8852996826172,959.9425048828125,386.1169128417969,0.7866116762161255
156,23.398830058497076,6,car,934.433349609375,398.11865234375,959.6567993164062,469.5245056152344,0.479429692029953
156,23.398830058497076,7,car,833.2887573242188,111.92826080322266,911.1624755859375,163.3103485107422,0.41570577025413513
156,23.398830058497076,8,car,662.6597900390625,158.60269165039062,829.966796875,233.06292724609375,0.5443791747093201
156,23.398830058497076,10,car,81.54668426513672,143.56285095214844,168.7933349609375,180.81192016601562,0.5065751075744629
156,23.398830058497076,13,car,491.7561340332031,77.6317138671875,596.3615112304688,128.4078369140625,0.3946908116340637
156,23.398830058497076,14,car,799.7239990234375,101.65801239013672,849.8768920898438,134.2210693359375,0.4906966984272003
156,23.398830058497076,42,car,750.7907104492188,134.1265411376953,859.30126953125,190.71356201171875,0.40793123841285706
156,23.398830058497076,52,car,31.756376266479492,108.541259765625,120.16516876220703,186.99522399902344,0.5041776895523071
156,23.398830058497076,61,car,111.18409729003906,79.52412414550781,257.9365234375,148.01466369628906,0.4697244465351105
156,23.398830058497076,138,car,0.020636508241295815,167.41616821289062,239.07664489746094,339.8083190917969,0.658065676689148
156,23.398830058497076,149,car,870.5941162109375,221.1435089111328,940.469482421875,270.4646301269531,0.29066145420074463
156,23.398830058497076,200,car,945.435791015625,250.92579650878906,959.7440185546875,300.19403076171875,0.288982093334198
157,23.548822558872057,1,car,596.2811279296875,125.60718536376953,719.7858276367188,190.36767578125,0.8310855627059937
157,23.548822558872057,2,car,808.7032470703125,167.88218688964844,924.416259765625,237.83804321289062,0.7786390781402588
157,23.548822558872057,4,car,807.4053344726562,250.89593505859375,959.9811401367188,386.2792053222656,0.7666522860527039
157,23.548822558872057,6,car,934.439697265625,397.9960021972656,959.7013549804688,469.5439758300781,0.5406638383865356
157,23.548822558872057,7,car,833.5423583984375,111.9637222290039,911.0892944335938,163.2565155029297,0.43931037187576294
157,23.548822558872057,8,car,662.6646118164062,158.6702880859375,829.7887573242188,232.84109497070312,0.5261942744255066
157,23.548822558872057,10,car,81.83377838134766,143.6686553955078,168.60057067871094,180.974853515625,0.4976544678211212
157,23.548822558872057,13,car,491.3660583496094,77.54447174072266,596.228515625,128.3363037109375,0.40883177518844604
157,23.548822558872057,14,car,799.6021728515625,101.72953796386719,849.8899536132812,134.21380615234375,0.5431427955627441
157,23.548822558872057,25,car,392.3484802246094,38.33747482299805,439.6442565917969,64.7542495727539,0.2586202621459961
157,23.548822558872057,42,car,749.5563354492188,134.1016387939453,859.3654174804688,190.4184112548828,0.3166428208351135
157,23.548822558872057,52,car,31.8225154876709,108.8065414428711,120.04650115966797,187.0078125,0.5018900632858276
157,23.548822558872057,61,car,110.97665405273438,79.37571716308594,258.7479553222656,149.9401092529297,0.45732852816581726
157,23.548822558872057,138,car,0.08721353113651276,167.3378448486328,239.04449462890625,339.9793395996094,0.6663548350334167
157,23.548822558872057,149,car,870.5728759765625,221.2677459716797,940.5921630859375,270.5121765136719,0.3165924847126007
157,23.548822558872057,200,car,944.755859375,250.89999389648438,959.7662963867188,300.3547058105469,0.358855277299881
157,23.548822558872057,208,car,441.1119689941406,53.64460372924805,539.26708984375,105.9016342163086,0.30676254630088806
158,23.69881505924704,1,car,596.3019409179688,125.57527160644531,720.099365234375,190.39395141601562,0.8279539942741394
158,23.69881505924704,2,car,808.7304077148438,167.89146423339844,924.4517822265625,237.75656127929688,0.7867735624313354
158,23.69881505924704,3,car,0.08897271752357483,206.65786743164062,172.10011291503906,338.4884338378906,0.2507375180721283
158,23.69881505924704,4,car,807.3671875,250.7958221435547,959.9824829101562,386.2917175292969,0.7645602822303772
158,23.69881505924704,6,car,934.3419799804688,397.7821044921875,959.7047119140625,469.5672302246094,0.5681260228157043
158,23.69881505924704,7,car,833.9829711914062,112.04621887207031,911.67236328125,163.3428955078125,0.41959765553474426
158,23.69881505924704,8,car,662.7246704101562,158.6732940673828,829.4591674804688,232.34811401367188,0.5213122963905334
158,23.69881505924704,10,car,81.77273559570312,143.7125701904297,168.85671997070312,181.04110717773438,0.4500853419303894
158,23.69881505924704,13,car,491.5489807128906,77.51260375976562,596.0020141601562,128.2957763671875,0.38600656390190125
158,23.69881505924704,14,car,799.5803833007812,101.77599334716797,849.6295776367188,134.01206970214844,0.48612162470817566
158,23.69881505924704,42,car,733.4685668945312,127.45589447021484,859.190185546875,191.03939819335938,0.3723491430282593
158,23.69881505924704,52,car,31.4000244140625,108.9400634765625,120.0879135131836,186.5223388671875,0.48819851875305176
158,23.69881505924704,61,car,110.8570327758789,79.24742889404297,259.72747802734375,152.09521484375,0.44291967153549194
158,23.69881505924704,91,car,692.4539794921875,204.0564422607422,854.1719360351562,297.70263671875,0.25960075855255127
158,23.69881505924704,138,car,0.12913021445274353,167.68263244628906,239.82339477539062,340.4197692871094,0.41731229424476624
158,23.69881505924704,149,car,870.607177734375,221.313720703125,940.6721801757812,270.5312194824219,0.3392621576786041
158,23.69881505924704,200,car,944.7849731445312,250.90835571289062,959.76025390625,300.5143127441406,0.3881998360157013
158,23.69881505924704,208,car,441.5624084472656,53.87873458862305,538.713623046875,105.97600555419922,0.3017942011356354
159,23.84880755962202,1,car,596.314208984375,125.5969009399414,720.1739501953125,190.39927673339844,0.8301946520805359
159,23.84880755962202,2,car,808.7791137695312,167.91885375976562,924.5120849609375,237.3473358154297,0.7889124155044556
159,23.84880755962202,4,car,807.3419799804688,250.71913146972656,959.991943359375,386.3257141113281,0.767541766166687
159,23.84880755962202,6,car,934.3914184570312,398.9624938964844,959.715576171875,469.66455078125,0.55837482213974
159,23.84880755962202,8,car,662.7431640625,158.69703674316406,829.347900390625,232.1404571533203,0.5687592029571533
159,23.84880755962202,10,car,81.35177612304688,143.77334594726562,168.9296875,181.10684204101562,0.43297886848449707
159,23.84880755962202,13,car,491.01776123046875,77.53363800048828,595.576416015625,128.19325256347656,0.3956422507762909
159,23.84880755962202,14,car,799.6083984375,101.81925201416016,849.7865600585938,133.91204833984375,0.5001711845397949
159,23.84880755962202,42,car,727.62060546875,125.80266571044922,859.0389404296875,191.14100646972656,0.39292460680007935
159,23.84880755962202,52,car,31.472105026245117,109.00379943847656,120.15003204345703,186.8739776611328,0.49408671259880066
159,23.84880755962202,61,car,110.62615966796875,79.43022155761719,259.9000244140625,153.08815002441406,0.4602249264717102
159,23.84880755962202,91,car,692.3922119140625,203.4658203125,853.6941528320312,297.3222961425781,0.32053613662719727
159,23.84880755962202,138,car,0.0,167.66514587402344,239.50697326660156,339.3611145019531,0.7393027544021606
159,23.84880755962202,148,car,833.4039916992188,111.55597686767578,926.871337890625,164.53904724121094,0.5096079111099243
159,23.84880755962202,149,car,870.5980834960938,221.43650817871094,940.7508544921875,270.2561950683594,0.31556159257888794
159,23.84880755962202,200,car,944.7029418945312,251.06527709960938,959.766357421875,300.4779357910156,0.3824249804019928
159,23.84880755962202,208,car,441.8140869140625,53.98436737060547,539.2483520507812,105.71028137207031,0.31251659989356995
160,23.998800059997002,1,car,596.3139038085938,125.60507202148438,720.3162841796875,190.3849334716797,0.8296450972557068
160,23.998800059997002,2,car,808.734375,167.89663696289062,924.5523681640625,237.3271484375,0.7990719676017761
160,23.998800059997002,4,car,807.2662353515625,250.4273681640625,959.9945068359375,386.2388610839844,0.7586396336555481
160,23.998800059997002,6,car,934.469482421875,399.5439758300781,959.7169189453125,469.7518005371094,0.5519315600395203
160,23.998800059997002,8,car,662.7091674804688,158.75592041015625,829.5531005859375,232.3885498046875,0.5727928876876831
160,23.998800059997002,10,car,81.64977264404297,143.6859588623047,168.7519073486328,180.85731506347656,0.4612318277359009
160,23.998800059997002,13,car,490.96624755859375,77.62428283691406,595.1925659179688,128.05715942382812,0.3944060504436493
160,23.998800059997002,14,car,799.6453247070312,101.75003814697266,849.914794921875,133.8533935546875,0.4752177298069
160,23.998800059997002,25,car,392.0652160644531,38.19918441772461,440.4467468261719,64.97975158691406,0.2531037926673889
160,23.998800059997002,42,car,725.3037719726562,124.40685272216797,859.0202026367188,191.33071899414062,0.3444535434246063
160,23.998800059997002,52,car,32.021812438964844,109.04438018798828,119.986083984375,186.93099975585938,0.505965530872345
160,23.998800059997002,61,car,110.3173828125,78.95357513427734,259.8778381347656,152.9932403564453,0.4689920246601105
160,23.998800059997002,91,car,692.7509765625,203.11802673339844,852.5830078125,297.0421142578125,0.26616349816322327
160,23.998800059997002,138,car,0.07052150368690491,167.34889221191406,239.5225372314453,338.7817687988281,0.7846223711967468
160,23.998800059997002,148,car,833.5302124023438,111.68070983886719,923.5643310546875,164.3490753173828,0.4916025698184967
160,23.998800059997002,149,car,870.9557495117188,221.49256896972656,940.7704467773438,270.14862060546875,0.2959778606891632
160,23.998800059997002,200,car,944.6859130859375,251.1049041748047,959.7680053710938,300.33673095703125,0.34560105204582214
160,23.998800059997002,208,car,442.3648681640625,54.1702880859375,539.5842895507812,105.49999237060547,0.3124310374259949
161,24.148792560371984,1,car,596.3701171875,125.54703521728516,719.9593505859375,190.35292053222656,0.8247048854827881
161,24.148792560371984,2,car,808.7359619140625,167.9119415283203,924.4961547851562,237.4374542236328,0.8024196624755859
161,24.148792560371984,4,car,807.1213989257812,250.39312744140625,959.8726196289062,386.2299499511719,0.7713530659675598
161,24.148792560371984,6,car,934.4866333007812,399.3961486816406,959.7198486328125,469.7538757324219,0.5607754588127136
161,24.148792560371984,8,car,662.6229248046875,158.6960906982422,829.7241821289062,232.53297424316406,0.55253666639328
161,24.148792560371984,10,car,82.29366302490234,143.70484924316406,168.70053100585938,180.6584930419922,0.4406673014163971
161,24.148792560371984,13,car,490.9403381347656,77.79273986816406,594.53857421875,128.07716369628906,0.34957078099250793
161,24.148792560371984,14,car,799.7508544921875,101.7572250366211,850.1524658203125,133.86428833007812,0.4977048337459564
161,24.148792560371984,42,car,724.3519287109375,123.12118530273438,859.147705078125,191.01063537597656,0.260846883058548
161,24.148792560371984,52,car,32.54921340942383,109.0636978149414,119.9528579711914,186.6981658935547,0.4816543161869049
161,24.148792560371984,61,car,110.23594665527344,78.77047729492188,260.09130859375,153.7674560546875,0.4510008692741394
161,24.148792560371984,91,car,693.090576171875,202.91876220703125,851.96875,297.0958251953125,0.32416728138923645
161,24.148792560371984,138,car,0.13925278186798096,167.33489990234375,239.56863403320312,339.7481384277344,0.7356244325637817
161,24.148792560371984,148,car,833.9619140625,111.36959838867188,925.3027954101562,164.46633911132812,0.5204862356185913
161,24.148792560371984,149,car,870.8804931640625,221.54214477539062,940.6576538085938,270.187255859375,0.30766043066978455
161,24.148792560371984,200,car,944.7030029296875,251.07510375976562,959.7655029296875,300.23028564453125,0.3516441881656647
161,24.148792560371984,208,car,442.4427185058594,54.22163772583008,539.6463623046875,105.73291778564453,0.27805256843566895
162,24.29878506074696,1,car,596.4136352539062,125.54586791992188,719.782470703125,190.3529510498047,0.8273241519927979
162,24.29878506074696,2,car,808.7681884765625,167.97015380859375,924.4661254882812,237.4193878173828,0.8044829964637756
162,24.29878506074696,4,car,807.2137451171875,250.4688720703125,959.9412841796875,386.41217041015625,0.7994568347930908
162,24.29878506074696,6,car,934.5577392578125,399.47247314453125,959.7081298828125,469.8100891113281,0.5845465660095215
162,24.29878506074696,8,car,662.6610717773438,158.74969482421875,829.6853637695312,232.5312042236328,0.5689107775688171
162,24.29878506074696,10,car,82.91349029541016,143.6697998046875,168.6413116455078,180.2306671142578,0.45864951610565186
162,24.29878506074696,13,car,491.1958923339844,77.96661376953125,594.4547119140625,127.8255844116211,0.3596523702144623
162,24.29878506074696,14,car,799.8394165039062,101.79027557373047,850.7438354492188,133.87298583984375,0.47057145833969116
162,24.29878506074696,42,car,724.5435180664062,124.46619415283203,859.4229736328125,190.50726318359375,0.43255186080932617
162,24.29878506074696,52,car,32.772403717041016,109.09394836425781,119.7462158203125,186.078369140625,0.47291478514671326
162,24.29878506074696,61,car,110.47389221191406,78.90260314941406,260.1482849121094,154.06893920898438,0.38614964485168457
162,24.29878506074696,91,car,693.2396240234375,203.31790161132812,851.6636962890625,296.77764892578125,0.32814791798591614
162,24.29878506074696,130,car,557.8350830078125,365.8865051269531,766.0413818359375,471.8777160644531,0.7359076738357544
162,24.29878506074696,138,car,0.21798786520957947,167.57167053222656,239.1056671142578,339.51190185546875,0.8610997200012207
162,24.29878506074696,148,car,834.02099609375,111.1768798828125,934.855712890625,164.9158477783203,0.4092448651790619
162,24.29878506074696,149,car,870.7842407226562,221.56541442871094,940.5557250976562,270.33197021484375,0.32122448086738586
162,24.29878506074696,184,car,601.616455078125,23.376739501953125,660.7149047851562,45.944862365722656,0.25536587834358215
162,24.29878506074696,200,car,944.7623291015625,251.02011108398438,959.7590942382812,300.1650390625,0.3525557816028595
162,24.29878506074696,208,car,442.4752197265625,54.30393981933594,539.6832275390625,105.93922424316406,0.29973122477531433
163,24.448777561121943,1,car,596.4714965820312,125.53082275390625,719.692626953125,190.3603515625,0.8272608518600464
163,24.448777561121943,2,car,808.7806396484375,167.9952392578125,924.345703125,237.60472106933594,0.7996506690979004
163,24.448777561121943,4,car,807.2630615234375,250.45130920410156,959.9641723632812,386.4376220703125,0.7883235216140747
163,24.448777561121943,6,car,934.5640869140625,399.38970947265625,959.7035522460938,469.6871643066406,0.5669470429420471
163,24.448777561121943,7,car,834.5472412109375,111.63975524902344,916.6160888671875,164.18406677246094,0.3911207616329193
163,24.448777561121943,8,car,662.6907348632812,158.76344299316406,829.5458374023438,232.55418395996094,0.5359356999397278
163,24.448777561121943,10,car,82.58597564697266,143.5831298828125,168.70034790039062,180.10879516601562,0.4321255087852478
163,24.448777561121943,13,car,492.0525817871094,77.9437026977539,594.206298828125,127.74968719482422,0.3369610011577606
163,24.448777561121943,14,car,799.755126953125,101.78495788574219,850.93603515625,133.8594207763672,0.45049673318862915
163,24.448777561121943,42,car,724.5054321289062,124.44976806640625,859.5625,190.29661560058594,0.42070335149765015
163,24.448777561121943,52,car,32.35926055908203,109.0578842163086,119.78919982910156,186.091796875,0.486371785402298
163,24.448777561121943,61,car,110.7744369506836,78.95083618164062,260.2106628417969,154.65911865234375,0.35367950797080994
163,24.448777561121943,91,car,693.606689453125,203.51368713378906,851.197265625,296.9154968261719,0.31143268942832947
163,24.448777561121943,130,car,570.9437866210938,390.7159423828125,741.0811157226562,473.16668701171875,0.3707820177078247
163,24.448777561121943,138,car,0.2956806719303131,167.6669921875,239.165283203125,339.61029052734375,0.8314768075942993
163,24.448777561121943,149,car,870.71142578125,221.47943115234375,940.49560546875,270.24676513671875,0.3069881498813629
163,24.448777561121943,184,car,601.7067260742188,22.907756805419922,660.6911010742188,45.810184478759766,0.25203296542167664
163,24.448777561121943,200,car,944.7572631835938,250.88160705566406,959.7495727539062,300.1207275390625,0.3576914370059967
163,24.448777561121943,208,car,442.6006164550781,54.304161071777344,537.9224243164062,106.17513275146484,0.28776469826698303
164,24.598770061496925,1,car,596.4656372070312,125.55081939697266,719.676025390625,190.36770629882812,0.8284501433372498
164,24.598770061496925,2,car,808.74951171875,168.04270935058594,924.26611328125,237.50437927246094,0.8041205406188965
164,24.598770061496925,4,car,807.2275390625,250.59210205078125,959.9887084960938,386.38232421875,0.7820637226104736
164,24.598770061496925,6,car,934.5509643554688,399.7381591796875,959.7232666015625,469.4858703613281,0.5370002388954163
164,24.598770061496925,7,car,834.55908203125,111.78689575195312,915.9837036132812,164.00611877441406,0.3951517343521118
164,24.598770061496925,8,car,662.7413330078125,158.7974853515625,829.2786254882812,232.31455993652344,0.4467892348766327
164,24.598770061496925,10,car,81.76736450195312,143.53854370117188,169.04991149902344,180.19789123535156,0.4284428656101227
164,24.598770061496925,13,car,493.0517272949219,78.48939514160156,595.364013671875,128.35665893554688,0.3342275023460388
164,24.598770061496925,14,car,799.8450927734375,101.80126190185547,851.0650024414062,133.84373474121094,0.4418429136276245
164,24.598770061496925,42,car,724.3890991210938,123.85496520996094,859.6129150390625,190.2965850830078,0.39485374093055725
164,24.598770061496925,52,car,32.657894134521484,109.1318359375,119.71890258789062,186.39004516601562,0.47673299908638
164,24.598770061496925,61,car,110.70550537109375,79.50443267822266,260.46209716796875,154.75790405273438,0.38864806294441223
164,24.598770061496925,91,car,692.3659057617188,202.05398559570312,851.388916015625,295.875244140625,0.325072318315506
164,24.598770061496925,132,car,594.709716796875,415.4084777832031,803.567626953125,516.0032958984375,0.6698931455612183
164,24.598770061496925,138,car,0.36177486181259155,167.78883361816406,238.94036865234375,339.18548583984375,0.8416056036949158
164,24.598770061496925,149,car,870.7157592773438,221.5105743408203,940.3778076171875,269.85491943359375,0.3017694056034088
164,24.598770061496925,184,car,601.6492919921875,23.149213790893555,660.5668334960938,45.874725341796875,0.25069084763526917
164,24.598770061496925,200,car,944.8552856445312,250.9224090576172,959.7562866210938,300.134033203125,0.3357614278793335
164,24.598770061496925,208,car,442.9454345703125,54.30031967163086,537.6595458984375,106.40653228759766,0.2847261130809784
165,24.748762561871906,1,car,596.5191650390625,125.9964828491211,720.0337524414062,190.54920959472656,0.8164955377578735
165,24.748762561871906,2,car,808.479248046875,167.9128875732422,924.0222778320312,240.204345703125,0.7738013863563538
165,24.748762561871906,4,car,807.4108276367188,249.47335815429688,960.0,386.2243957519531,0.7800414562225342
165,24.748762561871906,6,car,934.9931640625,399.6224060058594,959.7593383789062,469.9576721191406,0.4618435204029083
165,24.748762561871906,7,car,833.7731323242188,112.42697143554688,912.6280517578125,163.09510803222656,0.6094169020652771
165,24.748762561871906,8,car,662.6571044921875,158.44154357910156,828.2940673828125,229.00946044921875,0.608974039554596
165,24.748762561871906,9,car,549.1566772460938,100.17692565917969,642.026123046875,153.40223693847656,0.2536800503730774
165,24.748762561871906,13,car,492.71575927734375,78.27967071533203,589.2420043945312,128.42550659179688,0.36213839054107666
165,24.748762561871906,14,car,799.700927734375,101.79595947265625,850.0350952148438,133.94703674316406,0.48370832204818726
165,24.748762561871906,25,car,392.4275817871094,38.17982864379883,439.7742919921875,64.66712951660156,0.33122536540031433
165,24.748762561871906,52,car,32.32368469238281,108.86125946044922,120.77117919921875,186.17845153808594,0.49814918637275696
165,24.748762561871906,61,car,112.8088607788086,91.85851287841797,260.3734130859375,152.24766540527344,0.32003238797187805
165,24.748762561871906,91,car,692.7030029296875,200.57452392578125,857.3705444335938,296.9815673828125,0.45923149585723877
165,24.748762561871906,132,car,609.335693359375,436.501220703125,817.9021606445312,536.2031860351562,0.545478880405426
165,24.748762561871906,138,car,0.3442828357219696,167.83895874023438,238.96363830566406,338.5911865234375,0.8776158690452576
165,24.748762561871906,149,car,870.3926391601562,220.8599395751953,941.079833984375,269.9723815917969,0.3443523645401001
165,24.748762561871906,184,car,601.8739013671875,23.443464279174805,660.7452392578125,46.092140197753906,0.396375834941864
165,24.748762561871906,208,car,446.2187805175781,54.668983459472656,540.9215698242188,106.5818862915039,0.27757346630096436
166,24.898755062246888,1,car,596.5382690429688,126.18448638916016,720.2139892578125,190.60528564453125,0.8160675168037415
166,24.898755062246888,2,car,808.3511962890625,167.869140625,923.880126953125,241.1210174560547,0.7708126306533813
166,24.898755062246888,4,car,807.4798583984375,248.8368377685547,959.9819946289062,386.1538391113281,0.7714958190917969
166,24.898755062246888,6,car,935.16650390625,399.5559997558594,959.7440185546875,470.0741271972656,0.42334499955177307
166,24.898755062246888,7,car,833.3726806640625,112.66791534423828,911.3556518554688,162.74880981445312,0.6018161773681641
166,24.898755062246888,8,car,662.618408203125,158.48924255371094,828.15185546875,229.00953674316406,0.6190962195396423
166,24.898755062246888,13,car,492.50830078125,78.23271942138672,586.6224365234375,128.37364196777344,0.3549823760986328
166,24.898755062246888,14,car,799.59033203125,101.72640991210938,849.6078491210938,133.9741973876953,0.4670405089855194
166,24.898755062246888,25,car,392.49932861328125,38.20813751220703,439.7430725097656,64.63321685791016,0.33926889300346375
166,24.898755062246888,52,car,32.1135139465332,108.78023529052734,121.38795471191406,186.20068359375,0.4876514673233032
166,24.898755062246888,61,car,114.4304428100586,95.35456848144531,260.6533203125,151.2953643798828,0.28376200795173645
166,24.898755062246888,91,car,692.8651123046875,200.22140502929688,859.3911743164062,297.5227355957031,0.46912169456481934
166,24.898755062246888,132,car,637.3401489257812,460.0804748535156,827.7432250976562,551.333251953125,0.49509018659591675
166,24.898755062246888,138,car,0.4195218086242676,167.90260314941406,238.8909149169922,338.3154296875,0.8844641447067261
166,24.898755062246888,149,car,870.1014404296875,220.62069702148438,941.3541259765625,270.1572265625,0.35084742307662964
166,24.898755062246888,184,car,602.0115356445312,23.518970489501953,660.8126831054688,46.172298431396484,0.4118068218231201
166,24.898755062246888,208,car,447.7112121582031,55.05988693237305,542.2426147460938,106.69155883789062,0.2620098888874054
167,25.04874756262187,1,car,596.5216064453125,126.2679672241211,720.2572021484375,190.63218688964844,0.8123311996459961
167,25.04874756262187,2,car,808.3062133789062,167.84974670410156,923.8292236328125,241.92019653320312,0.7789285778999329
167,25.04874756262187,4,car,807.458984375,248.64698791503906,959.9966430664062,386.1367492675781,0.7632702589035034
167,25.04874756262187,6,car,935.1375122070312,399.4128723144531,959.76416015625,469.9574890136719,0.4089953303337097
167,25.04874756262187,7,car,833.5753173828125,112.76954650878906,910.7487182617188,162.61024475097656,0.5924394726753235
167,25.04874756262187,8,car,662.62841796875,158.5193634033203,828.186279296875,229.16531372070312,0.5915523767471313
167,25.04874756262187,10,car,75.83030700683594,144.28073120117188,168.92494201660156,182.6721954345703,0.25120535492897034
167,25.04874756262187,13,car,492.14825439453125,78.05735778808594,585.5183715820312,128.27777099609375,0.34299638867378235
167,25.04874756262187,14,car,799.7525024414062,101.73382568359375,849.4125366210938,133.9117889404297,0.42373839020729065
167,25.04874756262187,25,car,392.5313415527344,38.27797317504883,439.74371337890625,64.64153289794922,0.33047404885292053
167,25.04874756262187,52,car,32.04643630981445,108.8470687866211,121.9479751586914,186.2658233642578,0.48877689242362976
167,25.04874756262187,61,car,115.53197479248047,96.27986907958984,260.7099304199219,151.01393127441406,0.3024808168411255
167,25.04874756262187,91,car,692.8767700195312,200.37664794921875,860.2208251953125,297.4937438964844,0.4208270311355591
167,25.04874756262187,138,car,0.44237613677978516,167.95677185058594,239.0251922607422,338.3819580078125,0.8909839987754822
167,25.04874756262187,149,car,870.0245971679688,220.5692138671875,941.4644775390625,270.15228271484375,0.3376249670982361
167,25.04874756262187,184,car,602.0379638671875,23.541677474975586,660.884765625,46.197261810302734,0.39831262826919556
167,25.04874756262187,208,car,446.5753173828125,54.98800277709961,541.9535522460938,106.68341827392578,0.2786484658718109
168,25.19874006299685,1,car,597.2009887695312,126.29385375976562,720.3054809570312,190.6288299560547,0.8189234733581543
168,25.19874006299685,2,car,808.2652587890625,167.8282012939453,923.7870483398438,242.2535400390625,0.7834351658821106
168,25.19874006299685,4,car,807.4931640625,248.642822265625,959.9605712890625,386.089111328125,0.7576960921287537
168,25.19874006299685,6,car,935.182861328125,399.4154052734375,959.7376098632812,469.760986328125,0.3770717978477478
168,25.19874006299685,7,car,833.685546875,112.80433654785156,910.447021484375,162.55648803710938,0.5854863524436951
168,25.19874006299685,8,car,662.6452026367188,158.55506896972656,828.1553344726562,229.16744995117188,0.6165854334831238
168,25.19874006299685,10,car,74.83800506591797,144.36485290527344,168.92750549316406,182.74388122558594,0.29303231835365295
168,25.19874006299685,13,car,490.5517272949219,77.97116088867188,584.9637451171875,128.4235076904297,0.36174505949020386
168,25.19874006299685,14,car,800.2112426757812,101.46650695800781,849.4352416992188,133.88751220703125,0.391730397939682
168,25.19874006299685,25,car,392.5857849121094,38.29191970825195,439.825927734375,64.66278076171875,0.33878761529922485
168,25.19874006299685,52,car,32.46062469482422,108.9191665649414,122.18819427490234,185.66253662109375,0.47444072365760803
168,25.19874006299685,61,car,116.311279296875,96.58009338378906,260.7867736816406,150.84141540527344,0.29729169607162476
168,25.19874006299685,91,car,692.834716796875,199.9414825439453,859.9142456054688,297.7188720703125,0.45560765266418457
168,25.19874006299685,138,car,0.5652315020561218,167.95205688476562,238.99932861328125,337.61602783203125,0.8945978283882141
168,25.19874006299685,149,car,870.0057983398438,220.5376739501953,941.4332885742188,270.1272277832031,0.3454365134239197
168,25.19874006299685,184,car,601.917724609375,23.293621063232422,660.9031982421875,46.26972198486328,0.39185208082199097
168,25.19874006299685,208,car,445.22088623046875,54.766178131103516,541.26513671875,106.55365753173828,0.29115167260169983
169,25.348732563371833,1,car,596.9508666992188,126.2464599609375,720.5510864257812,190.614501953125,0.8204591274261475
169,25.348732563371833,2,car,808.281005859375,167.77035522460938,923.8878784179688,241.89144897460938,0.7816617488861084
169,25.348732563371833,4,car,807.401123046875,248.72715759277344,959.9410400390625,386.0238037109375,0.7567066550254822
169,25.348732563371833,6,car,935.225830078125,399.22772216796875,959.7176513671875,469.67449951171875,0.3819308280944824
169,25.348732563371833,7,car,833.5802001953125,112.68917083740234,910.3678588867188,162.5338134765625,0.5871960520744324
169,25.348732563371833,8,car,662.6087036132812,158.55282592773438,828.2897338867188,229.4847412109375,0.6472299098968506
169,25.348732563371833,9,car,548.7891235351562,100.3278579711914,642.0555419921875,153.36642456054688,0.27771615982055664
169,25.348732563371833,10,car,74.44292449951172,144.306396484375,169.0735321044922,182.7275390625,0.3312402665615082
169,25.348732563371833,13,car,489.6561584472656,77.97222900390625,586.2830200195312,128.2672119140625,0.38513028621673584
169,25.348732563371833,14,car,800.3663330078125,100.69801330566406,849.254150390625,133.93565368652344,0.4462798833847046
169,25.348732563371833,25,car,392.67230224609375,38.214393615722656,439.983642578125,64.60005950927734,0.33020633459091187
169,25.348732563371833,52,car,32.55650329589844,108.74366760253906,121.89971923828125,185.5499725341797,0.47369587421417236
169,25.348732563371833,61,car,116.0061264038086,95.78324890136719,261.111083984375,150.71018981933594,0.3475019633769989
169,25.348732563371833,91,car,693.0538330078125,199.94508361816406,861.3623046875,297.6173400878906,0.4350612759590149
169,25.348732563371833,138,car,0.6570292115211487,167.96218872070312,238.96580505371094,336.8961181640625,0.8636205196380615
169,25.348732563371833,149,car,869.8394165039062,220.6635284423828,941.4198608398438,270.1680603027344,0.3617684841156006
169,25.348732563371833,184,car,602.1551513671875,23.39759063720703,660.9605102539062,46.29866027832031,0.4364658296108246
169,25.348732563371833,208,car,443.3587951660156,53.961185455322266,542.2775268554688,106.74921417236328,0.29525789618492126
169,25.348732563371833,230,car,694.028076171875,551.7546997070312,952.7753295898438,719.5924682617188,0.5938276052474976
170,25.498725063746814,1,car,596.8628540039062,126.16207122802734,720.5992431640625,190.60255432128906,0.816631019115448
170,25.498725063746814,2,car,808.355712890625,167.7095184326172,924.0260620117188,241.80905151367188,0.7886016964912415
170,25.498725063746814,4,car,807.5338134765625,248.71266174316406,959.921142578125,385.98785400390625,0.7488783597946167
170,25.498725063746814,6,car,935.0518798828125,399.2042236328125,959.7092895507812,469.29815673828125,0.38396427035331726
170,25.498725063746814,7,car,833.6315307617188,112.63325500488281,910.7156982421875,162.5470733642578,0.5896627902984619
170,25.498725063746814,8,car,662.8068237304688,158.48902893066406,828.752685546875,229.88955688476562,0.6396403312683105
170,25.498725063746814,10,car,74.10912322998047,144.16195678710938,169.18038940429688,182.74090576171875,0.36415836215019226
170,25.498725063746814,13,car,489.3092346191406,77.698486328125,586.1828002929688,128.2199249267578,0.388696551322937
170,25.498725063746814,14,car,800.00341796875,100.32138061523438,849.0802612304688,133.98880004882812,0.4472500681877136
170,25.498725063746814,25,car,392.7251892089844,38.11863708496094,439.9017639160156,64.53939056396484,0.3071233630180359
170,25.498725063746814,52,car,32.501068115234375,108.209716796875,121.54388427734375,185.91412353515625,0.47937336564064026
170,25.498725063746814,61,car,115.13772583007812,96.093994140625,261.14556884765625,150.68133544921875,0.35319754481315613
170,25.498725063746814,91,car,693.5056762695312,199.4920654296875,862.21044921875,297.358642578125,0.4332105815410614
170,25.498725063746814,138,car,0.6614303588867188,167.964599609375,238.9119873046875,335.9881591796875,0.8500617146492004
170,25.498725063746814,149,car,869.7760620117188,220.82730102539062,941.5739135742188,270.047607421875,0.33390459418296814
170,25.498725063746814,184,car,602.3485717773438,23.289775848388672,661.1680297851562,46.31317138671875,0.4186897277832031
170,25.498725063746814,230,car,730.4011840820312,582.1985473632812,958.4270629882812,719.6840209960938,0.6511492133140564
171,25.648717564121796,1,car,596.8685302734375,126.02790069580078,720.7113037109375,190.63343811035156,0.8256399631500244
171,25.648717564121796,2,car,808.4773559570312,167.66749572753906,924.1694946289062,241.73577880859375,0.7942072749137878
171,25.648717564121796,4,car,807.7280883789062,249.1940155029297,959.8175048828125,386.15570068359375,0.7143877744674683
171,25.648717564121796,6,car,935.0303344726562,399.2121887207031,959.70458984375,469.76226806640625,0.4019627869129181
171,25.648717564121796,7,car,833.4249877929688,112.600341796875,911.23828125,162.49314880371094,0.5948053598403931
171,25.648717564121796,8,car,663.190185546875,158.47756958007812,829.1412353515625,229.6531219482422,0.6758818030357361
171,25.648717564121796,10,car,73.98419952392578,144.07049560546875,169.2483367919922,182.92721557617188,0.40909191966056824
171,25.648717564121796,13,car,488.89599609375,77.49687194824219,585.9769897460938,128.3299102783203,0.43487605452537537
171,25.648717564121796,14,car,799.620849609375,97.22728729248047,848.7696533203125,134.15383911132812,0.3403077721595764
171,25.648717564121796,25,car,392.779541015625,38.030120849609375,439.4445495605469,64.3442611694336,0.3075713515281677
171,25.648717564121796,52,car,33.403053283691406,107.63850402832031,121.39086151123047,184.98365783691406,0.4141766130924225
171,25.648717564121796,61,car,114.67459869384766,102.83426666259766,259.6108703613281,150.81683349609375,0.30686548352241516
171,25.648717564121796,91,car,693.4097290039062,200.4821319580078,864.01318359375,297.2666015625,0.5174201726913452
171,25.648717564121796,138,car,0.5747984647750854,167.89959716796875,238.87216186523438,337.5244445800781,0.8184191584587097
171,25.648717564121796,149,car,869.7783813476562,220.7855682373047,941.5659790039062,270.4558410644531,0.27304235100746155
171,25.648717564121796,184,car,602.454345703125,23.23870086669922,661.1577758789062,46.306400299072266,0.42251649498939514
171,25.648717564121796,208,car,443.9612121582031,53.593841552734375,542.2274169921875,106.80121612548828,0.25486016273498535
171,25.648717564121796,230,car,738.6947021484375,618.3842163085938,959.932373046875,719.7325439453125,0.3031097650527954
172,25.798710064496778,1,car,596.8325805664062,125.98051452636719,720.5722045898438,190.68321228027344,0.8266937732696533
172,25.798710064496778,2,car,808.488525390625,167.67262268066406,924.2742309570312,241.72348022460938,0.7985972762107849
172,25.798710064496778,4,car,808.07568359375,249.604248046875,959.7679443359375,386.3243713378906,0.7136110663414001
172,25.798710064496778,6,car,935.0057983398438,398.9307861328125,959.6815795898438,470.0140380859375,0.4266635477542877
172,25.798710064496778,7,car,833.2598876953125,112.6421127319336,911.1677856445312,162.44271850585938,0.6173498034477234
172,25.798710064496778,8,car,663.4713745117188,158.50369262695312,829.1219482421875,229.5906219482422,0.6601332426071167
172,25.798710064496778,9,car,544.8619995117188,99.11503601074219,642.34912109375,152.593017578125,0.2582080662250519
172,25.798710064496778,10,car,73.34358215332031,143.9332733154297,168.9661407470703,183.12399291992188,0.3251238763332367
172,25.798710064496778,13,car,488.9073791503906,77.41539001464844,585.4885864257812,128.6938934326172,0.46220457553863525
172,25.798710064496778,25,car,392.7550354003906,37.81216049194336,439.3216857910156,64.15471649169922,0.27160248160362244
172,25.798710064496778,52,car,33.10950469970703,107.46192932128906,121.12065124511719,184.87744140625,0.40803834795951843
172,25.798710064496778,61,car,114.47335815429688,104.81912231445312,258.1861267089844,150.85906982421875,0.3306310772895813
172,25.798710064496778,91,car,693.2875366210938,200.69869995117188,864.3330688476562,296.9710693359375,0.47046351432800293
172,25.798710064496778,138,car,0.482448935508728,167.89920043945312,238.70651245117188,337.7638244628906,0.8540140986442566
172,25.798710064496778,184,car,602.492919921875,23.266822814941406,661.2366333007812,46.28255844116211,0.4324846863746643
172,25.798710064496778,200,car,945.4281005859375,250.04730224609375,959.7357177734375,299.20159912109375,0.25971683859825134
172,25.798710064496778,208,car,443.86279296875,53.585296630859375,540.8866577148438,106.54265594482422,0.25135281682014465
172,25.798710064496778,230,car,804.9586791992188,653.0552978515625,960.0,719.7700805664062,0.35514891147613525
172,25.798710064496778,233,car,750.9962768554688,136.71527099609375,859.9920654296875,191.36073303222656,0.3211171627044678
173,25.948702564871756,1,car,596.8077392578125,125.97779083251953,720.5364379882812,190.7071075439453,0.8233036398887634
173,25.948702564871756,2,car,808.4855346679688,167.6737518310547,924.3360595703125,241.8258514404297,0.7935348749160767
173,25.948702564871756,4,car,807.6939697265625,249.89739990234375,959.7664184570312,386.37677001953125,0.6709879040718079
173,25.948702564871756,6,car,934.9327392578125,398.820556640625,959.6802368164062,470.29833984375,0.47996261715888977
173,25.948702564871756,7,car,832.7684936523438,112.74774169921875,911.3519897460938,162.44189453125,0.6386379599571228
173,25.948702564871756,8,car,663.4835815429688,158.49009704589844,829.2402954101562,229.66136169433594,0.6424717903137207
173,25.948702564871756,9,car,543.6415405273438,98.59905242919922,642.4448852539062,152.5919647216797,0.32282882928848267
173,25.948702564871756,10,car,73.6513442993164,144.0047607421875,169.0081329345703,183.39987182617188,0.37809959053993225
173,25.948702564871756,13,car,488.4743957519531,77.37344360351562,584.6549682617188,128.57086181640625,0.44774946570396423
173,25.948702564871756,14,car,800.2132568359375,99.6281509399414,849.044189453125,133.936767578125,0.35107216238975525
173,25.948702564871756,25,car,392.7867431640625,37.806434631347656,439.22735595703125,64.02790069580078,0.30853042006492615
173,25.948702564871756,52,car,32.87078094482422,107.24624633789062,121.21693420410156,184.99252319335938,0.4148305654525757
173,25.948702564871756,61,car,114.78878784179688,105.34222412109375,258.2645263671875,150.9115753173828,0.32339128851890564
173,25.948702564871756,91,car,693.2601928710938,200.8768310546875,864.469482421875,297.2074890136719,0.48365387320518494
173,25.948702564871756,138,car,0.43398991227149963,167.80120849609375,238.85733032226562,338.135986328125,0.7906278967857361
173,25.948702564871756,184,car,602.4679565429688,23.30752182006836,661.4066772460938,46.27743911743164,0.40957775712013245
173,25.948702564871756,200,car,945.4161987304688,249.8921356201172,959.716552734375,299.2367858886719,0.2700566053390503
173,25.948702564871756,233,car,751.048583984375,137.41726684570312,859.555419921875,191.55979919433594,0.27207931876182556
174,26.098695065246737,1,car,596.8291015625,125.95897674560547,720.5299072265625,190.70469665527344,0.8255336284637451
174,26.098695065246737,2,car,808.4918823242188,167.69363403320312,924.35107421875,241.69223022460938,0.7918946146965027
174,26.098695065246737,4,car,807.4174194335938,250.0294189453125,959.8021240234375,386.3853759765625,0.6672797203063965
174,26.098695065246737,6,car,934.95703125,398.7723693847656,959.7259521484375,470.5387268066406,0.47469785809516907
174,26.098695065246737,7,car,832.7536010742188,112.7907485961914,911.4325561523438,162.44419860839844,0.6389095187187195
174,26.098695065246737,8,car,663.374755859375,158.4917755126953,829.1620483398438,229.6456298828125,0.6482742428779602
174,26.098695065246737,9,car,542.8450927734375,98.71064758300781,643.2395629882812,153.14666748046875,0.3433045446872711
174,26.098695065246737,10,car,72.57035827636719,144.06675720214844,168.86668395996094,182.63804626464844,0.3891984820365906
174,26.098695065246737,13,car,487.680908203125,77.38064575195312,584.6054077148438,128.74923706054688,0.42475005984306335
174,26.098695065246737,14,car,802.3870239257812,101.0295181274414,849.4280395507812,134.04977416992188,0.4175931513309479
174,26.098695065246737,25,car,392.7763366699219,37.81416320800781,439.1858215332031,63.9998779296875,0.30991747975349426
174,26.098695065246737,52,car,33.226287841796875,107.05921173095703,121.1251449584961,184.81930541992188,0.4044035077095032
174,26.098695065246737,61,car,114.67442321777344,106.19657135009766,257.04559326171875,151.04360961914062,0.2755308449268341
174,26.098695065246737,91,car,693.0491943359375,200.9866485595703,864.6757202148438,297.11895751953125,0.4785827398300171
174,26.098695065246737,138,car,0.35727059841156006,167.89125061035156,238.9342498779297,339.5385437011719,0.7861879467964172
174,26.098695065246737,184,car,602.7090454101562,23.415544509887695,661.3369140625,46.2606201171875,0.36359336972236633
174,26.098695065246737,200,car,945.43896484375,249.8868408203125,959.7407836914062,299.31884765625,0.2632487416267395
174,26.098695065246737,233,car,750.106689453125,137.35513305664062,859.5657348632812,191.58058166503906,0.2650313973426819
175,26.24868756562172,1,car,596.8310546875,125.94532775878906,720.6137084960938,190.70892333984375,0.8216102123260498
175,26.24868756562172,2,car,808.4735107421875,167.69400024414062,924.369873046875,241.60598754882812,0.7871444821357727
175,26.24868756562172,4,car,807.3510131835938,249.9978485107422,959.8091430664062,386.34906005859375,0.6607078909873962
175,26.24868756562172,6,car,934.9921264648438,398.7944641113281,959.7432250976562,470.7115783691406,0.4746828079223633
175,26.24868756562172,7,car,832.8212890625,112.81583404541016,911.845458984375,162.51405334472656,0.6218544840812683
175,26.24868756562172,8,car,663.3289794921875,158.39373779296875,829.1620483398438,229.77825927734375,0.6635016798973083
175,26.24868756562172,9,car,542.3753662109375,98.65394592285156,643.5668334960938,153.3599853515625,0.32622259855270386
175,26.24868756562172,10,car,71.80402374267578,143.923828125,168.87750244140625,182.14923095703125,0.27446189522743225
175,26.24868756562172,13,car,487.42987060546875,77.3768310546875,584.5277709960938,128.52015686035156,0.41512829065322876
175,26.24868756562172,14,car,802.9432983398438,101.39301300048828,849.4276123046875,134.1053009033203,0.41013631224632263
175,26.24868756562172,25,car,392.78778076171875,37.81875228881836,439.1971435546875,63.91949462890625,0.3006419837474823
175,26.24868756562172,52,car,32.867515563964844,106.82872009277344,121.29405212402344,185.1396026611328,0.38427799940109253
175,26.24868756562172,61,car,115.24647521972656,106.63180541992188,256.7599182128906,151.19322204589844,0.26098424196243286
175,26.24868756562172,91,car,692.9912109375,201.07315063476562,864.9954223632812,296.7281799316406,0.46379679441452026
175,26.24868756562172,138,car,0.3665436804294586,168.01902770996094,239.02755737304688,339.1766357421875,0.799907922744751
175,26.24868756562172,184,car,602.8042602539062,23.47422981262207,661.23388671875,46.23443603515625,0.3242545425891876
175,26.24868756562172,200,car,945.3780517578125,249.88963317871094,959.7481689453125,299.4107360839844,0.2683942914009094
176,26.3986800659967,1,car,596.7816162109375,125.97940063476562,720.5228881835938,190.630859375,0.8191183805465698
176,26.3986800659967,2,car,808.3463134765625,167.70252990722656,924.3624877929688,241.62069702148438,0.7840077877044678
176,26.3986800659967,4,car,807.3323364257812,250.15524291992188,959.8065795898438,386.3558654785156,0.6563966870307922
176,26.3986800659967,6,car,934.9364624023438,398.490234375,959.7478637695312,470.74993896484375,0.31898027658462524
176,26.3986800659967,7,car,832.7681274414062,112.86195373535156,912.0795288085938,162.5794219970703,0.6314052939414978
176,26.3986800659967,8,car,663.2698974609375,158.35740661621094,829.2918090820312,229.77867126464844,0.6418929100036621
176,26.3986800659967,9,car,542.2330932617188,98.65204620361328,643.6813354492188,153.4706573486328,0.3164038062095642
176,26.3986800659967,10,car,71.6344985961914,143.9216766357422,168.8895721435547,182.03306579589844,0.3242171108722687
176,26.3986800659967,13,car,487.4173889160156,77.37995147705078,585.0857543945312,128.85665893554688,0.42889735102653503
176,26.3986800659967,14,car,803.4888305664062,101.51358032226562,848.7344970703125,133.9007568359375,0.42380568385124207
176,26.3986800659967,25,car,392.7613220214844,37.80002975463867,439.1988220214844,63.85844421386719,0.3015015125274658
176,26.3986800659967,52,car,33.38010787963867,106.7628402709961,121.33273315429688,184.6570587158203,0.3909882605075836
176,26.3986800659967,61,car,115.4416275024414,106.92164611816406,255.4951629638672,151.3127899169922,0.2653472125530243
176,26.3986800659967,91,car,692.8711547851562,200.99053955078125,865.3953857421875,297.1841125488281,0.5024265050888062
176,26.3986800659967,138,car,0.33864647150039673,167.96302795410156,239.09732055664062,339.31341552734375,0.8082776665687561
176,26.3986800659967,184,car,602.7907104492188,23.398365020751953,661.2567749023438,46.19715881347656,0.27894094586372375
176,26.3986800659967,200,car,945.3814697265625,249.94483947753906,959.744873046875,299.4573974609375,0.2683841586112976
176,26.3986800659967,236,person,145.9175567626953,223.77459716796875,184.5832977294922,336.8935546875,0.4000065326690674
177,26.548672566371682,1,car,596.8630981445312,125.95679473876953,720.5657348632812,190.66983032226562,0.8221244215965271
177,26.548672566371682,2,car,808.3042602539062,167.72413635253906,924.3761596679688,241.4893035888672,0.7895820140838623
177,26.548672566371682,4,car,807.4299926757812,250.1595458984375,959.8016357421875,386.3191833496094,0.6659258604049683
177,26.548672566371682,6,car,934.9801025390625,398.5794677734375,959.7525024414062,470.5439758300781,0.35698938369750977
177,26.548672566371682,7,car,832.5773315429688,112.9377670288086,911.2471923828125,162.46339416503906,0.6508859992027283
177,26.548672566371682,8,car,663.2979125976562,158.36756896972656,829.1823120117188,229.502197265625,0.6398471593856812
177,26.548672566371682,9,car,541.7406616210938,98.46380615234375,643.6973266601562,153.2259979248047,0.36800435185432434
177,26.548672566371682,10,car,71.17677307128906,143.31199645996094,168.67320251464844,180.79901123046875,0.26982107758522034
177,26.548672566371682,13,car,487.5682067871094,77.37208557128906,585.1741333007812,128.76023864746094,0.44812825322151184
177,26.548672566371682,14,car,803.8714599609375,101.68862915039062,849.0570678710938,134.03883361816406,0.43626829981803894
177,26.548672566371682,25,car,392.7552795410156,37.74258804321289,439.27783203125,63.883033752441406,0.3177471458911896
177,26.548672566371682,52,car,33.802459716796875,106.83815002441406,121.3812026977539,184.22909545898438,0.3852013051509857
177,26.548672566371682,61,car,115.83369445800781,106.29566955566406,257.1419372558594,151.33892822265625,0.2555091679096222
177,26.548672566371682,91,car,692.9381713867188,200.72315979003906,866.3316040039062,297.767333984375,0.5537844300270081
177,26.548672566371682,138,car,0.3165681064128876,168.01287841796875,239.19955444335938,340.5163269042969,0.7803364992141724
177,26.548672566371682,184,car,602.8531494140625,23.419265747070312,661.2556762695312,46.19319534301758,0.2724579870700836
177,26.548672566371682,200,car,945.5554809570312,249.8305206298828,959.7514038085938,299.3079833984375,0.27534469962120056
178,26.698665066746663,1,car,597.0262451171875,125.92340850830078,720.5162353515625,190.63665771484375,0.8252077102661133
178,26.698665066746663,2,car,808.2301025390625,167.7186279296875,924.3445434570312,241.49688720703125,0.7966691851615906
178,26.698665066746663,4,car,807.4535522460938,250.32394409179688,959.7843627929688,386.2716979980469,0.6856864094734192
178,26.698665066746663,6,car,934.9659423828125,398.54296875,959.72900390625,470.42724609375,0.3573111295700073
178,26.698665066746663,7,car,832.5045776367188,113.00794982910156,910.7758178710938,162.3828887939453,0.6556904315948486
178,26.698665066746663,8,car,663.7266235351562,158.26602172851562,829.7307739257812,228.91896057128906,0.6581775546073914
178,26.698665066746663,9,car,541.4773559570312,98.2757568359375,643.70947265625,153.81088256835938,0.36528241634368896
178,26.698665066746663,13,car,487.3818664550781,77.43209838867188,585.8206787109375,128.94773864746094,0.44244664907455444
178,26.698665066746663,14,car,803.8231201171875,101.75240325927734,849.2057495117188,134.0850830078125,0.449097216129303
178,26.698665066746663,25,car,392.7887878417969,37.71080017089844,439.36029052734375,63.91333770751953,0.3113172650337219
178,26.698665066746663,52,car,33.97939682006836,106.81880187988281,121.43533325195312,184.090087890625,0.3839974105358124
178,26.698665066746663,91,car,692.900634765625,200.87094116210938,866.1414184570312,297.9988708496094,0.539825439453125
178,26.698665066746663,138,car,0.3603569269180298,167.9842071533203,239.4416046142578,339.917724609375,0.7900247573852539
178,26.698665066746663,184,car,602.9278564453125,23.400484085083008,661.129638671875,46.17356491088867,0.2902745306491852
178,26.698665066746663,200,car,945.5698852539062,249.78289794921875,959.7366333007812,299.25543212890625,0.2770214080810547
179,26.848657567121645,1,car,597.0743408203125,125.96744537353516,720.443603515625,190.55255126953125,0.8294902443885803
179,26.848657567121645,2,car,808.1412963867188,167.7105712890625,924.3118286132812,241.4393768310547,0.8006445169448853
179,26.848657567121645,4,car,807.5093383789062,250.46107482910156,959.7881469726562,386.2383117675781,0.6884327530860901
179,26.848657567121645,6,car,934.9667358398438,398.5023193359375,959.7344360351562,470.34088134765625,0.36786141991615295
179,26.848657567121645,7,car,832.4553833007812,113.0069808959961,910.6305541992188,162.3636932373047,0.6491578817367554
179,26.848657567121645,8,car,663.4940795898438,158.37486267089844,829.4428100585938,229.17233276367188,0.6420228481292725
179,26.848657567121645,9,car,541.3889770507812,98.21759033203125,643.6907348632812,154.00393676757812,0.36220383644104004
179,26.848657567121645,10,car,70.90235900878906,142.8424530029297,168.6641082763672,180.37742614746094,0.26607298851013184
179,26.848657567121645,13,car,487.4411315917969,77.53944396972656,586.0408325195312,128.99227905273438,0.45970436930656433
179,26.848657567121645,14,car,803.7237548828125,101.6863784790039,849.216552734375,134.11216735839844,0.42997053265571594
179,26.848657567121645,25,car,392.8188171386719,37.73131561279297,439.3791809082031,63.951019287109375,0.3307349979877472
179,26.848657567121645,52,car,34.12485885620117,106.95020294189453,121.451416015625,183.94375610351562,0.39508622884750366
179,26.848657567121645,61,car,116.15568542480469,97.58507537841797,260.0592346191406,151.12266540527344,0.28977537155151367
179,26.848657567121645,91,car,693.1146850585938,200.72706604003906,867.041259765625,298.0191650390625,0.561982274055481
179,26.848657567121645,138,car,0.3796398341655731,168.0802459716797,239.35585021972656,338.38421630859375,0.815130889415741
179,26.848657567121645,184,car,603.1223754882812,23.55939292907715,661.1888427734375,46.18521499633789,0.2833820581436157
179,26.848657567121645,200,car,945.5277099609375,249.7467803955078,959.7371826171875,299.2258605957031,0.27949267625808716
179,26.848657567121645,208,car,445.8025817871094,53.70543670654297,540.9234008789062,106.4173812866211,0.25139787793159485
179,26.848657567121645,236,person,143.07620239257812,228.90760803222656,189.97109985351562,348.90625,0.4755099415779114
180,26.998650067496627,1,car,597.0850219726562,125.99921417236328,720.455078125,190.52273559570312,0.8280736207962036
180,26.998650067496627,2,car,808.09033203125,167.70407104492188,924.3109130859375,241.3893585205078,0.7994414567947388
180,26.998650067496627,4,car,807.5057373046875,250.48304748535156,959.7944946289062,386.2252502441406,0.6916183233261108
180,26.998650067496627,6,car,934.966064453125,398.50048828125,959.7443237304688,470.3789367675781,0.3980260193347931
180,26.998650067496627,7,car,832.46337890625,113.04261779785156,910.537841796875,162.34817504882812,0.6551053524017334
180,26.998650067496627,8,car,663.4010620117188,158.53457641601562,829.270751953125,229.2711639404297,0.6375397443771362
180,26.998650067496627,9,car,541.5624389648438,98.24134063720703,643.6812744140625,154.08029174804688,0.3492997884750366
180,26.998650067496627,10,car,70.91735076904297,142.59841918945312,168.6219940185547,180.42628479003906,0.26327231526374817
180,26.998650067496627,13,car,488.0545349121094,77.64153289794922,585.7566528320312,129.05340576171875,0.4632355868816376
180,26.998650067496627,14,car,803.978271484375,101.76203918457031,849.200927734375,134.11056518554688,0.4360581636428833
180,26.998650067496627,25,car,392.824462890625,37.763267517089844,439.3707275390625,63.96131896972656,0.32628682255744934
180,26.998650067496627,52,car,34.02981185913086,107.17581176757812,121.44793701171875,184.07644653320312,0.39029040932655334
180,26.998650067496627,61,car,116.00689697265625,95.6604995727539,260.7606201171875,151.19598388671875,0.29288023710250854
180,26.998650067496627,91,car,693.0808715820312,200.9945831298828,867.04296875,297.9794921875,0.5231426954269409
180,26.998650067496627,138,car,0.4294954836368561,168.07034301757812,239.2950439453125,339.8231201171875,0.8267951011657715
180,26.998650067496627,184,car,602.9373168945312,23.56637954711914,661.0025634765625,46.201961517333984,0.2976367771625519
180,26.998650067496627,200,car,945.5277709960938,249.74703979492188,959.7388916015625,299.1870422363281,0.2738577425479889
181,27.148642567871608,1,car,597.1061401367188,125.96133422851562,720.5084838867188,190.58309936523438,0.8279131650924683
181,27.148642567871608,2,car,808.1787109375,167.7107391357422,924.2705078125,241.3011932373047,0.8028781414031982
181,27.148642567871608,4,car,807.5106811523438,250.4999237060547,959.7970581054688,386.2095031738281,0.6924303770065308
181,27.148642567871608,6,car,934.9588012695312,398.5298767089844,959.7377319335938,470.33099365234375,0.3723994493484497
181,27.148642567871608,7,car,832.4761962890625,113.032958984375,910.6524658203125,162.34478759765625,0.6399480700492859
181,27.148642567871608,8,car,663.3491821289062,158.57058715820312,829.122802734375,229.416748046875,0.6434239149093628
181,27.148642567871608,9,car,541.642333984375,98.22660827636719,643.7224731445312,154.07289123535156,0.34666818380355835
181,27.148642567871608,13,car,485.3617248535156,77.62054443359375,585.8285522460938,129.07460021972656,0.45501908659935
181,27.148642567871608,14,car,803.7750244140625,101.68624877929688,848.6529541015625,133.89010620117188,0.4307326376438141
181,27.148642567871608,25,car,392.8203125,37.75345230102539,439.4007568359375,63.95920944213867,0.3175405263900757
181,27.148642567871608,52,car,34.11164093017578,107.39508819580078,121.54560852050781,183.8840789794922,0.36920788884162903
181,27.148642567871608,61,car,116.16751098632812,95.09212493896484,261.02081298828125,151.16737365722656,0.2851352393627167
181,27.148642567871608,91,car,693.1659545898438,201.08267211914062,866.8642578125,297.9541015625,0.5336600542068481
181,27.148642567871608,138,car,0.4417076110839844,168.02687072753906,239.3068084716797,341.5121765136719,0.8372077941894531
181,27.148642567871608,184,car,602.8421630859375,23.607105255126953,661.1268920898438,46.208553314208984,0.27878254652023315
181,27.148642567871608,200,car,945.416748046875,249.72283935546875,959.7329711914062,299.2186584472656,0.2851877212524414
181,27.148642567871608,208,car,445.7798156738281,53.482112884521484,544.4959716796875,106.64014434814453,0.2665974795818329
