frame,time_seconds,track_id,object_class,x1,y1,x2,y2,confidence
0,0.0,1,car,871.045654296875,116.37393188476562,927.7535400390625,162.29452514648438,0.6625155806541443
1,0.03333333333333333,1,car,871.0524291992188,116.3357162475586,927.7487182617188,162.28697204589844,0.6563260555267334
2,0.06666666666666667,1,car,871.0667114257812,116.32283020019531,927.7698974609375,162.2537841796875,0.6633256077766418
3,0.1,1,car,871.055908203125,116.3123550415039,927.7550048828125,162.2283935546875,0.656108558177948
4,0.13333333333333333,1,car,871.0728149414062,116.27080535888672,927.7969360351562,162.19970703125,0.6526063680648804
5,0.16666666666666666,1,car,871.0582885742188,116.33783721923828,927.83203125,162.17245483398438,0.6685847043991089
6,0.2,1,car,871.1002807617188,116.34545135498047,927.8018798828125,162.00909423828125,0.6647213697433472
7,0.23333333333333334,1,car,871.0624389648438,116.32160186767578,927.6802368164062,161.99649047851562,0.6658912897109985
8,0.26666666666666666,1,car,871.0521240234375,116.32003784179688,927.6137084960938,162.00437927246094,0.6795840859413147
9,0.3,1,car,871.0311889648438,116.2997055053711,927.5516357421875,161.74620056152344,0.6755701303482056
10,0.3333333333333333,1,car,871.0573120117188,116.31840515136719,927.6016235351562,161.59381103515625,0.6732639670372009
11,0.36666666666666664,1,car,871.040283203125,116.3341064453125,927.6411743164062,161.49839782714844,0.6762081384658813
11,0.36666666666666664,5,car,200.5555419921875,225.59933471679688,842.798828125,513.2867431640625,0.37288346886634827
12,0.4,1,car,871.0586547851562,116.35465240478516,927.7161254882812,161.3336181640625,0.6786988973617554
12,0.4,5,car,193.39492797851562,225.99346923828125,842.8040771484375,513.5205688476562,0.2578808665275574
13,0.43333333333333335,1,car,871.0396728515625,116.31501770019531,927.4889526367188,161.26602172851562,0.6655538082122803
13,0.43333333333333335,5,car,189.46241760253906,226.2230224609375,842.7547607421875,513.3211059570312,0.3409240245819092
13,0.43333333333333335,6,car,1223.7403564453125,209.9923095703125,1279.6915283203125,260.4712219238281,0.5105106830596924
14,0.4666666666666667,1,car,871.0421752929688,116.25635528564453,927.1657104492188,161.26966857910156,0.6431053280830383
14,0.4666666666666667,5,car,188.24073791503906,225.7767333984375,842.7706909179688,513.4756469726562,0.5687772631645203
14,0.4666666666666667,6,car,1213.668212890625,207.47206115722656,1279.71533203125,259.0008850097656,0.4592382311820984
15,0.5,1,car,871.02880859375,116.25880432128906,927.0191650390625,161.2077178955078,0.6660118103027344
15,0.5,5,car,185.0680389404297,225.81240844726562,842.7225952148438,513.6697387695312,0.6891454458236694
15,0.5,6,car,1210.2301025390625,206.48651123046875,1279.691650390625,258.5813903808594,0.5018776655197144
16,0.5333333333333333,1,car,871.0401000976562,116.20714569091797,926.6739501953125,161.16015625,0.6582552790641785
16,0.5333333333333333,5,car,184.6754913330078,225.94049072265625,842.399658203125,512.6102294921875,0.4354567229747772
16,0.5333333333333333,6,car,1201.7042236328125,204.15660095214844,1279.6607666015625,256.60638427734375,0.4827779531478882
17,0.5666666666666667,1,car,871.0152587890625,116.17922973632812,926.4099731445312,161.0975799560547,0.6393001675605774
17,0.5666666666666667,5,car,185.55889892578125,226.10194396972656,842.1659545898438,512.3032836914062,0.34094393253326416
17,0.5666666666666667,6,car,1198.61865234375,203.7503662109375,1279.64892578125,256.259521484375,0.4659581780433655
18,0.6,1,car,871.0570068359375,116.2044906616211,926.2047729492188,160.80184936523438,0.6719563603401184
18,0.6,5,car,191.10150146484375,225.32974243164062,842.3493041992188,514.4293823242188,0.44033434987068176
18,0.6,6,car,1190.2489013671875,198.38861083984375,1279.53662109375,249.9083709716797,0.3659871816635132
19,0.6333333333333333,1,car,871.0242309570312,116.16969299316406,926.0388793945312,160.70396423339844,0.6564664244651794
19,0.6333333333333333,5,car,189.5138702392578,224.6478271484375,842.3630981445312,514.8836669921875,0.48220551013946533
19,0.6333333333333333,6,car,1187.029052734375,195.74887084960938,1279.493408203125,247.8673858642578,0.34218427538871765
20,0.6666666666666666,1,car,871.0457153320312,116.17852020263672,926.02490234375,160.73138427734375,0.6684138178825378
20,0.6666666666666666,5,car,215.40863037109375,225.735107421875,842.5978393554688,513.6105346679688,0.5799944400787354
20,0.6666666666666666,6,car,1178.8807373046875,189.88186645507812,1276.674072265625,241.97413635253906,0.3393215835094452
21,0.7,1,car,871.0386962890625,116.17273712158203,925.9231567382812,160.74378967285156,0.6895183324813843
21,0.7,5,car,226.4422149658203,226.0843505859375,842.6739501953125,513.1072387695312,0.6571561098098755
21,0.7,6,car,1175.7569580078125,187.80116271972656,1276.9998779296875,240.2401123046875,0.2907426357269287
22,0.7333333333333333,1,car,871.0479125976562,116.09819030761719,925.9515380859375,160.83145141601562,0.6764376759529114
22,0.7333333333333333,5,car,189.9593048095703,227.5059051513672,839.4769287109375,511.2570495605469,0.6897559762001038
23,0.7666666666666667,1,car,871.0169677734375,116.05361938476562,926.03955078125,160.8917999267578,0.676838755607605
23,0.7666666666666667,5,car,179.61888122558594,227.89817810058594,838.3450927734375,510.2049865722656,0.7143363356590271
24,0.8,1,car,871.0221557617188,116.0572509765625,926.201904296875,160.9397735595703,0.6799715757369995
24,0.8,5,car,172.88015747070312,228.63299560546875,838.027587890625,510.537353515625,0.639445424079895
25,0.8333333333333334,1,car,871.009765625,116.03881072998047,926.2533569335938,160.90501403808594,0.6781108379364014
25,0.8333333333333334,5,car,170.6119384765625,228.82534790039062,837.973876953125,510.4785461425781,0.6797963976860046
26,0.8666666666666667,1,car,871.0523071289062,116.13478088378906,926.5608520507812,160.81341552734375,0.7054383754730225
26,0.8666666666666667,5,car,170.49713134765625,228.5965118408203,838.6075439453125,510.95263671875,0.8177834749221802
26,0.8666666666666667,6,car,1147.8304443359375,174.37887573242188,1232.34912109375,222.32872009277344,0.5633837580680847
27,0.9,1,car,871.056640625,116.17705535888672,926.6103515625,160.7772979736328,0.7125701904296875
27,0.9,5,car,170.3618621826172,228.78977966308594,838.8324584960938,511.1688232421875,0.825004518032074
27,0.9,6,car,1145.9451904296875,173.1373748779297,1227.5809326171875,221.24212646484375,0.5441890358924866
27,0.9,13,car,1254.3306884765625,432.2601318359375,1279.64794921875,488.7227478027344,0.3354822099208832
28,0.9333333333333333,1,car,871.1118774414062,116.24383544921875,926.7005004882812,160.6352081298828,0.7200597524642944
28,0.9333333333333333,5,car,170.87652587890625,229.15289306640625,838.64453125,512.5032348632812,0.8145788311958313
28,0.9333333333333333,6,car,1138.75146484375,172.41336059570312,1218.0225830078125,217.86575317382812,0.47730588912963867
28,0.9333333333333333,13,car,1254.483642578125,432.2966003417969,1279.6766357421875,488.2861633300781,0.3194045126438141
29,0.9666666666666667,1,car,871.0843505859375,116.26495361328125,926.6843872070312,160.54562377929688,0.7203280329704285
29,0.9666666666666667,5,car,171.12864685058594,229.2479248046875,838.6934204101562,512.975341796875,0.8253802061080933
29,0.9666666666666667,6,car,1135.5357666015625,171.35401916503906,1213.39697265625,217.04937744140625,0.3418894112110138
29,0.9666666666666667,13,car,1254.5955810546875,432.2958984375,1279.6439208984375,488.0905456542969,0.3208397924900055
30,1.0,1,car,871.1421508789062,116.28524780273438,926.7327270507812,160.5463104248047,0.7152128219604492
30,1.0,5,car,166.4903106689453,228.7842559814453,824.3460083007812,512.7904052734375,0.5132020115852356
30,1.0,6,car,1130.642822265625,170.4156494140625,1203.41748046875,213.81558227539062,0.3776121437549591
30,1.0,13,car,1254.7509765625,432.2855529785156,1279.690673828125,488.1328125,0.2951936721801758
31,1.0333333333333334,1,car,871.079833984375,116.26979064941406,926.6142578125,160.54702758789062,0.7075384259223938
31,1.0333333333333334,5,car,169.76332092285156,228.39126586914062,833.029541015625,512.8685302734375,0.552733302116394
31,1.0333333333333334,6,car,1129.056640625,170.07058715820312,1200.36279296875,212.6353302001953,0.39803263545036316
31,1.0333333333333334,13,car,1254.7293701171875,432.1785583496094,1279.638671875,488.2508239746094,0.29015520215034485
32,1.0666666666666667,1,car,871.1580200195312,116.3118896484375,926.72802734375,160.6280517578125,0.6870895624160767
32,1.0666666666666667,5,car,166.45263671875,228.8006134033203,835.5584106445312,512.7847290039062,0.6641110181808472
32,1.0666666666666667,6,car,1123.2373046875,167.72828674316406,1191.02490234375,208.5292510986328,0.29500842094421387
32,1.0666666666666667,13,car,1254.664794921875,432.1886901855469,1279.7017822265625,488.3940124511719,0.2925853133201599
33,1.1,1,car,871.0787963867188,116.07646942138672,926.7109985351562,160.86561584472656,0.6389369368553162
33,1.1,5,car,165.4896697998047,229.04933166503906,836.592529296875,513.1795654296875,0.689548671245575
33,1.1,6,car,1121.2027587890625,167.28805541992188,1187.685302734375,206.9393310546875,0.34139344096183777
33,1.1,13,car,1254.347412109375,432.0880432128906,1279.6353759765625,488.5173034667969,0.3206224739551544
34,1.1333333333333333,1,car,871.1012573242188,115.79855346679688,926.703125,160.92994689941406,0.6224014163017273
34,1.1333333333333333,5,car,163.30172729492188,228.1194305419922,821.3568725585938,514.1336059570312,0.7967060208320618
34,1.1333333333333333,6,car,1114.404541015625,165.39447021484375,1180.5430908203125,204.57945251464844,0.28862735629081726
34,1.1333333333333333,13,car,1254.378173828125,432.1091613769531,1279.66650390625,488.4352111816406,0.3133137822151184
35,1.1666666666666667,1,car,871.0504150390625,115.45098114013672,926.6307983398438,161.0132598876953,0.6021279096603394
35,1.1666666666666667,5,car,162.56610107421875,227.7322998046875,816.1375122070312,514.7496337890625,0.7645854353904724
35,1.1666666666666667,6,car,1112.0361328125,164.7263641357422,1180.0301513671875,204.22808837890625,0.3547026813030243
35,1.1666666666666667,13,car,1254.27001953125,432.0905456542969,1279.622314453125,488.43841552734375,0.32242900133132935
36,1.2,1,car,871.0897827148438,114.9094009399414,926.6537475585938,160.9628143310547,0.5657064914703369
36,1.2,5,car,160.7872314453125,227.69650268554688,811.2539672851562,509.40972900390625,0.6749564409255981
36,1.2,6,car,1120.110107421875,171.15025329589844,1170.8951416015625,199.76556396484375,0.5152050256729126
36,1.2,13,car,1254.51220703125,432.1903076171875,1279.6683349609375,488.2682189941406,0.2977098226547241
37,1.2333333333333334,1,car,871.04150390625,114.6291275024414,926.4905395507812,160.94789123535156,0.5589704513549805
37,1.2333333333333334,5,car,160.56163024902344,227.59078979492188,809.085205078125,509.60247802734375,0.6880715489387512
37,1.2333333333333334,6,car,1124.15478515625,173.8062744140625,1167.958740234375,198.64239501953125,0.5020464658737183
37,1.2333333333333334,13,car,1254.4779052734375,432.0892333984375,1279.62353515625,488.4146423339844,0.312492311000824
37,1.2333333333333334,17,car,354.70538330078125,228.38218688964844,843.8679809570312,512.9295043945312,0.475324422121048
38,1.2666666666666666,1,car,871.0547485351562,114.61470031738281,926.5910034179688,160.97763061523438,0.582779049873352
38,1.2666666666666666,5,car,166.41793823242188,228.05953979492188,827.5521240234375,511.54193115234375,0.8280673623085022
38,1.2666666666666666,13,car,1254.4017333984375,432.0440979003906,1279.631103515625,488.45660400390625,0.32253628969192505
39,1.3,1,car,871.0338745117188,114.67195892333984,926.5902099609375,160.99998474121094,0.5795296430587769
39,1.3,5,car,168.63133239746094,228.2685089111328,834.6498413085938,512.0173950195312,0.8376930356025696
39,1.3,13,car,1254.3436279296875,432.0671081542969,1279.611083984375,488.5227966308594,0.3310733735561371
39,1.3,18,car,1092.7781982421875,149.72349548339844,1158.6156005859375,194.56439208984375,0.3410102427005768
40,1.3333333333333333,1,car,871.0530395507812,114.58147430419922,926.699462890625,161.01914978027344,0.5755747556686401
40,1.3333333333333333,5,car,164.3088836669922,228.42039489746094,819.288330078125,510.9466857910156,0.8294142484664917
40,1.3333333333333333,13,car,1254.266357421875,432.1471862792969,1279.64453125,488.6729431152344,0.3106848895549774
40,1.3333333333333333,18,car,1102.980224609375,155.38157653808594,1155.5948486328125,191.8119354248047,0.42244505882263184
41,1.3666666666666667,1,car,871.0371704101562,114.35968017578125,926.5746459960938,160.9999237060547,0.5406391024589539
41,1.3666666666666667,5,car,162.75064086914062,228.46217346191406,813.4246826171875,511.1329345703125,0.840227484703064
41,1.3666666666666667,13,car,1254.3226318359375,432.2498779296875,1279.618896484375,488.855712890625,0.31697878241539
41,1.3666666666666667,18,car,1106.9500732421875,158.1339111328125,1151.5828857421875,190.80673217773438,0.31780141592025757
42,1.4,1,car,871.0826416015625,114.05413055419922,926.3370361328125,160.91867065429688,0.4985162019729614
42,1.4,5,car,173.18826293945312,228.6078643798828,832.1817016601562,512.50390625,0.8845863342285156
42,1.4,13,car,1254.5911865234375,432.11181640625,1279.65283203125,489.15948486328125,0.3045963943004608
43,1.4333333333333333,1,car,871.053466796875,113.8494873046875,926.1502685546875,160.91357421875,0.4703369438648224
43,1.4333333333333333,5,car,171.274169921875,228.6340789794922,836.1551513671875,512.841796875,0.9014431238174438
43,1.4333333333333333,13,car,1254.9061279296875,432.03387451171875,1279.6224365234375,489.42572021484375,0.2973993420600891
43,1.4333333333333333,19,car,1081.4525146484375,144.88919067382812,1142.433837890625,188.22589111328125,0.5561206340789795
44,1.4666666666666666,1,car,871.0670166015625,113.6259994506836,925.6410522460938,160.91485595703125,0.41432321071624756
44,1.4666666666666666,5,car,164.94407653808594,228.5715789794922,815.94970703125,511.3290100097656,0.7646348476409912
44,1.4666666666666666,19,car,1088.2169189453125,148.15708923339844,1143.2611083984375,186.05581665039062,0.5820532441139221
45,1.5,1,car,871.0654296875,113.55741882324219,925.5264892578125,161.06007385253906,0.4197996258735657
45,1.5,5,car,162.9768524169922,228.77015686035156,811.0125122070312,510.7964172363281,0.8157553672790527
45,1.5,13,car,1255.079345703125,432.2222900390625,1279.6473388671875,489.3506774902344,0.26329872012138367
45,1.5,19,car,1090.0400390625,149.1434326171875,1141.8729248046875,185.2207489013672,0.5532291531562805
46,1.5333333333333334,1,car,871.1058959960938,113.67784881591797,926.1536254882812,161.1993865966797,0.5246255397796631
46,1.5333333333333334,5,car,165.5264129638672,228.34803771972656,826.943603515625,513.2779541015625,0.8462979197502136
46,1.5333333333333334,13,car,1254.92236328125,432.12664794921875,1279.6822509765625,489.5275573730469,0.3058004677295685
47,1.5666666666666667,1,car,871.0821533203125,113.77609252929688,926.5830688476562,161.26596069335938,0.5531354546546936
47,1.5666666666666667,5,car,167.19189453125,228.85202026367188,833.6295776367188,514.65185546875,0.840199887752533
47,1.5666666666666667,13,car,1254.68701171875,432.1326904296875,1279.6424560546875,489.708251953125,0.31211668252944946
47,1.5666666666666667,20,person,449.64996337890625,259.0545349121094,556.5570068359375,517.9923706054688,0.37240228056907654
48,1.6,1,car,871.1531372070312,113.86271667480469,926.6286010742188,160.9197540283203,0.6397314667701721
48,1.6,5,car,166.75595092773438,227.963623046875,833.9257202148438,514.7986450195312,0.8965113162994385
48,1.6,13,car,1254.6253662109375,432.0252685546875,1279.6334228515625,489.7029113769531,0.322098970413208
49,1.6333333333333333,1,car,871.1819458007812,113.99608612060547,926.6814575195312,160.81309509277344,0.6559727191925049
49,1.6333333333333333,5,car,166.18875122070312,227.5538330078125,834.7347412109375,514.6968383789062,0.8788082599639893
49,1.6333333333333333,13,car,1254.5767822265625,432.03656005859375,1279.628173828125,489.7278137207031,0.32320547103881836
49,1.6333333333333333,24,car,1076.700439453125,152.41981506347656,1114.8778076171875,179.5525360107422,0.3410445749759674
50,1.6666666666666667,1,car,871.2119140625,114.03076171875,926.7933349609375,160.83642578125,0.6596147418022156
50,1.6666666666666667,5,car,165.0336456298828,229.06297302246094,835.2211303710938,513.2174682617188,0.8692724108695984
50,1.6666666666666667,13,car,1254.41259765625,432.1302490234375,1279.645751953125,489.8506774902344,0.3186507225036621
51,1.7,1,car,871.2095336914062,114.04342651367188,926.8724975585938,160.8941192626953,0.6617897152900696
51,1.7,5,car,164.5333709716797,229.75970458984375,835.2244262695312,509.82171630859375,0.8781256675720215
51,1.7,13,car,1254.3426513671875,432.2318115234375,1279.6314697265625,489.9142761230469,0.31428849697113037
51,1.7,27,person,483.2916259765625,268.583984375,641.6266479492188,585.8347778320312,0.3157102167606354
52,1.7333333333333334,1,car,871.2169189453125,114.15019226074219,927.0237426757812,160.9248046875,0.6860666275024414
52,1.7333333333333334,5,car,169.17837524414062,225.44480895996094,837.5443115234375,512.0826416015625,0.9189698696136475
52,1.7333333333333334,13,car,1254.2923583984375,432.2535095214844,1279.6361083984375,489.66107177734375,0.3384181261062622
53,1.7666666666666666,1,car,871.2232055664062,114.26832580566406,927.03955078125,160.90945434570312,0.6847067475318909
53,1.7666666666666666,5,car,171.2283172607422,224.53118896484375,839.12158203125,512.9343872070312,0.9302652478218079
53,1.7666666666666666,13,car,1254.2210693359375,432.1933898925781,1279.632080078125,489.7312927246094,0.3457770049571991
54,1.8,1,car,871.2221069335938,114.27032470703125,927.1062622070312,160.93544006347656,0.6512433290481567
54,1.8,5,car,170.94581604003906,220.77549743652344,838.9053344726562,514.8656616210938,0.8893391489982605
54,1.8,13,car,1254.2877197265625,432.1440734863281,1279.63818359375,489.7886657714844,0.3406570553779602
55,1.8333333333333333,1,car,871.2117919921875,114.27923583984375,927.1757202148438,160.96405029296875,0.6296478509902954
55,1.8333333333333333,5,car,170.78709411621094,219.3952178955078,838.5913696289062,515.6749877929688,0.889809250831604
55,1.8333333333333333,13,car,1254.2784423828125,432.16290283203125,1279.6326904296875,489.83447265625,0.3399353623390198
56,1.8666666666666667,1,car,871.086669921875,114.29167175292969,927.3359985351562,161.33602905273438,0.5946601033210754
56,1.8666666666666667,5,car,166.84976196289062,222.4355926513672,836.4381713867188,522.7315063476562,0.8663721084594727
56,1.8666666666666667,13,car,1254.2239990234375,432.2599182128906,1279.6348876953125,489.800537109375,0.3323610723018646
57,1.9,1,car,871.0534057617188,114.43194580078125,927.6834106445312,161.7496337890625,0.5960996747016907
57,1.9,5,car,169.14657592773438,223.60247802734375,838.062255859375,524.9389038085938,0.8724033236503601
57,1.9,13,car,1254.289794921875,432.4715270996094,1279.6348876953125,489.77777099609375,0.31395214796066284
58,1.9333333333333333,1,car,871.0217895507812,114.49244689941406,928.0048217773438,162.0688018798828,0.5932870507240295
58,1.9333333333333333,5,car,168.84002685546875,223.04270935058594,838.2662353515625,517.888671875,0.8224377632141113
58,1.9333333333333333,13,car,1254.3507080078125,432.21173095703125,1279.5904541015625,489.5311584472656,0.3398253619670868
59,1.9666666666666666,1,car,871.0633544921875,114.5812759399414,928.1148071289062,162.15487670898438,0.594636082649231
59,1.9666666666666666,5,car,170.52053833007812,223.96820068359375,840.7779541015625,514.7251586914062,0.8359466195106506
59,1.9666666666666666,13,car,1254.431396484375,431.9709777832031,1279.6236572265625,489.4366455078125,0.3400423526763916
59,1.9666666666666666,27,person,501.65557861328125,222.0934295654297,742.7760009765625,588.0072021484375,0.4550458788871765
60,2.0,1,car,871.0166015625,114.4897689819336,928.2706909179688,162.3711395263672,0.6144706010818481
60,2.0,5,car,168.59078979492188,226.2780303955078,840.271240234375,514.56884765625,0.6653563976287842
60,2.0,13,car,1254.8031005859375,431.5594787597656,1279.540283203125,489.3307800292969,0.3266238272190094
60,2.0,17,car,512.7724609375,227.28021240234375,844.4523315429688,508.5571594238281,0.48393112421035767
61,2.033333333333333,1,car,871.0944213867188,114.46147918701172,928.4384765625,162.41177368164062,0.6042869687080383
61,2.033333333333333,5,car,169.76441955566406,227.6522674560547,839.0387573242188,510.9704284667969,0.7367995381355286
61,2.033333333333333,13,car,1254.9951171875,431.5100402832031,1279.615478515625,489.3316345214844,0.3303719162940979
61,2.033333333333333,17,car,514.2869262695312,227.7887725830078,844.3859252929688,507.16534423828125,0.4342588782310486
61,2.033333333333333,34,car,1020.598388671875,135.30641174316406,1071.7174072265625,164.80728149414062,0.5776662826538086
61,2.033333333333333,35,car,156.5161590576172,245.55966186523438,567.1337280273438,502.5018005371094,0.35975539684295654
62,2.066666666666667,1,car,871.086669921875,114.49945068359375,928.4793701171875,162.37823486328125,0.6088531613349915
62,2.066666666666667,5,car,169.59573364257812,232.376708984375,829.8106079101562,509.17919921875,0.849345862865448
62,2.066666666666667,13,car,1254.8753662109375,431.57696533203125,1279.599853515625,489.3293762207031,0.3159116506576538
62,2.066666666666667,34,car,1016.771240234375,135.32339477539062,1065.94384765625,163.3519287109375,0.32428911328315735
63,2.1,1,car,871.1228637695312,114.54580688476562,928.4921264648438,162.3653106689453,0.6108053922653198
63,2.1,5,car,169.53591918945312,234.1500244140625,827.1088256835938,507.9905700683594,0.8366953730583191
63,2.1,13,car,1254.8638916015625,431.6501770019531,1279.6380615234375,489.3587646484375,0.3176296353340149
63,2.1,34,car,1015.4775390625,135.56277465820312,1064.148193359375,162.88232421875,0.30242639780044556
63,2.1,37,person,601.0005493164062,275.8836669921875,704.2617797851562,505.8341979980469,0.31669268012046814
64,2.1333333333333333,1,car,871.0994262695312,114.60540008544922,928.3868408203125,162.27560424804688,0.615630030632019
64,2.1333333333333333,5,car,169.03672790527344,237.09060668945312,824.232421875,508.6681823730469,0.840069055557251
64,2.1333333333333333,13,car,1254.8643798828125,431.5131530761719,1279.6103515625,489.1874694824219,0.33138707280158997
64,2.1333333333333333,34,car,1020.306396484375,134.85720825195312,1059.7286376953125,161.025390625,0.32929062843322754
65,2.1666666666666665,1,car,871.1245727539062,114.6611557006836,928.3235473632812,162.42872619628906,0.6213341951370239
65,2.1666666666666665,5,car,168.7631378173828,238.1982879638672,824.4868774414062,507.69366455078125,0.811138391494751
65,2.1666666666666665,13,car,1254.955078125,431.50067138671875,1279.646240234375,489.2584228515625,0.3216800093650818
65,2.1666666666666665,34,car,1021.7531127929688,134.48046875,1057.97021484375,160.47866821289062,0.3663218319416046
66,2.2,1,car,871.0528564453125,114.66857147216797,928.1378173828125,162.4361114501953,0.6213541626930237
66,2.2,5,car,169.18283081054688,240.6416473388672,824.1087036132812,505.9707946777344,0.5060355067253113
66,2.2,13,car,1254.72705078125,431.5304260253906,1279.5499267578125,489.1708068847656,0.3298874795436859
66,2.2,17,car,545.3281860351562,234.5563201904297,843.7889404296875,511.5077209472656,0.5048484206199646
66,2.2,34,car,1021.2761840820312,138.1669464111328,1052.6732177734375,159.14291381835938,0.4912181496620178
66,2.2,35,car,156.73590087890625,245.9193115234375,611.9080200195312,501.9798889160156,0.6517177820205688
67,2.2333333333333334,1,car,871.1314697265625,114.63795471191406,928.2288818359375,162.37225341796875,0.6187115907669067
67,2.2333333333333334,5,car,169.3386688232422,241.939453125,823.0552368164062,504.1828918457031,0.447049081325531
67,2.2333333333333334,13,car,1254.7308349609375,431.5826416015625,1279.6334228515625,489.2232360839844,0.336176335811615
67,2.2333333333333334,17,car,547.4161376953125,235.089111328125,843.6815185546875,516.0304565429688,0.5525718927383423
67,2.2333333333333334,34,car,1021.261962890625,139.66220092773438,1051.3740234375,158.5375213623047,0.47183164954185486
67,2.2333333333333334,35,car,156.5515594482422,245.34686279296875,613.246826171875,501.37481689453125,0.6760707497596741
68,2.2666666666666666,1,car,871.1089477539062,114.71994018554688,928.3653564453125,162.3533477783203,0.6351630091667175
68,2.2666666666666666,5,car,169.63925170898438,242.04208374023438,826.5476684570312,506.0391845703125,0.40876999497413635
68,2.2666666666666666,13,car,1254.6021728515625,431.404296875,1279.5972900390625,492.4793395996094,0.30867505073547363
68,2.2666666666666666,17,car,553.3887329101562,235.0658416748047,845.7401733398438,525.9569091796875,0.5714436173439026
68,2.2666666666666666,27,person,638.636474609375,259.7004699707031,795.7850341796875,583.7966918945312,0.6688814759254456
68,2.2666666666666666,34,car,1017.9485473632812,138.22415161132812,1046.085693359375,156.56613159179688,0.3358675539493561
68,2.2666666666666666,35,car,156.7823486328125,246.05429077148438,616.9968872070312,500.8597412109375,0.6780923008918762
69,2.3,1,car,871.1577758789062,114.74684143066406,928.4654541015625,162.33651733398438,0.6253930926322937
69,2.3,5,car,170.0272674560547,241.1947479248047,828.9134521484375,507.0274353027344,0.3653946816921234
69,2.3,13,car,1254.6162109375,431.35894775390625,1279.6492919921875,493.85333251953125,0.3212369382381439
69,2.3,17,car,555.4381103515625,235.35853576660156,845.0307006835938,562.3926391601562,0.506648063659668
69,2.3,35,car,156.93338012695312,246.39158630371094,618.3612060546875,501.0359802246094,0.7065967321395874
70,2.3333333333333335,1,car,871.1608276367188,114.65697479248047,928.5206909179688,162.37843322753906,0.61686110496521
70,2.3333333333333335,13,car,1255.417236328125,431.43267822265625,1279.64453125,493.6280822753906,0.296035498380661
70,2.3333333333333335,17,car,558.0813598632812,234.97105407714844,847.2978515625,575.3129272460938,0.3765970468521118
70,2.3333333333333335,35,car,157.0043182373047,246.7712860107422,620.0210571289062,501.5132141113281,0.7122188806533813
71,2.3666666666666667,1,car,871.1798706054688,114.8634262084961,928.6461791992188,162.422607421875,0.6052465438842773
71,2.3666666666666667,13,car,1255.883056640625,431.4880065917969,1279.6641845703125,493.4781799316406,0.29455849528312683
71,2.3666666666666667,17,car,559.4967651367188,234.91998291015625,848.1043701171875,581.997314453125,0.4355352818965912
71,2.3666666666666667,35,car,156.97979736328125,246.91798400878906,621.1812744140625,501.36529541015625,0.7110156416893005
72,2.4,1,car,871.2749633789062,114.73749542236328,928.7212524414062,162.11268615722656,0.5291948318481445
72,2.4,13,car,1256.294189453125,431.5345458984375,1279.637939453125,492.9822998046875,0.2660273611545563
72,2.4,17,car,563.7979125976562,235.48036193847656,850.7763061523438,545.7252197265625,0.27467378973960876
72,2.4,27,person,658.3394165039062,282.076416015625,849.6438598632812,590.9144287109375,0.3398023843765259
72,2.4,35,car,156.38839721679688,245.62020874023438,619.7080078125,502.47796630859375,0.7151456475257874
73,2.433333333333333,1,car,871.3223266601562,114.8564453125,928.6982421875,162.05393981933594,0.5454846024513245
73,2.433333333333333,13,car,1256.599609375,431.63714599609375,1279.660400390625,492.9222412109375,0.26595988869667053
73,2.433333333333333,17,car,564.8184814453125,235.61146545410156,851.8466796875,528.9362182617188,0.3236469626426697
73,2.433333333333333,27,person,656.1980590820312,284.60430908203125,854.9252319335938,592.0556030273438,0.3216831386089325
73,2.433333333333333,34,car,1008.2442626953125,136.76976013183594,1034.8936767578125,153.42144775390625,0.2520503103733063
73,2.433333333333333,35,car,156.49392700195312,244.4481964111328,620.7024536132812,501.61663818359375,0.6477327346801758
74,2.466666666666667,1,car,871.3511352539062,114.91484069824219,928.339111328125,162.09475708007812,0.5480226278305054
74,2.466666666666667,13,car,1256.762939453125,431.81170654296875,1279.670166015625,493.0635681152344,0.2633272707462311
74,2.466666666666667,17,car,567.8269653320312,235.13821411132812,861.1644287109375,523.060546875,0.49689334630966187
74,2.466666666666667,27,person,664.7687377929688,283.34417724609375,865.3179321289062,593.6350708007812,0.4491271376609802
74,2.466666666666667,35,car,156.48207092285156,243.57711791992188,621.8416137695312,501.1853332519531,0.6428385972976685
75,2.5,1,car,871.3565063476562,114.96721649169922,928.2503662109375,162.07373046875,0.537855863571167
75,2.5,13,car,1256.876220703125,431.9527893066406,1279.6661376953125,492.8721618652344,0.2643741965293884
75,2.5,17,car,568.6334838867188,234.9685821533203,864.87548828125,520.9945678710938,0.3670176565647125
75,2.5,27,person,673.9024658203125,281.140869140625,869.7715454101562,594.188232421875,0.5438784956932068
75,2.5,35,car,156.47805786132812,243.54708862304688,621.5437622070312,501.36541748046875,0.6519582867622375
76,2.533333333333333,1,car,871.3817138671875,115.0135498046875,927.8905029296875,161.8967742919922,0.5152345895767212
76,2.533333333333333,13,car,1256.787353515625,431.8179016113281,1279.6561279296875,491.9666442871094,0.2737584710121155
76,2.533333333333333,17,car,571.95166015625,234.73056030273438,880.3024291992188,568.5108642578125,0.4708254635334015
76,2.533333333333333,35,car,156.3077392578125,244.13438415527344,623.3551635742188,500.7902526855469,0.6404966711997986
77,2.566666666666667,1,car,871.3638916015625,114.79678344726562,928.1856079101562,162.1687469482422,0.46974486112594604
77,2.566666666666667,13,car,1256.586181640625,431.8549499511719,1279.6578369140625,491.5290222167969,0.2635022699832916
77,2.566666666666667,17,car,573.256591796875,234.65972900390625,886.0364990234375,585.8904418945312,0.45676669478416443
77,2.566666666666667,34,car,996.2604370117188,128.47909545898438,1025.686767578125,150.8160400390625,0.38065773248672485
77,2.566666666666667,35,car,156.26345825195312,244.3177032470703,622.9503784179688,500.6324157714844,0.5971230864524841
77,2.566666666666667,55,car,917.3916625976562,117.22515106201172,983.5945434570312,171.43914794921875,0.38608577847480774
78,2.6,1,car,871.3434448242188,114.58651733398438,928.3375854492188,162.253173828125,0.45592960715293884
78,2.6,13,car,1255.4273681640625,431.7909240722656,1279.633056640625,492.4644470214844,0.31683874130249023
78,2.6,17,car,576.2750244140625,235.46542358398438,895.7076416015625,545.6132202148438,0.5059823393821716
78,2.6,27,person,678.7662353515625,289.3387145996094,900.9371948242188,594.8186645507812,0.4511799216270447
78,2.6,34,car,991.3557739257812,126.9068603515625,1020.1314086914062,149.0329132080078,0.34150129556655884
78,2.6,35,car,156.08087158203125,244.55934143066406,620.5615234375,501.1753234863281,0.7449064254760742
78,2.6,55,car,917.3484497070312,116.92823028564453,982.6884765625,171.40646362304688,0.379183828830719
79,2.6333333333333333,1,car,871.4074096679688,114.3796615600586,928.0219116210938,161.82382202148438,0.3856019377708435
79,2.6333333333333333,13,car,1254.7374267578125,431.7251892089844,1279.650390625,492.9134521484375,0.3161105215549469
79,2.6333333333333333,17,car,576.9871215820312,235.6984100341797,899.284912109375,527.4279174804688,0.4909062385559082
79,2.6333333333333333,27,person,679.1542358398438,291.3519592285156,905.382080078125,594.4641723632812,0.44537973403930664
79,2.6333333333333333,34,car,989.622802734375,126.28837585449219,1018.275390625,148.31410217285156,0.3081740736961365
79,2.6333333333333333,35,car,155.96087646484375,244.73001098632812,619.5828857421875,501.2757263183594,0.7653148770332336
79,2.6333333333333333,55,car,917.3408813476562,116.80830383300781,982.4067993164062,171.37899780273438,0.37289291620254517
80,2.6666666666666665,1,car,871.3859252929688,113.83454132080078,935.77587890625,161.7899169921875,0.2623436152935028
80,2.6666666666666665,5,car,170.2576904296875,236.25070190429688,934.5289916992188,519.9237060546875,0.45457229018211365
80,2.6666666666666665,13,car,1254.37744140625,431.9351806640625,1279.66552734375,492.5400390625,0.3115217983722687
80,2.6666666666666665,27,person,719.513427734375,291.4657287597656,891.1267700195312,593.9155883789062,0.34843555092811584
80,2.6666666666666665,35,car,156.45249938964844,245.85292053222656,620.6817626953125,501.0948181152344,0.35872721672058105
80,2.6666666666666665,55,car,917.4393310546875,116.6648178100586,981.52490234375,171.41494750976562,0.27946895360946655
81,2.7,1,car,871.403564453125,113.40626525878906,943.2463989257812,162.0936279296875,0.26455074548721313
81,2.7,5,car,169.29660034179688,236.39857482910156,934.1015625,517.6524047851562,0.47613525390625
81,2.7,13,car,1254.3621826171875,432.17193603515625,1279.6573486328125,492.4812927246094,0.30875712633132935
81,2.7,27,person,732.6547241210938,291.6709289550781,884.4835205078125,593.4767456054688,0.45112791657447815
81,2.7,35,car,156.90499877929688,245.86740112304688,620.4678955078125,502.1172180175781,0.30833807587623596
81,2.7,55,car,917.4605712890625,116.87303161621094,981.5537109375,171.48675537109375,0.3034493029117584
82,2.7333333333333334,5,car,206.77784729003906,236.7157745361328,918.9778442382812,537.1461181640625,0.2998574674129486
82,2.7333333333333334,13,car,1254.3809814453125,432.0125732421875,1279.6400146484375,492.8770751953125,0.2971949875354767
82,2.7333333333333334,27,person,741.9395751953125,284.0650634765625,917.2721557617188,593.1106567382812,0.4566580653190613
82,2.7333333333333334,34,car,981.7129516601562,128.4459228515625,1007.138671875,145.54971313476562,0.35130247473716736
82,2.7333333333333334,35,car,156.9468994140625,246.37228393554688,628.9842529296875,501.4281921386719,0.4534113109111786
82,2.7333333333333334,55,car,917.3339233398438,117.0791015625,981.1646118164062,171.41317749023438,0.2894049286842346
83,2.7666666666666666,13,car,1254.4237060546875,432.0030822753906,1279.64697265625,493.0544128417969,0.2954994738101959
83,2.7666666666666666,27,person,744.5442504882812,280.766845703125,927.48828125,593.072265625,0.4621976912021637
83,2.7666666666666666,34,car,981.0328979492188,129.08486938476562,1006.177978515625,145.29867553710938,0.36623141169548035
83,2.7666666666666666,35,car,156.87673950195312,246.6318817138672,632.8485717773438,500.8710632324219,0.5612991452217102
83,2.7666666666666666,55,car,917.326416015625,117.47200775146484,980.8712768554688,171.43243408203125,0.2942222058773041
84,2.8,5,car,189.09512329101562,241.6578826904297,874.9639282226562,520.4412841796875,0.3619910478591919
84,2.8,13,car,1254.41015625,431.92724609375,1279.6527099609375,493.1067199707031,0.30971458554267883
84,2.8,27,person,775.4359741210938,279.34637451171875,940.7493896484375,591.5596923828125,0.7123119235038757
84,2.8,35,car,156.36370849609375,245.98036193847656,633.8035278320312,501.1065979003906,0.5816818475723267
84,2.8,55,car,917.3753662109375,117.90383911132812,981.3489990234375,171.4429931640625,0.3034311830997467
85,2.8333333333333335,1,car,871.6315307617188,113.07666778564453,935.0973510742188,161.757568359375,0.28022274374961853
85,2.8333333333333335,5,car,184.9215087890625,243.15185546875,861.9407348632812,517.2572021484375,0.3558059334754944
85,2.8333333333333335,13,car,1254.3798828125,431.938232421875,1279.6505126953125,493.250732421875,0.31292468309402466
85,2.8333333333333335,27,person,787.81884765625,278.093994140625,944.267578125,591.4344482421875,0.7332198619842529
85,2.8333333333333335,35,car,156.12220764160156,245.63270568847656,633.13623046875,500.9178771972656,0.6195540428161621
85,2.8333333333333335,55,car,917.4365234375,117.90445709228516,981.5578002929688,171.39234924316406,0.3043277859687805
86,2.8666666666666667,1,car,871.5595092773438,113.01362609863281,937.5238647460938,162.17796325683594,0.29859063029289246
86,2.8666666666666667,5,car,187.21035766601562,244.33338928222656,859.9829711914062,514.7417602539062,0.34094372391700745
86,2.8666666666666667,13,car,1254.8592529296875,432.16650390625,1279.6314697265625,492.68896484375,0.2963513433933258
86,2.8666666666666667,17,car,604.4527587890625,245.02273559570312,869.8984375,527.79248046875,0.35745733976364136
86,2.8666666666666667,27,person,792.6991577148438,282.9251708984375,952.7799072265625,592.1304931640625,0.6278558373451233
86,2.8666666666666667,35,car,156.3466796875,246.13528442382812,637.821044921875,500.5228576660156,0.7970813512802124
86,2.8666666666666667,55,car,917.4535522460938,117.26642608642578,982.0922241210938,171.56021118164062,0.34575745463371277
87,2.9,1,car,871.577392578125,113.01712036132812,936.9291381835938,162.35267639160156,0.32118847966194153
87,2.9,5,car,188.4340362548828,245.10011291503906,858.1905517578125,511.0686950683594,0.2716401219367981
87,2.9,13,car,1255.0283203125,432.21514892578125,1279.6419677734375,492.405517578125,0.3011797070503235
87,2.9,17,car,605.5708618164062,245.44261169433594,867.5763549804688,527.117919921875,0.39497053623199463
87,2.9,27,person,793.7814331054688,284.7290344238281,955.9722900390625,591.8878173828125,0.5937000513076782
87,2.9,35,car,156.45001220703125,246.287353515625,639.2688598632812,500.09423828125,0.8372518420219421
87,2.9,55,car,917.4816284179688,116.9460220336914,982.3350219726562,171.5351104736328,0.3394100069999695
88,2.933333333333333,1,car,871.5584716796875,113.16624450683594,931.4613647460938,162.08619689941406,0.47137773036956787
88,2.933333333333333,5,car,182.54067993164062,244.67816162109375,881.5138549804688,515.2149047851562,0.6830351948738098
88,2.933333333333333,13,car,1254.66943359375,432.1558837890625,1279.664794921875,492.4648132324219,0.31105872988700867
88,2.933333333333333,27,person,795.0911254882812,285.605712890625,951.4201049804688,588.9342651367188,0.6005115509033203
88,2.933333333333333,35,car,156.60238647460938,245.9079132080078,633.7791137695312,500.6127624511719,0.31468015909194946
89,2.966666666666667,1,car,871.5006103515625,113.26246643066406,929.0670166015625,161.98236083984375,0.4896230101585388
89,2.966666666666667,5,car,180.4822235107422,244.5492401123047,891.7208862304688,518.2498779296875,0.6879172921180725
89,2.966666666666667,13,car,1254.4544677734375,432.12469482421875,1279.65234375,492.7476501464844,0.31827419996261597
89,2.966666666666667,27,person,794.5447998046875,286.2223815917969,948.8422241210938,587.5396728515625,0.5773406624794006
89,2.966666666666667,35,car,156.64907836914062,245.75106811523438,631.510498046875,501.481689453125,0.3013552129268646
89,2.966666666666667,55,car,917.5675048828125,117.78207397460938,982.2515869140625,171.33132934570312,0.2695188522338867
90,3.0,1,car,871.5280151367188,113.21216583251953,928.295654296875,161.7152099609375,0.43168431520462036
90,3.0,5,car,219.9964141845703,245.85015869140625,907.1554565429688,520.2398071289062,0.3227752447128296
90,3.0,13,car,1255.2100830078125,432.2993469238281,1279.71142578125,492.7012634277344,0.29891538619995117
90,3.0,17,car,618.180908203125,247.78472900390625,902.137939453125,526.3749389648438,0.39555367827415466
90,3.0,27,person,802.776611328125,288.59710693359375,967.0114135742188,566.1775512695312,0.5264327526092529
90,3.0,35,car,156.51014709472656,246.18777465820312,635.733154296875,500.67132568359375,0.8104902505874634
90,3.0,55,car,917.697509765625,118.30066680908203,982.314453125,171.5472412109375,0.32484251260757446
91,3.033333333333333,1,car,871.4842529296875,113.23654174804688,928.564453125,161.62484741210938,0.3788662254810333
91,3.033333333333333,5,car,236.1730499267578,246.11468505859375,907.5975952148438,520.618896484375,0.2524932026863098
91,3.033333333333333,13,car,1255.3526611328125,432.37554931640625,1279.662109375,492.7929992675781,0.299806147813797
91,3.033333333333333,17,car,619.2880249023438,247.85215759277344,905.0696411132812,526.1910400390625,0.4425218105316162
91,3.033333333333333,27,person,805.7271728515625,289.59039306640625,972.5686645507812,558.1271362304688,0.6911045908927917
91,3.033333333333333,35,car,156.42311096191406,246.3638153076172,636.9457397460938,500.17694091796875,0.85074383020401
91,3.033333333333333,55,car,917.7041625976562,118.61067962646484,982.2080688476562,171.65206909179688,0.32653436064720154
92,3.066666666666667,1,car,871.5023803710938,113.26019287109375,928.4021606445312,161.52772521972656,0.4149820804595947
92,3.066666666666667,13,car,1255.3431396484375,432.0832214355469,1279.6978759765625,492.7375183105469,0.2894536852836609
92,3.066666666666667,17,car,623.2447509765625,248.38002014160156,955.8519287109375,531.6678466796875,0.39465904235839844
92,3.066666666666667,35,car,156.42593383789062,246.24765014648438,641.1870727539062,499.8662109375,0.876968502998352
92,3.066666666666667,55,car,917.6680297851562,118.81103515625,982.500732421875,171.40245056152344,0.3347764313220978
93,3.1,1,car,871.4586181640625,113.33527374267578,927.7808837890625,161.39480590820312,0.4782007932662964
93,3.1,5,car,260.9564514160156,245.73223876953125,945.9632568359375,524.311279296875,0.2839093506336212
93,3.1,13,car,1255.76025390625,431.9642333984375,1279.6510009765625,492.519287109375,0.3026452362537384
93,3.1,35,car,156.42037963867188,246.99606323242188,643.043212890625,501.4434509277344,0.7616972327232361
93,3.1,55,car,917.6095581054688,117.38191986083984,982.6356811523438,171.21800231933594,0.3932240307331085
94,3.1333333333333333,1,car,871.4705200195312,113.4230728149414,927.6663818359375,161.39935302734375,0.5611169934272766
94,3.1333333333333333,5,car,245.12901306152344,245.96517944335938,937.6027221679688,518.7357788085938,0.4981943368911743
94,3.1333333333333333,13,car,1255.781005859375,432.14678955078125,1279.6669921875,492.9824523925781,0.29598793387413025
94,3.1333333333333333,35,car,157.0177459716797,246.1898651123047,652.9725952148438,507.0018310546875,0.625819742679596
94,3.1333333333333333,55,car,917.448486328125,116.36164855957031,982.5448608398438,171.1705322265625,0.31278619170188904
95,3.1666666666666665,1,car,871.4348754882812,113.44337463378906,927.6539916992188,161.44683837890625,0.559515118598938
95,3.1666666666666665,5,car,239.7727813720703,246.08145141601562,930.5591430664062,517.5049438476562,0.3407987952232361
95,3.1666666666666665,13,car,1256.178466796875,432.2152099609375,1279.6363525390625,493.0880126953125,0.29031163454055786
95,3.1666666666666665,27,person,857.621337890625,303.10601806640625,991.1661987304688,559.5955810546875,0.38887590169906616
95,3.1666666666666665,35,car,157.12440490722656,245.87217712402344,655.35546875,509.23101806640625,0.7178038954734802
95,3.1666666666666665,55,car,917.3745727539062,116.3116455078125,982.5079956054688,171.06893920898438,0.30254390835762024
96,3.2,1,car,871.3143920898438,113.430419921875,928.0903930664062,161.79354858398438,0.5815120935440063
96,3.2,5,car,258.74066162109375,246.109375,967.0159912109375,524.3952026367188,0.5141240954399109
96,3.2,13,car,1257.050048828125,432.04180908203125,1279.64892578125,492.083984375,0.30079206824302673
96,3.2,35,car,157.35079956054688,246.33790588378906,660.066162109375,507.50836181640625,0.344286173582077
97,3.2333333333333334,1,car,871.3289794921875,113.215576171875,928.0107421875,161.5694580078125,0.501960277557373
97,3.2333333333333334,5,car,265.5428771972656,246.2180633544922,984.088134765625,525.354736328125,0.4904763400554657
97,3.2333333333333334,13,car,1257.447021484375,431.97222900390625,1279.63134765625,491.83447265625,0.3021029829978943
97,3.2333333333333334,35,car,157.39915466308594,246.5299072265625,662.9600830078125,506.6584167480469,0.30254560708999634
97,3.2333333333333334,55,car,917.3244018554688,117.07884216308594,982.5931396484375,170.96441650390625,0.2567580044269562
98,3.2666666666666666,1,car,871.2526245117188,113.10405731201172,927.4540405273438,161.77076721191406,0.3435337543487549
98,3.2666666666666666,5,car,263.7555847167969,246.0776824951172,986.7348022460938,517.1024169921875,0.4499865472316742
98,3.2666666666666666,13,car,1257.3515625,432.0528259277344,1279.6358642578125,492.0940856933594,0.2791653871536255
98,3.2666666666666666,27,person,879.86474609375,295.5248107910156,1004.7283935546875,554.8748779296875,0.6625252962112427
98,3.2666666666666666,35,car,157.55252075195312,246.69725036621094,670.760986328125,506.8844299316406,0.45193490386009216
98,3.2666666666666666,55,car,917.244384765625,116.95326232910156,982.960205078125,170.93629455566406,0.3217035233974457
99,3.3,5,car,263.14508056640625,245.99993896484375,979.2910766601562,513.6613159179688,0.42567506432533264
99,3.3,13,car,1257.053955078125,432.0521240234375,1279.627197265625,492.3892822265625,0.28664132952690125
99,3.3,27,person,881.6270751953125,294.1936340332031,1005.8741455078125,553.8329467773438,0.6837102770805359
99,3.3,35,car,157.63522338867188,246.78622436523438,675.55126953125,507.10504150390625,0.5026950240135193
99,3.3,55,car,917.1552734375,117.10802459716797,983.0343627929688,170.71286010742188,0.3212336301803589
100,3.3333333333333335,1,car,871.14208984375,112.97958374023438,927.9152221679688,161.91275024414062,0.46869540214538574
100,3.3333333333333335,5,car,241.45068359375,246.0507049560547,992.2870483398438,511.85357666015625,0.652239978313446
100,3.3333333333333335,13,car,1257.302734375,432.1091613769531,1279.6422119140625,492.53973388671875,0.28681057691574097
100,3.3333333333333335,27,person,888.5576782226562,297.6227111816406,1009.5288696289062,554.8707275390625,0.5263055562973022
100,3.3333333333333335,55,car,917.1647338867188,117.29798126220703,982.741455078125,170.5773468017578,0.28769540786743164
101,3.3666666666666667,1,car,871.1510009765625,113.06129455566406,927.3883666992188,161.95957946777344,0.28021496534347534
101,3.3666666666666667,5,car,234.09487915039062,245.979248046875,987.0316162109375,511.66363525390625,0.7005979418754578
101,3.3666666666666667,13,car,1257.3416748046875,432.22039794921875,1279.632568359375,492.627685546875,0.27886924147605896
101,3.3666666666666667,27,person,889.8117065429688,296.4681701660156,1010.3735961914062,556.1079711914062,0.6971622705459595
101,3.3666666666666667,55,car,917.119140625,116.51368713378906,982.8578491210938,170.58059692382812,0.36171817779541016
102,3.4,1,car,871.1607666015625,112.92583465576172,929.7677612304688,162.32667541503906,0.3702756464481354
102,3.4,5,car,276.6455993652344,246.177734375,975.6968383789062,511.8713684082031,0.32357272505760193
102,3.4,13,car,1257.4805908203125,432.2098388671875,1279.6312255859375,492.4571838378906,0.2910403311252594
102,3.4,27,person,890.675048828125,296.15069580078125,1015.8929443359375,554.3492431640625,0.7522798180580139
102,3.4,35,car,157.52565002441406,245.96900939941406,706.99755859375,510.1467590332031,0.886203944683075
102,3.4,55,car,916.9291381835938,115.93971252441406,982.381591796875,170.41305541992188,0.2731514871120453
103,3.433333333333333,1,car,871.1558227539062,112.96478271484375,930.9161987304688,162.4723663330078,0.45152899622917175
103,3.433333333333333,5,car,293.3349609375,246.2076873779297,970.1209106445312,511.92010498046875,0.343863844871521
103,3.433333333333333,13,car,1257.5916748046875,432.2716064453125,1279.6275634765625,492.454345703125,0.28071701526641846
103,3.433333333333333,27,person,890.98388671875,296.4373779296875,1017.8622436523438,553.6791381835938,0.7493138909339905
103,3.433333333333333,35,car,157.53123474121094,245.87265014648438,711.3240356445312,510.4361572265625,0.8864212036132812
103,3.433333333333333,55,car,916.9817504882812,116.01546478271484,982.16357421875,170.4751739501953,0.2844822406768799
103,3.433333333333333,77,car,939.8121337890625,112.51168060302734,972.2654418945312,135.09860229492188,0.3479119539260864
104,3.466666666666667,1,car,871.0908203125,113.12052917480469,929.6900024414062,162.26243591308594,0.5520612597465515
104,3.466666666666667,5,car,270.1268310546875,246.54534912109375,1014.1675415039062,511.9956359863281,0.5463272333145142
104,3.466666666666667,13,car,1257.7314453125,432.0980224609375,1279.6309814453125,492.2223205566406,0.29066964983940125
104,3.466666666666667,27,person,890.7185668945312,297.0826110839844,1021.831298828125,554.46923828125,0.7727451920509338
104,3.466666666666667,35,car,157.54806518554688,245.73619079589844,718.1393432617188,511.7115173339844,0.583081066608429
104,3.466666666666667,77,car,939.5305786132812,113.13848876953125,971.7169799804688,134.58763122558594,0.2530345618724823
105,3.5,1,car,871.0778198242188,113.10330963134766,929.30810546875,162.1768798828125,0.5431886911392212
105,3.5,5,car,262.0365905761719,246.47032165527344,1029.8704833984375,511.96343994140625,0.5503695011138916
105,3.5,13,car,1257.7847900390625,432.01422119140625,1279.6324462890625,491.898193359375,0.29445746541023254
105,3.5,27,person,890.322998046875,298.6716613769531,1023.28564453125,554.2547607421875,0.734306812286377
105,3.5,35,car,157.5113067626953,245.63453674316406,720.7944946289062,511.98529052734375,0.5788640379905701
105,3.5,77,car,940.7701416015625,113.21686553955078,970.3809814453125,134.31141662597656,0.3292197585105896
106,3.533333333333333,1,car,871.0977172851562,112.97765350341797,929.0787963867188,162.05581665039062,0.5908043384552002
106,3.533333333333333,13,car,1257.1148681640625,431.8448486328125,1279.6844482421875,492.4114990234375,0.32150986790657043
106,3.533333333333333,27,person,893.8067626953125,284.8116149902344,1028.909912109375,552.0771484375,0.8470770120620728
106,3.533333333333333,35,car,157.37791442871094,245.77816772460938,722.4512939453125,511.1998291015625,0.9075796604156494
106,3.533333333333333,55,car,916.938232421875,115.65924835205078,982.8095703125,170.5012664794922,0.3675422668457031
107,3.566666666666667,1,car,871.0911865234375,112.78594970703125,929.0330810546875,162.05726623535156,0.5943366885185242
107,3.566666666666667,5,car,291.09515380859375,245.49679565429688,987.705810546875,512.3465576171875,0.2523667812347412
107,3.566666666666667,13,car,1256.60302734375,431.8478698730469,1279.6473388671875,493.03887939453125,0.32142868638038635
107,3.566666666666667,27,person,894.9349365234375,279.4271240234375,1030.8426513671875,551.3285522460938,0.8542579412460327
107,3.566666666666667,35,car,157.30616760253906,245.97230529785156,725.1382446289062,510.9548645019531,0.9033533930778503
107,3.566666666666667,55,car,916.94873046875,115.32344818115234,982.9314575195312,170.48646545410156,0.3447847068309784
108,3.6,1,car,871.1023559570312,112.57166290283203,928.2345581054688,162.0430145263672,0.6536408066749573
108,3.6,5,car,268.9893798828125,245.5570831298828,1009.18408203125,512.1563110351562,0.4315217137336731
108,3.6,13,car,1256.8089599609375,432.0747375488281,1279.6568603515625,493.259765625,0.2983133792877197
108,3.6,27,person,899.7134399414062,277.98284912109375,1035.2110595703125,543.9721069335938,0.742000162601471
108,3.6,35,car,157.45408630371094,245.5024871826172,729.3739624023438,511.9156799316406,0.6477606296539307
108,3.6,55,car,917.1251220703125,113.85163116455078,982.7618408203125,170.6539306640625,0.2912708818912506
109,3.6333333333333333,1,car,871.1002807617188,112.47692108154297,927.9099731445312,162.0401153564453,0.6619569063186646
109,3.6333333333333333,5,car,262.6248474121094,245.59197998046875,1015.9026489257812,512.0819091796875,0.5074607729911804
109,3.6333333333333333,13,car,1256.849853515625,432.179443359375,1279.6383056640625,493.03582763671875,0.30022159218788147
109,3.6333333333333333,27,person,900.5794067382812,277.7558288574219,1036.83544921875,540.6251220703125,0.6291757225990295
109,3.6333333333333333,35,car,157.50682067871094,245.2683868408203,733.9732055664062,512.3516845703125,0.5075949430465698
109,3.6333333333333333,55,car,917.2113037109375,112.84427642822266,982.8187866210938,170.7817840576172,0.3334096372127533
110,3.6666666666666665,1,car,871.1439819335938,112.3469467163086,927.3357543945312,161.9063262939453,0.5505571961402893
110,3.6666666666666665,13,car,1257.31201171875,432.0908508300781,1279.7142333984375,492.3655090332031,0.30690139532089233
110,3.6666666666666665,27,person,891.8067626953125,274.3820495605469,1041.3377685546875,534.6406860351562,0.4963395595550537
110,3.6666666666666665,35,car,157.8268280029297,245.42068481445312,734.8922119140625,511.25518798828125,0.9166399836540222
110,3.6666666666666665,55,car,917.2925415039062,112.86652374267578,982.9935913085938,170.48739624023438,0.42354753613471985
111,3.7,1,car,871.1088256835938,112.21788024902344,927.0496826171875,161.8964385986328,0.5490427017211914
111,3.7,13,car,1257.2994384765625,431.9803466796875,1279.650634765625,492.3777770996094,0.3108479082584381
111,3.7,27,person,902.260986328125,278.5639953613281,1041.72314453125,532.3297119140625,0.46010446548461914
111,3.7,35,car,157.92872619628906,245.4352569580078,734.326171875,510.96966552734375,0.9168505072593689
111,3.7,55,car,917.275146484375,113.0142593383789,982.9968872070312,170.41319274902344,0.41508743166923523
112,3.7333333333333334,1,car,871.1272583007812,112.00163269042969,926.9869384765625,161.82664489746094,0.5648190379142761
112,3.7333333333333334,5,car,233.9783172607422,241.88858032226562,972.7235107421875,512.8412475585938,0.4829992949962616
112,3.7333333333333334,13,car,1256.868896484375,431.7012023925781,1279.717529296875,492.1903991699219,0.34457629919052124
112,3.7333333333333334,27,person,876.3844604492188,275.2695007324219,1044.624267578125,530.833251953125,0.5282610058784485
112,3.7333333333333334,35,car,157.99949645996094,245.2949981689453,741.38525390625,510.79742431640625,0.7101476788520813
112,3.7333333333333334,55,car,916.939453125,111.88420104980469,983.3509521484375,170.4486846923828,0.3778766691684723
112,3.7333333333333334,89,car,996.0790405273438,123.56745910644531,1020.6222534179688,141.76300048828125,0.3108515739440918
112,3.7333333333333334,90,car,871.1122436523438,112.26180267333984,911.4539184570312,160.5043182373047,0.35264459252357483
113,3.7666666666666666,1,car,871.0933227539062,111.847900390625,926.6569213867188,161.7381591796875,0.4231989085674286
113,3.7666666666666666,5,car,230.18663024902344,241.28302001953125,959.849853515625,513.0118408203125,0.3572697639465332
113,3.7666666666666666,13,car,1256.74853515625,431.6546936035156,1279.6468505859375,492.13677978515625,0.3433489501476288
113,3.7666666666666666,27,person,867.5621948242188,274.0025329589844,1046.137939453125,529.8469848632812,0.5276681184768677
113,3.7666666666666666,35,car,157.80084228515625,244.973388671875,743.23779296875,511.2978210449219,0.8249260783195496
113,3.7666666666666666,55,car,916.974853515625,111.19585418701172,983.4696044921875,170.53506469726562,0.48425957560539246
113,3.7666666666666666,89,car,996.015869140625,123.55609893798828,1020.6155395507812,141.7648468017578,0.3161066472530365
114,3.8,1,car,871.1435546875,111.77710723876953,926.651611328125,161.70777893066406,0.36891666054725647
114,3.8,13,car,1256.7373046875,431.7075500488281,1279.73095703125,491.82672119140625,0.3417730927467346
114,3.8,27,person,903.9584350585938,270.9510498046875,1047.5435791015625,530.0154418945312,0.6448496580123901
114,3.8,35,car,157.9452667236328,245.30526733398438,752.2103271484375,511.7542419433594,0.9195902347564697
114,3.8,55,car,917.11572265625,111.14229583740234,983.5882568359375,170.63131713867188,0.4958035945892334
114,3.8,89,car,996.0490112304688,123.55113220214844,1020.678955078125,141.77667236328125,0.3182222247123718
115,3.8333333333333335,1,car,871.1907958984375,111.866455078125,926.6804809570312,161.76829528808594,0.3003685772418976
115,3.8333333333333335,13,car,1256.4337158203125,431.75445556640625,1279.6434326171875,491.9085693359375,0.3389612138271332
115,3.8333333333333335,27,person,921.38330078125,270.284423828125,1047.4158935546875,529.794677734375,0.5851635336875916
115,3.8333333333333335,35,car,157.99107360839844,245.43408203125,754.7446899414062,511.9095153808594,0.9125037789344788
115,3.8333333333333335,55,car,917.1296997070312,111.02095794677734,983.594970703125,170.75820922851562,0.519495964050293
115,3.8333333333333335,89,car,995.9993286132812,123.60497283935547,1020.635986328125,141.78135681152344,0.3214189112186432
115,3.8333333333333335,90,car,871.1168212890625,112.25066375732422,911.5044555664062,160.5196990966797,0.31780388951301575
116,3.8666666666666667,1,car,871.2437133789062,112.17755889892578,926.6928100585938,161.93045043945312,0.43691152334213257
116,3.8666666666666667,13,car,1256.2791748046875,431.5409240722656,1279.647216796875,492.0630187988281,0.3510844111442566
116,3.8666666666666667,27,person,894.43310546875,268.0820617675781,1047.513671875,530.0973510742188,0.5367064476013184
116,3.8666666666666667,35,car,158.11422729492188,245.04519653320312,767.6480712890625,511.9978942871094,0.9083002805709839
116,3.8666666666666667,55,car,917.2354736328125,110.82608032226562,983.4915161132812,170.69602966308594,0.46474143862724304
116,3.8666666666666667,89,car,996.03125,123.7688980102539,1020.5665893554688,141.75559997558594,0.3215574622154236
116,3.8666666666666667,90,car,871.174560546875,112.48063659667969,911.158935546875,160.5110321044922,0.253462016582489
116,3.8666666666666667,92,car,704.87841796875,261.97552490234375,1122.5806884765625,352.18524169921875,0.4248797297477722
117,3.9,1,car,871.1259155273438,112.12383270263672,927.3706665039062,162.09201049804688,0.2799460291862488
117,3.9,13,car,1256.1385498046875,431.44927978515625,1279.616455078125,492.9394836425781,0.36010968685150146
117,3.9,27,person,886.95361328125,268.16485595703125,1048.5760498046875,530.5907592773438,0.6711718440055847
117,3.9,35,car,158.1588134765625,244.82728576660156,771.5980224609375,511.64813232421875,0.9203704595565796
117,3.9,55,car,917.071533203125,110.1314926147461,983.398193359375,170.3935089111328,0.46828728914260864
117,3.9,89,car,996.0584716796875,123.99414825439453,1020.6162719726562,141.73776245117188,0.3099254369735718
117,3.9,90,car,871.1312255859375,112.33500671386719,911.3541259765625,160.56370544433594,0.3788951635360718
117,3.9,92,car,706.513916015625,263.65496826171875,1122.82763671875,350.775390625,0.4551176428794861
118,3.933333333333333,13,car,1255.8707275390625,431.48260498046875,1279.6314697265625,493.7234802246094,0.38218849897384644
118,3.933333333333333,35,car,158.13458251953125,244.62091064453125,786.9390869140625,511.70367431640625,0.9076831340789795
118,3.933333333333333,55,car,916.9159545898438,109.99051666259766,982.9603271484375,170.64125061035156,0.4825255274772644
118,3.933333333333333,89,car,995.9907836914062,123.99861907958984,1020.8794555664062,141.8612060546875,0.28126177191734314
118,3.933333333333333,90,car,871.2476196289062,112.24229431152344,911.9141845703125,161.20249938964844,0.34943920373916626
118,3.933333333333333,92,car,713.9434814453125,263.5674743652344,1122.775146484375,358.84552001953125,0.25150054693222046
119,3.966666666666667,13,car,1254.890380859375,431.3525695800781,1279.61376953125,494.8468017578125,0.4106364846229553
119,3.966666666666667,35,car,158.1224822998047,244.7208709716797,791.98681640625,511.5306091308594,0.9203733205795288
119,3.966666666666667,55,car,916.8186645507812,110.57552337646484,982.6972045898438,170.6854705810547,0.4010893702507019
119,3.966666666666667,89,car,996.1126708984375,124.14471435546875,1021.0370483398438,141.84608459472656,0.27477923035621643
119,3.966666666666667,90,car,871.1796264648438,112.25637817382812,911.5643310546875,160.73545837402344,0.3108102083206177
120,4.0,13,car,1254.6160888671875,431.760986328125,1279.6826171875,494.9849853515625,0.3831021189689636
120,4.0,27,person,940.6058349609375,267.3085021972656,1043.965087890625,528.6437377929688,0.6732516884803772
120,4.0,35,car,164.4334259033203,244.7040557861328,808.0896606445312,512.0443115234375,0.9373518228530884
120,4.0,55,car,916.7200317382812,110.67357635498047,982.8435668945312,170.46865844726562,0.38199296593666077
120,4.0,89,car,996.017578125,124.4418716430664,1021.05126953125,141.875732421875,0.30688291788101196
120,4.0,90,car,871.22021484375,112.3149185180664,911.6893310546875,160.5,0.346656858921051
121,4.033333333333333,13,car,1254.441650390625,431.96221923828125,1279.629150390625,495.1125183105469,0.38385361433029175
121,4.033333333333333,27,person,949.0133666992188,266.83734130859375,1043.0897216796875,529.4011840820312,0.6050789952278137
121,4.033333333333333,35,car,166.950439453125,244.72848510742188,814.204345703125,512.2955322265625,0.9434056282043457
121,4.033333333333333,55,car,916.7908325195312,111.34066009521484,982.7686157226562,170.14710998535156,0.3197750747203827
121,4.033333333333333,89,car,996.107177734375,124.6227035522461,1020.99169921875,141.86814880371094,0.29728731513023376
121,4.033333333333333,90,car,871.2173461914062,112.38096618652344,911.76318359375,160.42001342773438,0.3679087460041046
121,4.033333333333333,95,car,803.8623046875,112.56696319580078,853.0572509765625,159.97061157226562,0.31040728092193604
121,4.033333333333333,96,car,730.7070922851562,271.114013671875,965.22900390625,422.2061462402344,0.3386250436306
122,4.066666666666666,13,car,1254.4669189453125,431.83538818359375,1279.6693115234375,495.2663269042969,0.39900705218315125
122,4.066666666666666,17,car,744.7923583984375,259.9248962402344,1123.1219482421875,461.66094970703125,0.6194669008255005
122,4.066666666666666,27,person,955.5748291015625,267.8229675292969,1043.025146484375,527.3252563476562,0.7427313327789307
122,4.066666666666666,35,car,170.33773803710938,244.8948516845703,825.5537109375,512.113037109375,0.947181761264801
122,4.066666666666666,55,car,916.275634765625,110.7800521850586,982.8858642578125,170.39010620117188,0.42853453755378723
122,4.066666666666666,89,car,996.2969970703125,124.60625457763672,1021.0079956054688,141.85482788085938,0.283241868019104
122,4.066666666666666,90,car,871.227783203125,112.3387451171875,911.7339477539062,160.37913513183594,0.3902234733104706
122,4.066666666666666,95,car,803.95068359375,112.52098083496094,853.0501708984375,159.83628845214844,0.3107978403568268
123,4.1,13,car,1254.8106689453125,431.80059814453125,1279.62353515625,495.2579345703125,0.3777705430984497
123,4.1,17,car,745.8067626953125,261.3023986816406,1124.739501953125,460.2705078125,0.5824761986732483
123,4.1,27,person,957.8008422851562,268.39111328125,1043.1312255859375,526.568603515625,0.7692592740058899
123,4.1,35,car,171.59286499023438,244.94996643066406,829.6500244140625,512.0479125976562,0.9468821287155151
123,4.1,55,car,915.9962768554688,110.55296325683594,982.8878784179688,170.44479370117188,0.43535521626472473
123,4.1,89,car,996.4907836914062,124.65538787841797,1020.9736938476562,141.83717346191406,0.2728179097175598
123,4.1,90,car,871.18359375,112.34149932861328,911.6739501953125,160.3531494140625,0.4029252827167511
123,4.1,95,car,803.9415893554688,112.47014617919922,853.0079345703125,159.78282165527344,0.31172120571136475
124,4.133333333333334,13,car,1255.0113525390625,431.9970703125,1279.6258544921875,495.575927734375,0.36199048161506653
124,4.133333333333334,27,person,931.2176513671875,267.5413818359375,1043.2218017578125,522.6063842773438,0.8360877633094788
124,4.133333333333334,35,car,172.52261352539062,244.75543212890625,837.2426147460938,512.3231811523438,0.9405685067176819
124,4.133333333333334,55,car,915.8662109375,110.28849029541016,982.9605102539062,170.20330810546875,0.42702239751815796
124,4.133333333333334,89,car,996.666259765625,124.6516342163086,1020.914794921875,141.75894165039062,0.2538263201713562
124,4.133333333333334,90,car,871.1802978515625,112.29685974121094,911.8839111328125,160.36654663085938,0.42817223072052
124,4.133333333333334,95,car,803.9282836914062,112.44576263427734,853.033935546875,159.99951171875,0.31441739201545715
125,4.166666666666667,13,car,1255.8939208984375,432.1804504394531,1279.6114501953125,495.5372314453125,0.3966713547706604
125,4.166666666666667,27,person,923.891357421875,267.1209716796875,1043.1357421875,521.3607177734375,0.8482837677001953
125,4.166666666666667,35,car,172.81056213378906,244.72166442871094,839.8184204101562,512.5712890625,0.9413220286369324
125,4.166666666666667,55,car,915.8834838867188,110.17515563964844,983.199951171875,170.18856811523438,0.44705915451049805
125,4.166666666666667,90,car,871.1929931640625,112.27103424072266,912.039306640625,160.3749237060547,0.4233715236186981
125,4.166666666666667,95,car,803.9517822265625,112.46720886230469,853.0285034179688,159.9494171142578,0.3018471598625183
126,4.2,13,car,1257.5172119140625,432.5293884277344,1279.6240234375,495.67059326171875,0.426188200712204
126,4.2,17,car,764.4803466796875,257.3963928222656,1125.62841796875,476.3470153808594,0.2732207775115967
126,4.2,27,person,934.8590087890625,263.1103515625,1045.2867431640625,516.6121826171875,0.680965781211853
126,4.2,35,car,173.27398681640625,244.70179748535156,842.7925415039062,512.7008056640625,0.9364283084869385
126,4.2,55,car,915.8921508789062,110.68893432617188,983.0836181640625,170.372802734375,0.39515504240989685
126,4.2,90,car,871.1738891601562,112.72008514404297,911.7335815429688,160.4143829345703,0.34141403436660767
126,4.2,95,car,803.937255859375,112.4873275756836,852.87744140625,160.0462646484375,0.2873639464378357
127,4.233333333333333,13,car,1257.7578125,432.8545227050781,1279.6142578125,495.70953369140625,0.3780643343925476
127,4.233333333333333,17,car,767.2265625,256.8621520996094,1124.7252197265625,479.2154235839844,0.28734132647514343
127,4.233333333333333,27,person,939.8114013671875,261.74127197265625,1046.2430419921875,514.7354736328125,0.640747606754303
127,4.233333333333333,35,car,173.34617614746094,244.6945343017578,843.7277221679688,512.754150390625,0.9350548386573792
127,4.233333333333333,55,car,915.9692993164062,111.007080078125,983.0036010742188,170.44703674316406,0.3721195459365845
127,4.233333333333333,89,car,996.1101684570312,124.4461441040039,1020.8433227539062,141.79034423828125,0.2525939345359802
127,4.233333333333333,90,car,871.1568603515625,112.89729309082031,911.5906982421875,160.42031860351562,0.327674925327301
127,4.233333333333333,95,car,803.928955078125,112.5293960571289,852.7962036132812,159.9344024658203,0.27789419889450073
128,4.266666666666667,13,car,1256.294677734375,432.79547119140625,1279.6673583984375,495.9938659667969,0.32605764269828796
128,4.266666666666667,27,person,947.7711791992188,260.3433837890625,1047.624267578125,508.6724548339844,0.8434705138206482
128,4.266666666666667,35,car,172.61451721191406,245.0608673095703,845.0596923828125,512.4112548828125,0.9269865155220032
128,4.266666666666667,55,car,916.3175659179688,110.82548522949219,983.0404052734375,170.39923095703125,0.4298018515110016
128,4.266666666666667,89,car,995.531005859375,124.52169799804688,1020.7416381835938,141.7924041748047,0.2535426616668701
128,4.266666666666667,90,car,871.202392578125,112.3736343383789,911.6666870117188,160.3636016845703,0.36649274826049805
128,4.266666666666667,95,car,803.9075317382812,112.3337173461914,852.8048095703125,159.77781677246094,0.29006946086883545
129,4.3,13,car,1255.309814453125,432.87872314453125,1279.6270751953125,496.446044921875,0.32910823822021484
129,4.3,27,person,950.5748901367188,259.9094543457031,1048.37841796875,506.16815185546875,0.8494043946266174
129,4.3,35,car,172.4175567626953,245.15524291992188,846.0631103515625,512.332275390625,0.9316508173942566
129,4.3,55,car,916.4749755859375,110.90045166015625,983.0228271484375,170.36936950683594,0.41658616065979004
129,4.3,89,car,995.4150390625,124.59332275390625,1020.6726684570312,141.81106567382812,0.25883379578590393
129,4.3,90,car,871.1950073242188,112.28646087646484,911.708740234375,160.36846923828125,0.35852017998695374
129,4.3,95,car,803.91357421875,112.3232650756836,852.7643432617188,159.7202911376953,0.2826173007488251
130,4.333333333333333,13,car,1256.0213623046875,433.2123107910156,1279.6396484375,496.61090087890625,0.27076706290245056
130,4.333333333333333,27,person,951.2527465820312,259.4772644042969,1050.85546875,500.95892333984375,0.5193873047828674
130,4.333333333333333,35,car,173.12892150878906,244.814453125,845.5103759765625,512.6965942382812,0.9256739020347595
130,4.333333333333333,55,car,916.31787109375,110.58795166015625,983.0199584960938,170.31759643554688,0.392185777425766
130,4.333333333333333,90,car,871.2335815429688,112.387939453125,911.5811767578125,160.34156799316406,0.35063913464546204
130,4.333333333333333,95,car,803.9417724609375,112.27159118652344,852.73681640625,159.7066192626953,0.28043898940086365
131,4.366666666666666,27,person,951.3661499023438,259.5292663574219,1051.923828125,499.85400390625,0.6217299699783325
131,4.366666666666666,35,car,173.11099243164062,244.62046813964844,844.89208984375,512.7926635742188,0.926042914390564
131,4.366666666666666,55,car,916.320068359375,110.70684051513672,982.9967651367188,170.34498596191406,0.3938741981983185
131,4.366666666666666,90,car,871.2449951171875,112.6853256225586,911.5479736328125,160.35821533203125,0.3422280550003052
131,4.366666666666666,95,car,803.9459228515625,112.3103256225586,852.7111206054688,159.71380615234375,0.2724725604057312
132,4.4,27,person,947.764404296875,257.8575439453125,1052.72021484375,498.3193664550781,0.7602401375770569
132,4.4,55,car,916.0086669921875,110.7596664428711,982.9519653320312,170.3961944580078,0.35208168625831604
132,4.4,90,car,871.2781372070312,112.81143951416016,911.53173828125,160.3585662841797,0.3157321512699127
132,4.4,95,car,804.0020751953125,112.43309783935547,852.68310546875,159.64822387695312,0.26308074593544006
133,4.433333333333334,5,car,172.61622619628906,244.25335693359375,850.40283203125,512.3692626953125,0.9148549437522888
133,4.433333333333334,27,person,946.237548828125,257.3522644042969,1053.822265625,497.9160461425781,0.6801235675811768
133,4.433333333333334,55,car,916.0469970703125,111.4530029296875,982.8523559570312,170.42552185058594,0.33425307273864746
133,4.433333333333334,90,car,871.2579345703125,112.62317657470703,911.4876098632812,160.37049865722656,0.26240265369415283
133,4.433333333333334,95,car,803.979736328125,112.39893341064453,852.7048950195312,159.677490234375,0.26960813999176025
134,4.466666666666667,5,car,171.69764709472656,244.46090698242188,844.7561645507812,512.43017578125,0.9282999038696289
134,4.466666666666667,13,car,1253.383544921875,432.7541809082031,1279.628662109375,496.8396911621094,0.3467329740524292
134,4.466666666666667,27,person,943.8177490234375,255.55130004882812,1056.427978515625,498.6418762207031,0.8588725328445435
134,4.466666666666667,55,car,916.3334350585938,112.6712875366211,982.6937255859375,170.3475799560547,0.30973219871520996
134,4.466666666666667,95,car,804.0533447265625,112.43991088867188,852.7412719726562,159.65684509277344,0.25513970851898193
135,4.5,5,car,171.2738800048828,244.5848388671875,842.5321044921875,512.396240234375,0.9298670887947083
135,4.5,13,car,1253.0885009765625,433.0386962890625,1279.6123046875,496.8528747558594,0.33990323543548584
135,4.5,27,person,939.0400390625,255.51109313964844,1057.7198486328125,498.78076171875,0.8320673108100891
135,4.5,55,car,916.4183349609375,113.40571594238281,982.632568359375,170.29214477539062,0.2848503589630127
135,4.5,95,car,804.1151123046875,112.6070785522461,852.8825073242188,159.5811309814453,0.2588430643081665
136,4.533333333333333,1,car,871.3884887695312,112.38719177246094,928.6299438476562,161.62132263183594,0.261185884475708
136,4.533333333333333,5,car,171.4952850341797,244.6646270751953,849.3244018554688,512.2269897460938,0.9162260293960571
136,4.533333333333333,13,car,1252.903076171875,432.9801940917969,1279.6907958984375,496.94921875,0.3594871461391449
136,4.533333333333333,27,person,939.8171997070312,261.5440979003906,1058.54833984375,499.5054016113281,0.8300458788871765
136,4.533333333333333,55,car,916.7562255859375,113.62281799316406,982.6874389648438,170.29345703125,0.3307631015777588
136,4.533333333333333,89,car,995.8394165039062,124.82421112060547,1020.4890747070312,141.7693634033203,0.26723501086235046
136,4.533333333333333,90,car,871.2163696289062,112.48108673095703,911.64208984375,160.49342346191406,0.29478195309638977
137,4.566666666666666,5,car,171.7064666748047,244.67787170410156,851.6502685546875,512.1777954101562,0.9172664284706116
137,4.566666666666666,13,car,1252.97705078125,433.0818786621094,1279.6336669921875,497.30926513671875,0.345287948846817
137,4.566666666666666,27,person,939.2169189453125,263.8973693847656,1059.5572509765625,499.7783203125,0.8347039818763733
137,4.566666666666666,55,car,916.7297973632812,113.67300415039062,982.6554565429688,170.25048828125,0.31178033351898193
137,4.566666666666666,89,car,995.7951049804688,124.829833984375,1020.4888305664062,141.78622436523438,0.25899073481559753
137,4.566666666666666,95,car,804.049560546875,112.61723327636719,853.0610961914062,159.48690795898438,0.25511351227760315
138,4.6,1,car,871.4375610351562,112.0347900390625,927.9636840820312,161.54605102539062,0.43368539214134216
138,4.6,5,car,172.34323120117188,244.8190155029297,847.58203125,512.4517211914062,0.931809663772583
138,4.6,13,car,1253.1435546875,433.9032897949219,1279.7113037109375,497.9383850097656,0.35009902715682983
138,4.6,27,person,948.8417358398438,257.4273376464844,1061.9593505859375,499.5930480957031,0.8663703203201294
138,4.6,55,car,917.0114135742188,113.97289276123047,982.644287109375,170.32598876953125,0.2708190679550171
138,4.6,89,car,995.9976196289062,124.93743896484375,1020.55419921875,141.77423095703125,0.27404314279556274
139,4.633333333333334,1,car,871.2393798828125,111.61742401123047,927.3349609375,161.68043518066406,0.3457960784435272
139,4.633333333333334,5,car,172.6171875,244.84756469726562,846.3096923828125,512.4762573242188,0.9307004809379578
139,4.633333333333334,13,car,1253.17138671875,434.1890563964844,1279.6409912109375,498.3359680175781,0.4278639256954193
139,4.633333333333334,27,person,952.572509765625,255.46046447753906,1062.9044189453125,499.47900390625,0.8667327761650085
139,4.633333333333334,55,car,916.9915161132812,114.09423828125,982.5846557617188,170.31198120117188,0.27867788076400757
139,4.633333333333334,89,car,995.916748046875,124.96945190429688,1020.5240478515625,141.7593994140625,0.26357969641685486
140,4.666666666666667,1,car,871.3900146484375,113.03057098388672,927.7744750976562,161.77804565429688,0.4542183578014374
140,4.666666666666667,5,car,172.81446838378906,244.7812042236328,843.7005615234375,512.4288940429688,0.9312652945518494
140,4.666666666666667,13,car,1253.2979736328125,434.1190185546875,1279.6998291015625,498.4998779296875,0.37969282269477844
140,4.666666666666667,27,person,955.8635864257812,255.1049346923828,1066.2940673828125,498.6679382324219,0.8166831731796265
140,4.666666666666667,55,car,916.9741821289062,114.45157623291016,982.572998046875,170.28306579589844,0.25747936964035034
140,4.666666666666667,89,car,995.9913330078125,124.96134185791016,1020.564208984375,141.76229858398438,0.2680682837963104
140,4.666666666666667,90,car,871.2267456054688,113.21642303466797,912.0055541992188,160.68374633789062,0.2521144151687622
141,4.7,1,car,871.220947265625,112.32373809814453,927.2888793945312,161.9617919921875,0.3035936653614044
141,4.7,5,car,172.85354614257812,244.72940063476562,842.8466186523438,512.4127807617188,0.9320464134216309
141,4.7,13,car,1253.6739501953125,433.7476501464844,1279.63525390625,498.61346435546875,0.34764763712882996
141,4.7,27,person,957.0031127929688,255.19273376464844,1067.295654296875,498.84375,0.8701106309890747
141,4.7,55,car,916.8946533203125,114.35980987548828,982.5601196289062,170.2265167236328,0.28221386671066284
141,4.7,89,car,995.8836059570312,124.91435241699219,1020.5980224609375,141.83193969726562,0.2724460959434509
142,4.733333333333333,1,car,871.3037719726562,113.03572082519531,927.688232421875,161.8344268798828,0.4296371042728424
142,4.733333333333333,5,car,173.08242797851562,244.82379150390625,839.463134765625,512.4515991210938,0.9408679008483887
142,4.733333333333333,13,car,1254.3895263671875,433.25830078125,1279.6785888671875,498.8934326171875,0.35855668783187866
142,4.733333333333333,27,person,957.8822631835938,257.5412902832031,1072.4635009765625,499.4662780761719,0.9018866419792175
142,4.733333333333333,55,car,917.0098266601562,114.07347106933594,982.5576171875,170.12722778320312,0.2854916751384735
142,4.733333333333333,89,car,995.9630737304688,124.88560485839844,1020.6360473632812,141.86752319335938,0.28016936779022217
143,4.766666666666667,1,car,871.307373046875,112.59503936767578,928.0274658203125,161.75958251953125,0.40417060256004333
143,4.766666666666667,5,car,173.14625549316406,244.8241424560547,837.73095703125,512.435791015625,0.9402645826339722
143,4.766666666666667,13,car,1254.171630859375,433.45733642578125,1279.6322021484375,499.1210632324219,0.31106775999069214
143,4.766666666666667,27,person,958.1483764648438,258.4356689453125,1074.4207763671875,499.7032165527344,0.9004337191581726
143,4.766666666666667,55,car,916.969482421875,113.90340423583984,982.5211791992188,170.07525634765625,0.2817298173904419
143,4.766666666666667,89,car,995.8521118164062,124.87300872802734,1020.603515625,141.9156951904297,0.2749774158000946
144,4.8,1,car,871.3695678710938,114.22055053710938,927.879638671875,162.0696258544922,0.4959178864955902
144,4.8,5,car,173.07015991210938,244.80616760253906,836.4317016601562,512.4397583007812,0.9404764771461487
144,4.8,27,person,958.3035888671875,267.00830078125,1079.05712890625,494.83221435546875,0.6504744291305542
144,4.8,55,car,917.202392578125,113.70938110351562,982.4893798828125,169.72140502929688,0.335823655128479
144,4.8,89,car,995.933837890625,124.8570327758789,1020.6171264648438,141.88656616210938,0.2707813084125519
144,4.8,90,car,871.2467041015625,115.18580627441406,911.7473754882812,160.53892517089844,0.3170638382434845
145,4.833333333333333,1,car,871.3360595703125,114.56507873535156,927.7288208007812,161.69993591308594,0.43363094329833984
145,4.833333333333333,5,car,173.04190063476562,244.8111572265625,836.1447143554688,512.4848022460938,0.9406716823577881
145,4.833333333333333,13,car,1253.943115234375,433.63531494140625,1279.67724609375,499.2992248535156,0.29770997166633606
145,4.833333333333333,27,person,958.667236328125,271.3129577636719,1080.3436279296875,492.2889099121094,0.6083388924598694
145,4.833333333333333,55,car,917.1156005859375,113.60938262939453,982.5270385742188,170.0002899169922,0.3223630487918854
145,4.833333333333333,89,car,995.6969604492188,124.75155639648438,1020.6329956054688,141.9170684814453,0.26223260164260864
145,4.833333333333333,90,car,871.2061157226562,115.29182434082031,911.8206787109375,160.49392700195312,0.2688615620136261
145,4.833333333333333,95,car,802.2684326171875,112.7512435913086,853.052001953125,160.2605438232422,0.26391080021858215
146,4.866666666666666,1,car,871.3919067382812,114.04199981689453,928.009033203125,161.69847106933594,0.40210455656051636
146,4.866666666666666,5,car,172.64251708984375,244.77554321289062,838.73193359375,512.517333984375,0.9359596967697144
146,4.866666666666666,55,car,917.0870971679688,114.01033020019531,982.6107788085938,170.12982177734375,0.29430311918258667
147,4.9,1,car,871.3682250976562,113.57290649414062,928.1339721679688,161.7144012451172,0.39929133653640747
147,4.9,5,car,172.4936065673828,244.73797607421875,839.7111206054688,512.4986572265625,0.935505211353302
147,4.9,13,car,1253.906005859375,433.93963623046875,1279.6668701171875,499.1391296386719,0.26294800639152527
147,4.9,55,car,917.0047607421875,114.21806335449219,982.5982055664062,170.20347595214844,0.2809847891330719
148,4.933333333333334,1,car,871.41748046875,113.6222915649414,928.1871948242188,161.7331085205078,0.42039892077445984
148,4.933333333333334,5,car,173.02560424804688,244.73880004882812,838.3330078125,512.5286254882812,0.9419147372245789
148,4.933333333333334,27,person,978.7066650390625,265.04534912109375,1094.7333984375,482.0821228027344,0.5834009647369385
148,4.933333333333334,55,car,917.0387573242188,114.3849105834961,982.6214599609375,170.23382568359375,0.26802346110343933
149,4.966666666666667,1,car,871.2213745117188,114.25210571289062,928.0464477539062,161.96971130371094,0.531827986240387
149,4.966666666666667,5,car,173.2217559814453,244.7344207763672,837.7865600585938,512.525390625,0.9412457346916199
149,4.966666666666667,27,person,981.5029907226562,263.9824523925781,1096.8365478515625,480.7113037109375,0.5855646729469299
150,5.0,1,car,871.234130859375,112.93069458007812,928.2080078125,162.14080810546875,0.4350323975086212
150,5.0,5,car,173.31488037109375,244.76307678222656,839.9646606445312,512.564453125,0.9391328692436218
151,5.033333333333333,1,car,871.322998046875,113.19989013671875,928.1536254882812,161.88804626464844,0.48655250668525696
151,5.033333333333333,5,car,173.39230346679688,244.7833251953125,841.2811889648438,512.537841796875,0.9386764764785767
152,5.066666666666666,1,car,871.284423828125,114.15682220458984,928.0610961914062,162.09800720214844,0.5275982022285461
152,5.066666666666666,5,car,173.2217254638672,244.77587890625,840.9500122070312,512.6140747070312,0.9393714666366577
152,5.066666666666666,27,person,985.932373046875,260.9084777832031,1116.3812255859375,480.07879638671875,0.7152272462844849
153,5.1,1,car,871.1852416992188,114.07803344726562,928.0001831054688,162.17391967773438,0.512418806552887
153,5.1,5,car,173.06886291503906,244.78953552246094,839.9183959960938,512.5888671875,0.9408466219902039
153,5.1,27,person,986.1835327148438,260.3190002441406,1118.399169921875,480.10504150390625,0.7167485952377319
153,5.1,95,car,802.1766357421875,112.85338592529297,853.2051391601562,160.29393005371094,0.26945099234580994
154,5.133333333333334,1,car,871.1520385742188,114.34869384765625,927.9332885742188,162.1970672607422,0.5591585040092468
154,5.133333333333334,5,car,173.27052307128906,244.75521850585938,837.7460327148438,512.684326171875,0.9406129121780396
154,5.133333333333334,27,person,1010.6808471679688,261.5238342285156,1122.532470703125,480.1630859375,0.2987079918384552
154,5.133333333333334,55,car,917.0658569335938,113.83052825927734,982.8992919921875,170.142578125,0.26629552245140076
154,5.133333333333334,95,car,802.0442504882812,112.68769073486328,853.0321044921875,160.34652709960938,0.26464593410491943
155,5.166666666666667,1,car,871.0993041992188,114.4977798461914,927.8870849609375,162.19866943359375,0.5661046504974365
155,5.166666666666667,5,car,173.3330841064453,244.76707458496094,836.7233276367188,512.7108764648438,0.9412484169006348
155,5.166666666666667,27,person,1020.4646606445312,261.99273681640625,1124.038330078125,480.2128601074219,0.3418448269367218
155,5.166666666666667,55,car,917.0205688476562,113.87029266357422,982.8773803710938,170.11099243164062,0.2612443268299103
155,5.166666666666667,95,car,802.087158203125,112.7796859741211,853.1415405273438,160.38461303710938,0.25871801376342773
156,5.2,1,car,871.1129150390625,114.86991119384766,927.8739624023438,162.1898193359375,0.5818613767623901
156,5.2,5,car,173.43638610839844,244.79141235351562,835.9439697265625,512.6836547851562,0.9433854818344116
156,5.2,27,person,993.4606323242188,262.5606689453125,1125.8917236328125,479.7719421386719,0.3709579110145569
156,5.2,55,car,917.1077880859375,113.75205993652344,983.2479858398438,169.56942749023438,0.2564640939235687
156,5.2,95,car,802.0982666015625,112.77189636230469,853.2307739257812,160.6251983642578,0.27417105436325073
157,5.233333333333333,1,car,870.9713134765625,114.62151336669922,927.786376953125,162.056640625,0.5210072994232178
157,5.233333333333333,5,car,173.5214385986328,244.839599609375,835.6449584960938,512.7283325195312,0.9436751008033752
157,5.233333333333333,27,person,984.822509765625,263.5895690917969,1126.2734375,479.70501708984375,0.38642245531082153
157,5.233333333333333,55,car,917.09423828125,113.56501007080078,983.4360961914062,169.49734497070312,0.3314838707447052
157,5.233333333333333,89,car,995.82568359375,124.09098815917969,1020.5792236328125,141.1282196044922,0.25485554337501526
157,5.233333333333333,90,car,871.159912109375,114.64212036132812,911.75341796875,160.4753875732422,0.33994561433792114
157,5.233333333333333,95,car,801.97998046875,112.72576141357422,853.0309448242188,160.75537109375,0.28217455744743347
158,5.266666666666667,1,car,870.75390625,114.55955505371094,927.7904052734375,161.87832641601562,0.5535301566123962
158,5.266666666666667,5,car,173.54832458496094,244.87786865234375,835.7176513671875,512.6912841796875,0.9436192512512207
158,5.266666666666667,27,person,983.0328979492188,266.2761535644531,1129.88720703125,479.44573974609375,0.4309234619140625
158,5.266666666666667,55,car,917.1062622070312,113.45399475097656,983.5927734375,169.5503387451172,0.31969398260116577
158,5.266666666666667,89,car,996.0704345703125,123.99927520751953,1020.4440307617188,140.97035217285156,0.2598016858100891
158,5.266666666666667,90,car,870.9602661132812,114.85272216796875,911.7492065429688,160.4131622314453,0.36096274852752686
158,5.266666666666667,95,car,801.9558715820312,112.64830780029297,853.0601196289062,160.8076934814453,0.3013054132461548
159,5.3,1,car,870.6557006835938,115.12849426269531,927.6258544921875,161.7816162109375,0.5332328677177429
159,5.3,5,car,173.55908203125,244.9258270263672,835.6698608398438,512.6483764648438,0.9436876177787781
159,5.3,13,car,1253.23193359375,434.6841125488281,1279.65478515625,498.074462890625,0.26143717765808105
159,5.3,27,person,982.4552001953125,266.9895324707031,1131.3677978515625,479.5358581542969,0.45108211040496826
159,5.3,55,car,917.0775146484375,113.52820587158203,983.4962768554688,169.74073791503906,0.3337288796901703
159,5.3,89,car,996.2400512695312,124.06475830078125,1020.2232055664062,140.8643341064453,0.26902899146080017
159,5.3,90,car,870.8614501953125,115.378173828125,911.5845947265625,160.37677001953125,0.38106369972229004
159,5.3,95,car,801.9151000976562,112.72527313232422,852.990966796875,160.80654907226562,0.3049357831478119
160,5.333333333333333,1,car,870.6987915039062,115.38105773925781,927.5501098632812,161.69569396972656,0.5128465294837952
160,5.333333333333333,5,car,173.03594970703125,245.26039123535156,835.6802368164062,512.3787841796875,0.9418891668319702
160,5.333333333333333,27,person,978.6647338867188,269.1631774902344,1133.195068359375,475.38885498046875,0.409003347158432
160,5.333333333333333,55,car,917.1908569335938,114.43543243408203,983.1331787109375,170.15187072753906,0.32618674635887146
160,5.333333333333333,89,car,996.65966796875,123.94940948486328,1020.0416259765625,140.6770477294922,0.26401954889297485
160,5.333333333333333,90,car,870.912841796875,115.60702514648438,911.5877075195312,160.33428955078125,0.4134581685066223
160,5.333333333333333,95,car,801.905517578125,112.54411315917969,852.9793701171875,160.81295776367188,0.3256226181983948
161,5.366666666666666,1,car,870.6787719726562,115.7697982788086,927.4149169921875,161.9366455078125,0.5243149995803833
161,5.366666666666666,5,car,173.41677856445312,245.06396484375,835.7847290039062,512.3837890625,0.9450296759605408
161,5.366666666666666,27,person,975.9888305664062,270.5594177246094,1134.07373046875,474.7702331542969,0.40960195660591125
161,5.366666666666666,55,car,917.1866455078125,113.84515380859375,982.9736938476562,170.61190795898438,0.3519936800003052
161,5.366666666666666,90,car,870.8802490234375,115.91040802001953,911.6845703125,160.327392578125,0.4236835539340973
161,5.366666666666666,95,car,801.5347290039062,111.82657623291016,852.9881591796875,160.75096130371094,0.2622961699962616
162,5.4,1,car,870.6798095703125,116.09428405761719,927.4791259765625,162.1850128173828,0.5781633853912354
162,5.4,5,car,173.5615234375,244.9857635498047,835.96337890625,512.3344116210938,0.9481736421585083
162,5.4,55,car,917.109375,113.12641906738281,983.0888671875,170.5451202392578,0.29075896739959717
162,5.4,90,car,870.91162109375,116.18793487548828,912.0692138671875,160.3695068359375,0.4194559156894684
163,5.433333333333334,1,car,870.623046875,116.1285400390625,927.3112182617188,162.29209899902344,0.5055100917816162
163,5.433333333333334,5,car,173.5731658935547,244.94900512695312,835.9207763671875,512.490234375,0.9504234790802002
163,5.433333333333334,55,car,916.9783325195312,112.49819946289062,983.2880859375,170.55189514160156,0.3505277633666992
163,5.433333333333334,90,car,870.8462524414062,116.2564697265625,911.9594116210938,160.36959838867188,0.4294309914112091
163,5.433333333333334,100,person,1067.8763427734375,271.4549560546875,1138.6290283203125,465.4300842285156,0.37195977568626404
164,5.466666666666667,1,car,870.9214477539062,116.2166976928711,927.4859619140625,162.4122772216797,0.5967828035354614
164,5.466666666666667,5,car,173.4684600830078,244.92251586914062,835.7531127929688,512.630615234375,0.9520378112792969
164,5.466666666666667,27,person,968.3153686523438,270.16314697265625,1143.862060546875,469.779052734375,0.4442254602909088
164,5.466666666666667,55,car,917.1480102539062,112.29988098144531,983.5997314453125,170.61917114257812,0.29481080174446106
165,5.5,1,car,870.904541015625,116.20161437988281,927.437744140625,162.4602508544922,0.5771663784980774
165,5.5,5,car,173.43186950683594,244.90579223632812,835.4775390625,512.8856811523438,0.951643705368042
165,5.5,27,person,966.2079467773438,270.0726623535156,1144.931640625,469.352783203125,0.34379804134368896
165,5.5,55,car,917.0748291015625,111.95787811279297,983.545654296875,170.62730407714844,0.3324570655822754
165,5.5,90,car,871.10595703125,116.35000610351562,912.2472534179688,160.5632781982422,0.4184771180152893
166,5.533333333333333,1,car,870.9114990234375,115.9368667602539,927.4536743164062,162.38873291015625,0.5369457006454468
166,5.533333333333333,5,car,173.4595489501953,244.97283935546875,835.4002685546875,512.9421997070312,0.9529276490211487
166,5.533333333333333,27,person,994.2749633789062,268.53955078125,1150.2454833984375,466.2334899902344,0.4665229022502899
166,5.533333333333333,55,car,917.13330078125,111.66265106201172,983.6416625976562,170.60675048828125,0.3771374523639679
166,5.533333333333333,90,car,871.0923461914062,116.0875015258789,912.1246337890625,160.5460205078125,0.41330960392951965
166,5.533333333333333,100,person,1067.9451904296875,268.4255676269531,1151.64306640625,465.01422119140625,0.38953861594200134
167,5.566666666666666,1,car,870.8318481445312,115.94586944580078,927.37939453125,162.37808227539062,0.5403748750686646
167,5.566666666666666,5,car,173.4853057861328,245.00216674804688,835.3853149414062,512.9489135742188,0.952542245388031
167,5.566666666666666,27,person,1005.4674072265625,268.0548095703125,1152.1005859375,465.0975646972656,0.4788162112236023
167,5.566666666666666,55,car,917.0615844726562,111.68538665771484,983.4794311523438,170.60870361328125,0.37744247913360596
167,5.566666666666666,90,car,871.0057373046875,116.08391571044922,911.9413452148438,160.56309509277344,0.4145940840244293
167,5.566666666666666,100,person,1068.1485595703125,268.12042236328125,1153.127685546875,464.923095703125,0.34180426597595215
168,5.6,1,car,870.877685546875,115.90630340576172,927.4834594726562,162.41636657714844,0.5550679564476013
168,5.6,5,car,173.5190887451172,244.9208526611328,835.7804565429688,512.6642456054688,0.9510384202003479
168,5.6,13,car,1250.2347412109375,435.6453552246094,1279.65185546875,497.2198181152344,0.25865137577056885
168,5.6,55,car,917.1099243164062,111.70613098144531,983.574462890625,170.58120727539062,0.3504822552204132
168,5.6,90,car,871.0781860351562,116.02924346923828,911.996337890625,160.5788116455078,0.410099059343338
168,5.6,100,person,1070.7940673828125,267.0041809082031,1156.0240478515625,469.6204528808594,0.8381435871124268
169,5.633333333333334,1,car,870.8157348632812,115.88777160644531,927.4703979492188,162.42425537109375,0.5700219869613647
169,5.633333333333334,5,car,173.53607177734375,244.87339782714844,835.7152099609375,512.8087768554688,0.9510703682899475
169,5.633333333333334,55,car,917.0592651367188,111.77734375,983.5235595703125,170.61224365234375,0.34831202030181885
169,5.633333333333334,90,car,871.02001953125,116.00491333007812,911.8345336914062,160.5979461669922,0.40551793575286865
169,5.633333333333334,100,person,1070.9451904296875,266.7392883300781,1156.74853515625,471.7435302734375,0.8438639044761658
170,5.666666666666667,1,car,870.775146484375,115.77590942382812,927.5556640625,162.3686981201172,0.57383131980896
170,5.666666666666667,5,car,173.6211395263672,244.88311767578125,836.2914428710938,512.8763427734375,0.9533613920211792
170,5.666666666666667,55,car,917.1400756835938,111.84569549560547,983.6063842773438,170.54769897460938,0.34324735403060913
170,5.666666666666667,90,car,870.9788818359375,115.9109878540039,911.9042358398438,160.58065795898438,0.4020705223083496
170,5.666666666666667,100,person,1075.9639892578125,266.40899658203125,1161.1219482421875,471.88433837890625,0.867272675037384
171,5.7,1,car,870.6775512695312,115.67172241210938,927.4578857421875,162.3480224609375,0.574718713760376
171,5.7,5,car,173.65293884277344,244.88043212890625,836.4412841796875,512.8699951171875,0.9531567692756653
171,5.7,55,car,917.0711669921875,111.8595962524414,983.5216064453125,170.56019592285156,0.34539297223091125
171,5.7,90,car,870.8794555664062,115.82431030273438,911.8156127929688,160.57427978515625,0.40800032019615173
171,5.7,100,person,1075.1700439453125,266.3142395019531,1162.5059814453125,472.0537414550781,0.8705722689628601
172,5.733333333333333,1,car,870.7423095703125,115.86455535888672,927.4386596679688,162.29771423339844,0.5615777969360352
172,5.733333333333333,5,car,173.61378479003906,244.8968048095703,836.2063598632812,512.8866577148438,0.9530191421508789
172,5.733333333333333,55,car,917.1666870117188,111.99966430664062,983.8671875,170.21571350097656,0.3778998851776123
172,5.733333333333333,90,car,870.942138671875,116.00633239746094,911.843994140625,160.55332946777344,0.4266108572483063
172,5.733333333333333,100,person,1071.559814453125,266.4968566894531,1165.871826171875,471.9432373046875,0.8897930979728699
173,5.766666666666667,1,car,870.6773681640625,115.55490112304688,927.4070434570312,162.4945526123047,0.5745382905006409
173,5.766666666666667,5,car,173.44488525390625,244.78878784179688,835.7033081054688,512.698486328125,0.9538621306419373
173,5.766666666666667,55,car,917.0614013671875,111.92625427246094,983.8438110351562,170.1825714111328,0.3871716856956482
173,5.766666666666667,90,car,870.8706665039062,115.69358825683594,911.7042236328125,160.71766662597656,0.4061548113822937
173,5.766666666666667,100,person,1070.0543212890625,266.5373840332031,1166.96826171875,471.865478515625,0.8882654905319214
174,5.8,1,car,870.7332763671875,115.29104614257812,927.665771484375,162.71990966796875,0.6721744537353516
174,5.8,5,car,173.3950653076172,244.68199157714844,835.4624633789062,512.7440795898438,0.9536712765693665
174,5.8,100,person,1069.136474609375,267.9310302734375,1169.1905517578125,471.1329345703125,0.8904126882553101
175,5.833333333333333,1,car,870.65869140625,114.73995971679688,927.7598266601562,162.88734436035156,0.6964074373245239
175,5.833333333333333,5,car,173.2936248779297,244.5455322265625,835.3124389648438,512.7391357421875,0.953776478767395
175,5.833333333333333,89,car,996.1046142578125,123.0379409790039,1023.6852416992188,141.08836364746094,0.28212442994117737
175,5.833333333333333,100,person,1068.861328125,268.43292236328125,1169.9451904296875,470.732421875,0.8905511498451233
176,5.866666666666666,1,car,870.7261962890625,114.48783111572266,927.9035034179688,163.05799865722656,0.690722644329071
176,5.866666666666666,5,car,173.2517547607422,244.3629608154297,835.512939453125,512.804931640625,0.9521976709365845
176,5.866666666666666,89,car,996.1795654296875,122.59314727783203,1024.072265625,140.9939727783203,0.2816963195800781
176,5.866666666666666,100,person,1071.80908203125,271.383544921875,1170.06787109375,470.5335388183594,0.8675506114959717
177,5.9,1,car,870.7055053710938,114.13044738769531,927.9524536132812,163.6975860595703,0.706171452999115
177,5.9,5,car,173.26100158691406,244.28549194335938,835.7942504882812,512.740234375,0.9527806043624878
177,5.9,89,car,996.281982421875,122.70706939697266,1024.1058349609375,141.01148986816406,0.3188247084617615
177,5.9,100,person,1072.1331787109375,272.48150634765625,1170.1871337890625,470.01007080078125,0.8693515658378601
178,5.933333333333334,1,car,870.7650756835938,114.34122467041016,928.029296875,164.130615234375,0.7200908660888672
178,5.933333333333334,5,car,173.2479705810547,244.20504760742188,836.0240478515625,512.7528076171875,0.9505789279937744
178,5.933333333333334,89,car,996.5562133789062,122.80033111572266,1024.2103271484375,141.2156524658203,0.32254859805107117
178,5.933333333333334,100,person,1073.50634765625,274.7216491699219,1170.3380126953125,470.84588623046875,0.8392266035079956
179,5.966666666666667,1,car,870.7327270507812,114.30209350585938,928.0098876953125,164.5797576904297,0.7246988415718079
179,5.966666666666667,5,car,173.2683868408203,244.20419311523438,836.217041015625,512.6948852539062,0.9513209462165833
179,5.966666666666667,89,car,996.5125732421875,122.83741760253906,1024.0938720703125,141.3812713623047,0.3232614994049072
179,5.966666666666667,100,person,1073.9595947265625,275.8038024902344,1170.209716796875,471.0056457519531,0.8384697437286377
180,6.0,1,car,870.763671875,114.17144775390625,928.02783203125,164.78244018554688,0.7307112812995911
180,6.0,5,car,173.1799774169922,244.2455596923828,836.0379638671875,512.7808837890625,0.949582040309906
180,6.0,89,car,996.4216918945312,123.02294158935547,1024.0267333984375,141.5830535888672,0.33620184659957886
180,6.0,100,person,1086.058349609375,276.5120544433594,1169.9736328125,471.4368896484375,0.8264069557189941
181,6.033333333333333,1,car,870.738037109375,114.0842056274414,928.0015869140625,164.79896545410156,0.7277005910873413
181,6.033333333333333,5,car,173.0716094970703,244.260498046875,836.0230102539062,512.7559204101562,0.9489343166351318
181,6.033333333333333,89,car,996.2701416015625,123.08556365966797,1023.9373168945312,141.64259338378906,0.3320896327495575
181,6.033333333333333,100,person,1090.7276611328125,276.85540771484375,1169.5467529296875,471.5220642089844,0.8401808142662048
182,6.066666666666666,1,car,870.789794921875,114.29316711425781,928.0341186523438,164.81637573242188,0.7306743860244751
182,6.066666666666666,5,car,172.9991912841797,244.25331115722656,835.8275146484375,512.7628784179688,0.9484702944755554
182,6.066666666666666,89,car,996.2945556640625,123.17236328125,1023.918701171875,141.69215393066406,0.330703467130661
182,6.066666666666666,100,person,1107.639404296875,276.8117980957031,1169.3551025390625,471.98919677734375,0.7968857288360596
183,6.1,1,car,870.773193359375,114.4551010131836,927.985595703125,164.7785186767578,0.7293769717216492
183,6.1,5,car,172.97276306152344,244.24636840820312,835.5899658203125,512.7044067382812,0.9484289288520813
183,6.1,89,car,996.3037109375,123.14331817626953,1023.8413696289062,141.64840698242188,0.32732248306274414
183,6.1,100,person,1113.1082763671875,276.64483642578125,1168.9241943359375,471.8721008300781,0.7833894491195679
184,6.133333333333334,1,car,870.7538452148438,114.29170227050781,927.9755859375,165.02383422851562,0.725469172000885
184,6.133333333333334,5,car,173.01873779296875,244.24021911621094,835.77587890625,512.6765747070312,0.9482226371765137
184,6.133333333333334,89,car,996.149658203125,123.2678451538086,1023.7871704101562,141.64651489257812,0.3147261142730713
184,6.133333333333334,100,person,1110.59619140625,275.2558898925781,1168.12353515625,472.2783203125,0.7719544768333435
185,6.166666666666667,1,car,870.7594604492188,114.23309326171875,927.9758911132812,165.1201171875,0.7249338030815125
185,6.166666666666667,5,car,173.010498046875,244.2139892578125,835.77294921875,512.6175537109375,0.9481629133224487
185,6.166666666666667,89,car,996.0792236328125,123.42483520507812,1023.599365234375,141.66490173339844,0.26241016387939453
185,6.166666666666667,100,person,1113.044677734375,275.01031494140625,1167.7777099609375,472.563720703125,0.7648082375526428
185,6.166666666666667,101,car,836.7298583984375,348.4341125488281,1129.26416015625,467.6001892089844,0.44310083985328674
186,6.2,1,car,870.7772827148438,114.28518676757812,927.9849853515625,165.29322814941406,0.7293259501457214
186,6.2,5,car,173.0143585205078,244.2401123046875,835.9011840820312,512.5909423828125,0.9477061629295349
186,6.2,100,person,1111.138427734375,274.5686340332031,1165.52490234375,472.7298889160156,0.6444076895713806
186,6.2,101,car,836.167236328125,352.22442626953125,1130.4710693359375,466.9330749511719,0.2620411813259125
187,6.233333333333333,1,car,870.7752685546875,114.25798797607422,927.9766235351562,165.36495971679688,0.7322055697441101
187,6.233333333333333,5,car,173.02505493164062,244.2576141357422,836.0110473632812,512.5925903320312,0.9476394057273865
187,6.233333333333333,100,person,1107.3355712890625,274.41748046875,1164.759033203125,472.61474609375,0.7067115306854248
188,6.266666666666667,1,car,870.7611694335938,114.52666473388672,927.9461669921875,165.5891571044922,0.7325608134269714
188,6.266666666666667,5,car,173.00051879882812,244.20509338378906,835.95947265625,512.523193359375,0.9482166171073914
188,6.266666666666667,100,person,1111.427001953125,274.3505859375,1162.8204345703125,472.7820129394531,0.5730697512626648
188,6.266666666666667,101,car,835.60205078125,352.17718505859375,1132.822021484375,467.8516540527344,0.3122345209121704
189,6.3,1,car,870.8030395507812,114.53612518310547,927.9730224609375,165.7073974609375,0.7345365285873413
189,6.3,5,car,172.97586059570312,244.19027709960938,836.1365356445312,512.5296630859375,0.9480446577072144
189,6.3,100,person,1113.038818359375,274.28594970703125,1162.1845703125,472.8627624511719,0.577317476272583
189,6.3,101,car,836.0941162109375,351.75482177734375,1133.161376953125,467.6357116699219,0.5550675988197327
190,6.333333333333333,1,car,870.7907104492188,114.50825500488281,927.9400024414062,165.7300262451172,0.7257391214370728
190,6.333333333333333,5,car,172.79786682128906,244.1515655517578,836.7444458007812,512.4617919921875,0.9470717906951904
190,6.333333333333333,89,car,996.1159057617188,123.61116790771484,1023.005126953125,141.67623901367188,0.2582544684410095
190,6.333333333333333,100,person,1113.4921875,274.46099853515625,1157.651123046875,470.9589538574219,0.43599534034729004
191,6.366666666666666,1,car,870.83251953125,114.6969985961914,927.9765014648438,165.73219299316406,0.7286614775657654
191,6.366666666666666,5,car,172.69818115234375,244.13197326660156,837.0477905273438,512.44970703125,0.9467668533325195
191,6.366666666666666,89,car,996.1318359375,123.62316131591797,1023.0323486328125,141.65415954589844,0.29573267698287964
191,6.366666666666666,100,person,1113.8919677734375,274.5157470703125,1156.19775390625,470.1134338378906,0.38639992475509644
192,6.4,1,car,870.7669677734375,114.46725463867188,927.9026489257812,165.7646942138672,0.7273722887039185
192,6.4,5,car,172.81349182128906,244.22872924804688,837.7325439453125,512.4617309570312,0.9469593167304993
192,6.4,89,car,995.969482421875,123.67192840576172,1022.8863525390625,141.63226318359375,0.3166075348854065
192,6.4,100,person,1095.832275390625,273.7901306152344,1155.4757080078125,465.62615966796875,0.555159330368042
193,6.433333333333334,1,car,870.7874755859375,114.66805267333984,927.9814453125,165.76800537109375,0.732454240322113
193,6.433333333333334,5,car,172.8434600830078,244.25650024414062,838.1920166015625,512.5385131835938,0.9472664594650269
193,6.433333333333334,89,car,996.0801391601562,123.7240982055664,1023.0048828125,141.66680908203125,0.3269808292388916
193,6.433333333333334,100,person,1090.3206787109375,273.552734375,1155.6199951171875,464.16986083984375,0.5496454238891602
194,6.466666666666667,1,car,870.6873168945312,114.78130340576172,927.9065551757812,165.64694213867188,0.7334961295127869
194,6.466666666666667,5,car,172.83554077148438,244.24916076660156,838.2811279296875,512.5052490234375,0.9471821784973145
194,6.466666666666667,89,car,996.0703735351562,123.67596435546875,1023.0501098632812,141.63174438476562,0.35285449028015137
194,6.466666666666667,100,person,1084.1251220703125,272.1094970703125,1148.9276123046875,458.9100646972656,0.5599278211593628
194,6.466666666666667,101,car,836.7903442382812,344.7207946777344,1130.8289794921875,471.3028564453125,0.40534263849258423
195,6.5,1,car,870.7555541992188,114.90821075439453,927.9884643554688,165.67721557617188,0.7327080368995667
195,6.5,5,car,172.8366241455078,244.23118591308594,838.3278198242188,512.6189575195312,0.9473340511322021
195,6.5,89,car,996.223876953125,123.72453308105469,1023.350341796875,141.72671508789062,0.37316662073135376
195,6.5,100,person,1081.90673828125,271.7756652832031,1146.4053955078125,458.0975646972656,0.4726257622241974
195,6.5,101,car,836.5833740234375,343.89031982421875,1130.976806640625,471.7660827636719,0.3615191578865051
196,6.533333333333333,1,car,870.6102905273438,115.14076232910156,928.0123901367188,165.50196838378906,0.7282596826553345
196,6.533333333333333,5,car,172.8776397705078,244.26344299316406,839.182861328125,512.6376953125,0.9465685486793518
196,6.533333333333333,89,car,996.2870483398438,123.6974105834961,1023.6687622070312,141.7637481689453,0.414072722196579
197,6.566666666666666,1,car,870.586181640625,115.26802825927734,928.0579223632812,165.44781494140625,0.7324069142341614
197,6.566666666666666,5,car,172.9332733154297,244.2548370361328,839.6017456054688,512.7103881835938,0.9466747641563416
197,6.566666666666666,89,car,996.3257446289062,123.78103637695312,1023.8978881835938,141.7822723388672,0.4313226640224457
198,6.6,1,car,870.5388793945312,115.25055694580078,928.0175170898438,165.44186401367188,0.7360140085220337
198,6.6,5,car,172.8856658935547,244.2499542236328,840.57861328125,512.7096557617188,0.946045458316803
198,6.6,89,car,996.3125,123.79722595214844,1023.9390258789062,141.7807159423828,0.40376943349838257
199,6.633333333333334,1,car,870.5286254882812,115.27622985839844,928.040771484375,165.43109130859375,0.7426182627677917
199,6.633333333333334,5,car,172.92481994628906,244.25917053222656,840.12646484375,512.7570190429688,0.9474565386772156
199,6.633333333333334,89,car,996.349609375,123.79849243164062,1024.015380859375,141.80442810058594,0.41136130690574646
200,6.666666666666667,1,car,870.6089477539062,115.25688934326172,928.0414428710938,165.3658447265625,0.7363190650939941
200,6.666666666666667,5,car,173.042236328125,244.24407958984375,839.929931640625,512.8080444335938,0.9469032287597656
200,6.666666666666667,89,car,996.4281005859375,123.7906494140625,1024.04541015625,141.77415466308594,0.4072449803352356
201,6.7,1,car,870.6082153320312,115.2088623046875,928.0426635742188,165.3666229248047,0.7386765480041504
201,6.7,5,car,173.10980224609375,244.2349090576172,839.5518188476562,512.84228515625,0.9475564360618591
201,6.7,89,car,996.529052734375,123.79005432128906,1024.029052734375,141.75364685058594,0.4004482328891754
202,6.733333333333333,1,car,870.5465698242188,115.27385711669922,928.0142211914062,165.463623046875,0.7364513874053955
202,6.733333333333333,5,car,173.1220703125,244.30238342285156,839.388671875,512.834716796875,0.9474575519561768
202,6.733333333333333,89,car,996.4959716796875,123.75518798828125,1023.9912719726562,141.73353576660156,0.3851158022880554
203,6.766666666666667,1,car,870.5223999023438,115.30561828613281,928.0179443359375,165.499755859375,0.7383973002433777
203,6.766666666666667,5,car,173.1062774658203,244.32894897460938,839.4041137695312,512.81689453125,0.9475145936012268
203,6.766666666666667,89,car,996.5131225585938,123.72383880615234,1023.9689331054688,141.7156982421875,0.38621416687965393
204,6.8,1,car,870.5292358398438,115.41028594970703,928.0012817382812,165.4517822265625,0.7411364912986755
204,6.8,5,car,173.16085815429688,244.27032470703125,839.5204467773438,512.8821411132812,0.9472676515579224
204,6.8,89,car,996.5167846679688,123.73943328857422,1023.8956909179688,141.68927001953125,0.3858208954334259
205,6.833333333333333,1,car,870.5401611328125,115.40730285644531,927.989013671875,165.37698364257812,0.7379506230354309
205,6.833333333333333,5,car,173.17921447753906,244.26585388183594,839.8330078125,512.9176025390625,0.9466624855995178
205,6.833333333333333,89,car,996.8052978515625,123.7441177368164,1023.8799438476562,141.71018981933594,0.37537312507629395
206,6.866666666666666,1,car,870.5321655273438,115.38838195800781,927.9738159179688,165.32723999023438,0.7398600578308105
206,6.866666666666666,5,car,173.056640625,244.28114318847656,839.8280029296875,512.8919067382812,0.9489747285842896
206,6.866666666666666,89,car,997.2053833007812,123.7110595703125,1023.927978515625,141.8017578125,0.37962159514427185
207,6.9,1,car,870.5503540039062,115.27086639404297,927.9599609375,165.34339904785156,0.7341024875640869
207,6.9,5,car,173.07144165039062,244.29165649414062,839.8618774414062,512.8963623046875,0.9492997527122498
207,6.9,89,car,997.81591796875,123.70857238769531,1024.0015869140625,141.89935302734375,0.365088552236557
208,6.933333333333334,1,car,870.5068969726562,115.47261810302734,927.9055786132812,165.538818359375,0.7362599968910217
208,6.933333333333334,5,car,173.1141815185547,244.35667419433594,839.887939453125,512.8803100585938,0.9493889212608337
208,6.933333333333334,89,car,998.3101806640625,123.6778793334961,1023.9689331054688,141.93771362304688,0.3801944851875305
209,6.966666666666667,1,car,870.5497436523438,115.55632019042969,927.95068359375,165.48988342285156,0.7351272106170654
209,6.966666666666667,5,car,173.15609741210938,244.46694946289062,839.8444213867188,512.8935546875,0.9498133659362793
209,6.966666666666667,89,car,998.6204223632812,123.57524871826172,1024.1165771484375,141.87814331054688,0.3002353012561798
210,7.0,1,car,870.5020751953125,115.55097961425781,927.8908081054688,165.62217712402344,0.7329606413841248
210,7.0,5,car,173.14749145507812,244.45321655273438,839.57568359375,512.8837280273438,0.9490118622779846
210,7.0,89,car,998.610107421875,123.55223846435547,1024.0645751953125,141.80221557617188,0.28891634941101074
211,7.033333333333333,1,car,870.5623779296875,115.4906997680664,927.9581298828125,165.80921936035156,0.7318631410598755
211,7.033333333333333,5,car,173.1181640625,244.46560668945312,839.5924072265625,512.8927001953125,0.9488585591316223
211,7.033333333333333,89,car,998.8426513671875,123.52471160888672,1024.1112060546875,141.7333221435547,0.272540420293808
212,7.066666666666666,1,car,870.5156860351562,115.64492797851562,927.9136352539062,165.27862548828125,0.742421567440033
212,7.066666666666666,5,car,173.14308166503906,244.43936157226562,839.6393432617188,512.9622802734375,0.9480417370796204
212,7.066666666666666,89,car,998.8716430664062,123.56539916992188,1024.0947265625,141.69650268554688,0.26682454347610474
213,7.1,1,car,870.5523681640625,115.61079406738281,927.9589233398438,165.0405731201172,0.7396893501281738
213,7.1,5,car,173.17535400390625,244.4113006591797,839.7896118164062,512.9805908203125,0.9477265477180481
213,7.1,89,car,999.02392578125,123.52152252197266,1024.1126708984375,141.55206298828125,0.2553170919418335
214,7.133333333333334,1,car,870.53173828125,115.61930084228516,927.93212890625,164.9785919189453,0.7372874021530151
214,7.133333333333334,5,car,173.1846160888672,244.37384033203125,839.7398071289062,512.973388671875,0.9475193023681641
214,7.133333333333334,89,car,999.0264892578125,123.547119140625,1024.0771484375,141.5351104736328,0.2554478645324707
215,7.166666666666667,1,car,870.5593872070312,115.59080505371094,927.9541015625,164.9456329345703,0.7362366318702698
215,7.166666666666667,5,car,173.19309997558594,244.35643005371094,839.7283935546875,512.9744262695312,0.9474751949310303
216,7.2,1,car,870.5364379882812,115.67648315429688,927.9306640625,165.04776000976562,0.7387847304344177
216,7.2,5,car,173.17738342285156,244.3956756591797,839.7567749023438,512.9781494140625,0.9469136595726013
217,7.233333333333333,1,car,870.5615844726562,115.71031188964844,927.9522094726562,164.94789123535156,0.7410719394683838
217,7.233333333333333,5,car,173.16668701171875,244.4047088623047,839.8143310546875,512.9481201171875,0.9476228952407837
218,7.266666666666667,1,car,870.5501708984375,115.65351867675781,927.9373779296875,164.91172790527344,0.739964485168457
218,7.266666666666667,5,car,173.12208557128906,244.40476989746094,839.788330078125,512.95458984375,0.9481063485145569
219,7.3,1,car,870.5694580078125,115.58560943603516,927.9442138671875,164.86004638671875,0.7399272322654724
219,7.3,5,car,173.10569763183594,244.41067504882812,839.7709350585938,512.98876953125,0.9485927820205688
220,7.333333333333333,1,car,870.55322265625,115.38040924072266,927.9215698242188,164.80235290527344,0.7422478795051575
220,7.333333333333333,5,car,173.11903381347656,244.49021911621094,839.7391967773438,513.0247802734375,0.9512087106704712
221,7.366666666666666,1,car,870.5759887695312,115.27747344970703,927.9395141601562,164.78485107421875,0.7432485818862915
221,7.366666666666666,5,car,173.16079711914062,244.5147247314453,839.7660522460938,513.0264892578125,0.9509105086326599
222,7.4,1,car,870.578369140625,115.26537322998047,927.9435424804688,164.79953002929688,0.7461954355239868
222,7.4,5,car,173.13360595703125,244.5192413330078,839.697509765625,512.985595703125,0.9504092931747437
223,7.433333333333334,1,car,870.6402587890625,115.00372314453125,927.9881591796875,164.83287048339844,0.7484523057937622
223,7.433333333333334,5,car,173.14688110351562,244.5157470703125,839.6930541992188,512.9601440429688,0.9505987167358398
224,7.466666666666667,1,car,870.6306762695312,114.96924591064453,927.9877319335938,164.8426513671875,0.7579767107963562
224,7.466666666666667,5,car,173.14674377441406,244.5242462158203,839.6239624023438,512.9650268554688,0.950367271900177
225,7.5,1,car,870.7018432617188,114.95623779296875,927.9968872070312,164.83522033691406,0.7574987411499023
225,7.5,5,car,173.15101623535156,244.51382446289062,839.5484008789062,512.9541625976562,0.9505134224891663
225,7.5,109,person,919.597900390625,288.2225341796875,1060.2216796875,500.7010803222656,0.43503960967063904
226,7.533333333333333,1,car,870.7255249023438,114.94807434082031,927.9612426757812,164.84991455078125,0.7552980780601501
226,7.533333333333333,5,car,173.13064575195312,244.51148986816406,839.42236328125,512.9510498046875,0.9514135718345642
226,7.533333333333333,109,person,926.3258666992188,278.1412048339844,1058.2088623046875,500.42431640625,0.5526262521743774
227,7.566666666666666,1,car,870.8231811523438,114.90493774414062,927.9801025390625,164.87960815429688,0.7509109377861023
227,7.566666666666666,5,car,173.1300506591797,244.52044677734375,839.4276123046875,512.947021484375,0.951353907585144
227,7.566666666666666,109,person,928.8374633789062,275.7705078125,1057.67041015625,500.22052001953125,0.5887418985366821
228,7.6,1,car,870.9141845703125,114.94852447509766,927.9403686523438,164.9744110107422,0.7485299706459045
228,7.6,5,car,173.1715545654297,244.56341552734375,839.3818359375,512.9672241210938,0.9528986811637878
228,7.6,109,person,926.7600708007812,278.07440185546875,1059.2391357421875,500.4914245605469,0.6214130520820618
229,7.633333333333334,1,car,870.9364624023438,115.05142974853516,927.9715576171875,164.95431518554688,0.7434961199760437
229,7.633333333333334,5,car,173.21249389648438,244.5760040283203,839.454833984375,512.939697265625,0.9528241753578186
229,7.633333333333334,109,person,925.990478515625,280.1183776855469,1060.095947265625,500.5055847167969,0.6272198557853699
230,7.666666666666667,1,car,870.8875732421875,114.96831512451172,927.938720703125,165.02359008789062,0.7368687987327576
230,7.666666666666667,5,car,173.2128143310547,244.603759765625,839.3599243164062,512.929443359375,0.9520973563194275
231,7.7,1,car,870.8838500976562,114.8575439453125,927.9635620117188,165.0086669921875,0.7354283332824707
231,7.7,5,car,173.2178192138672,244.619140625,839.3604125976562,512.9225463867188,0.9518113136291504
231,7.7,110,person,889.44775390625,283.28131103515625,1037.4696044921875,429.75115966796875,0.3859776258468628
232,7.733333333333333,1,car,870.82275390625,114.87370300292969,927.9368896484375,164.98451232910156,0.7346287369728088
232,7.733333333333333,5,car,173.20216369628906,244.63462829589844,839.3168334960938,512.9545288085938,0.9523019790649414
232,7.733333333333333,110,person,880.9105224609375,289.2906799316406,1031.1522216796875,428.7247009277344,0.4927666485309601
233,7.766666666666667,1,car,870.8231201171875,114.82942962646484,927.960693359375,164.9740753173828,0.7355640530586243
233,7.766666666666667,5,car,173.20765686035156,244.63026428222656,839.3621826171875,512.9576416015625,0.9523550271987915
233,7.766666666666667,110,person,878.205322265625,291.2018737792969,1030.2237548828125,428.5627746582031,0.5042974948883057
234,7.8,1,car,870.7908325195312,114.83926391601562,927.9326782226562,164.95252990722656,0.7353960275650024
234,7.8,5,car,173.1609649658203,244.5899200439453,839.2906494140625,512.93896484375,0.9504397511482239
234,7.8,109,person,875.3167724609375,294.41571044921875,1061.3115234375,498.9588623046875,0.3925827741622925
234,7.8,110,person,872.5283203125,294.8454895019531,1037.5501708984375,430.05206298828125,0.2738243043422699
235,7.833333333333333,1,car,870.810546875,114.82943725585938,927.9603881835938,164.91958618164062,0.735602617263794
235,7.833333333333333,5,car,173.15478515625,244.57012939453125,839.2645263671875,512.9423217773438,0.9504135847091675
235,7.833333333333333,109,person,870.7696533203125,295.46905517578125,1061.19873046875,498.8100891113281,0.39750468730926514
236,7.866666666666666,1,car,870.774658203125,114.84310913085938,927.9287719726562,164.9362335205078,0.7392678260803223
236,7.866666666666666,5,car,173.17710876464844,244.5847625732422,839.28271484375,512.9658203125,0.9495986104011536
236,7.866666666666666,109,person,854.7681274414062,297.03961181640625,1061.8001708984375,497.4683837890625,0.4941261112689972
237,7.9,1,car,870.8804321289062,114.6952133178711,927.9290161132812,165.0294952392578,0.7448951601982117
237,7.9,5,car,173.2686309814453,244.61106872558594,839.22705078125,512.9905395507812,0.9506317973136902
237,7.9,109,person,848.9663696289062,297.8766784667969,1059.87451171875,496.8580017089844,0.47293397784233093
238,7.933333333333334,1,car,870.8786010742188,114.80750274658203,927.8588256835938,164.51046752929688,0.7607545852661133
238,7.933333333333334,5,car,173.29005432128906,244.65386962890625,839.0285034179688,512.9679565429688,0.9513854384422302
238,7.933333333333334,109,person,845.5578002929688,301.296142578125,1048.3634033203125,490.64422607421875,0.4036211371421814
239,7.966666666666667,1,car,870.9290771484375,114.92835235595703,927.8265380859375,163.9018096923828,0.7620148658752441
239,7.966666666666667,5,car,173.31105041503906,244.69068908691406,838.918212890625,512.9694213867188,0.9510687589645386
239,7.966666666666667,89,car,1000.1737060546875,123.28549194335938,1024.2698974609375,141.20462036132812,0.26591062545776367
239,7.966666666666667,109,person,844.1282348632812,303.02496337890625,1044.1209716796875,488.8238830566406,0.4615831971168518
240,8.0,1,car,870.9387817382812,114.95834350585938,927.7223510742188,163.42654418945312,0.7318787574768066
240,8.0,5,car,173.11337280273438,244.70574951171875,838.0608520507812,512.8781127929688,0.9514670372009277
240,8.0,109,person,836.9237670898438,308.96087646484375,1051.2880859375,492.1976013183594,0.3208867013454437
241,8.033333333333333,1,car,871.0305786132812,114.88201141357422,927.68701171875,163.18197631835938,0.7323225140571594
241,8.033333333333333,5,car,173.11074829101562,244.77133178710938,837.6956176757812,512.8447265625,0.9525951147079468
241,8.033333333333333,109,person,836.186279296875,311.3750915527344,1046.3525390625,491.5062255859375,0.5508037805557251
241,8.033333333333333,117,car,1243.4329833984375,152.4671630859375,1279.6473388671875,214.1932373046875,0.34051012992858887
242,8.066666666666666,1,car,871.0068969726562,114.84456634521484,927.6226806640625,163.00442504882812,0.7363014817237854
242,8.066666666666666,5,car,172.96044921875,244.73507690429688,836.5051879882812,512.7828979492188,0.9509108066558838
242,8.066666666666666,117,car,1243.437255859375,152.55050659179688,1279.6082763671875,214.3491973876953,0.3241341710090637
243,8.1,1,car,871.040283203125,114.79053497314453,927.6420288085938,162.97254943847656,0.734642505645752
243,8.1,5,car,172.90980529785156,244.71969604492188,836.069580078125,512.7758178710938,0.9508393406867981
243,8.1,117,car,1243.492919921875,152.5392608642578,1279.6529541015625,214.70799255371094,0.330321729183197
244,8.133333333333333,1,car,870.694580078125,114.82746887207031,927.6060791015625,162.89756774902344,0.7513962388038635
244,8.133333333333333,5,car,172.9211883544922,244.77642822265625,836.3255615234375,512.6923828125,0.952406108379364
244,8.133333333333333,117,car,1243.536376953125,152.53607177734375,1279.6173095703125,214.88536071777344,0.32284343242645264
245,8.166666666666666,1,car,870.6557006835938,114.81979370117188,927.6450805664062,162.8495330810547,0.7384554743766785
245,8.166666666666666,5,car,173.11962890625,244.7986602783203,837.2528076171875,512.708984375,0.9523410201072693
245,8.166666666666666,117,car,1243.601806640625,152.56036376953125,1279.66259765625,214.938232421875,0.314177006483078
246,8.2,1,car,870.4906616210938,114.87460327148438,927.6118774414062,162.79588317871094,0.7479243278503418
246,8.2,5,car,173.1873321533203,244.76437377929688,837.3198852539062,512.7186889648438,0.9514920711517334
246,8.2,117,car,1243.566650390625,152.5977783203125,1279.6099853515625,215.01437377929688,0.32143399119377136
247,8.233333333333333,1,car,870.4953002929688,114.87196350097656,927.6508178710938,162.76231384277344,0.7504679560661316
247,8.233333333333333,5,car,173.2165985107422,244.75082397460938,837.4889526367188,512.7232055664062,0.951653242111206
247,8.233333333333333,109,person,830.66259765625,316.93267822265625,1047.69921875,493.9193420410156,0.34660300612449646
247,8.233333333333333,117,car,1243.6453857421875,152.5762176513672,1279.6629638671875,214.9897918701172,0.32237595319747925
248,8.266666666666667,1,car,870.4857177734375,114.85570526123047,927.6380004882812,162.76332092285156,0.7452758550643921
248,8.266666666666667,5,car,173.1579132080078,244.73989868164062,837.7290649414062,512.6956787109375,0.9498535394668579
248,8.266666666666667,117,car,1243.6241455078125,152.5625762939453,1279.6402587890625,214.9987335205078,0.31616756319999695
249,8.3,1,car,870.5126342773438,114.84790802001953,927.6643676757812,162.77099609375,0.7450816035270691
249,8.3,5,car,173.13511657714844,244.7352752685547,837.84619140625,512.698974609375,0.94989413022995
249,8.3,117,car,1243.6566162109375,152.55926513671875,1279.6744384765625,215.00254821777344,0.31624677777290344
250,8.333333333333334,1,car,870.7652587890625,115.22853088378906,928.0718994140625,163.96128845214844,0.6392717957496643
250,8.333333333333334,5,car,172.89407348632812,244.60597229003906,837.8349609375,512.786376953125,0.9488513469696045
251,8.366666666666667,1,car,870.8565063476562,115.31573486328125,928.2559204101562,164.495361328125,0.6325928568840027
251,8.366666666666667,5,car,172.81263732910156,244.55148315429688,837.9838256835938,512.8335571289062,0.9485568404197693
252,8.4,1,car,870.8896484375,115.30357360839844,928.3427124023438,164.74476623535156,0.6258715391159058
252,8.4,5,car,172.80194091796875,244.53160095214844,837.8694458007812,512.84521484375,0.9490456581115723
252,8.4,119,car,796.295166015625,93.70452880859375,852.71240234375,158.4401092529297,0.3133951425552368
253,8.433333333333334,1,car,870.9246215820312,115.26747131347656,928.3880615234375,164.8953857421875,0.6257309317588806
253,8.433333333333334,5,car,172.77670288085938,244.52517700195312,837.9205932617188,512.861328125,0.9489256143569946
253,8.433333333333334,119,car,796.3524169921875,93.97058868408203,852.7454833984375,158.63026428222656,0.3355480134487152
254,8.466666666666667,1,car,870.966552734375,115.28410339355469,928.38232421875,164.95729064941406,0.634070098400116
254,8.466666666666667,5,car,172.73065185546875,244.53768920898438,838.37646484375,512.8263549804688,0.9472423791885376
254,8.466666666666667,119,car,796.6211547851562,94.60784912109375,852.7822875976562,158.87831115722656,0.3404781222343445
255,8.5,1,car,870.9661865234375,115.14449310302734,928.4412231445312,164.75979614257812,0.6182867288589478
255,8.5,5,car,172.72137451171875,244.54774475097656,838.2664184570312,512.823486328125,0.9479331970214844
255,8.5,119,car,796.706298828125,94.48983001708984,852.7154541015625,158.849365234375,0.34989190101623535
256,8.533333333333333,1,car,870.9483642578125,115.09563446044922,928.4481811523438,164.93019104003906,0.6433510780334473
256,8.533333333333333,5,car,172.74432373046875,244.56336975097656,838.1498413085938,512.8386840820312,0.9488124251365662
256,8.533333333333333,119,car,796.5238037109375,94.84403991699219,852.6824951171875,158.5210723876953,0.3491862118244171
257,8.566666666666666,1,car,870.9376831054688,115.0807876586914,928.4017333984375,165.06211853027344,0.6636523604393005
257,8.566666666666666,5,car,172.71621704101562,244.5628662109375,838.1714477539062,512.8208618164062,0.948125422000885
257,8.566666666666666,119,car,796.9501953125,95.08535766601562,852.660888671875,158.7252197265625,0.36345723271369934
258,8.6,1,car,870.9512329101562,115.1043930053711,928.3805541992188,164.90225219726562,0.6625994443893433
258,8.6,5,car,172.62339782714844,244.56210327148438,838.4185791015625,512.7719116210938,0.9475720524787903
258,8.6,119,car,796.646484375,95.44145202636719,852.6929321289062,158.8378448486328,0.3466649353504181
259,8.633333333333333,1,car,870.8096923828125,115.08262634277344,928.2504272460938,164.9347686767578,0.6833615899085999
259,8.633333333333333,5,car,172.58984375,244.58917236328125,838.544189453125,512.7378540039062,0.9484442472457886
259,8.633333333333333,119,car,796.2855834960938,95.10621643066406,852.718017578125,158.707763671875,0.3207331895828247
260,8.666666666666666,1,car,870.7291259765625,115.03414154052734,928.2157592773438,164.82777404785156,0.6820744872093201
260,8.666666666666666,5,car,172.5408935546875,244.58677673339844,838.1220092773438,512.71728515625,0.9480480551719666
260,8.666666666666666,119,car,795.8167724609375,95.09915161132812,852.7579956054688,158.5852813720703,0.32617878913879395
261,8.7,1,car,870.5137939453125,115.0752944946289,928.1024169921875,164.7381591796875,0.6831466555595398
261,8.7,5,car,172.48997497558594,244.58645629882812,838.2188110351562,512.6766357421875,0.9478643536567688
261,8.7,119,car,795.7496337890625,95.49246978759766,852.7391967773438,158.50941467285156,0.3037446141242981
262,8.733333333333333,1,car,870.3175048828125,115.06623077392578,928.00830078125,164.81614685058594,0.6874076724052429
262,8.733333333333333,5,car,172.52674865722656,244.59043884277344,837.8157958984375,512.7032470703125,0.9491817355155945
262,8.733333333333333,119,car,794.2152709960938,97.39047241210938,852.7621459960938,158.5930633544922,0.2879560887813568
263,8.766666666666667,1,car,870.20947265625,115.11814880371094,927.9664306640625,164.5850372314453,0.6820283532142639
263,8.766666666666667,5,car,172.51455688476562,244.5357666015625,837.4561157226562,512.7316284179688,0.9484180808067322
264,8.8,1,car,870.1680297851562,115.05998229980469,927.9489135742188,164.4123077392578,0.6832729578018188
264,8.8,5,car,172.638427734375,244.57203674316406,837.1011962890625,512.7960205078125,0.9503421187400818
264,8.8,119,car,793.9395751953125,106.06396484375,852.7295532226562,158.34788513183594,0.32883214950561523
265,8.833333333333334,1,car,870.123291015625,115.03186798095703,927.9306030273438,164.20562744140625,0.6783047318458557
265,8.833333333333334,5,car,172.65542602539062,244.54922485351562,836.800048828125,512.806884765625,0.9500012397766113
265,8.833333333333334,119,car,794.0365600585938,108.3327865600586,852.6806640625,158.1832733154297,0.30408456921577454
266,8.866666666666667,1,car,870.0850830078125,115.05250549316406,927.9320678710938,164.0751190185547,0.6857201457023621
266,8.866666666666667,5,car,172.80067443847656,244.5305633544922,837.5791625976562,512.9334106445312,0.9506281614303589
266,8.866666666666667,119,car,793.4334106445312,108.73653411865234,852.71240234375,157.25831604003906,0.25909459590911865
267,8.9,1,car,870.0880737304688,114.97877502441406,927.9055786132812,163.43048095703125,0.6710700392723083
267,8.9,5,car,172.8589630126953,244.52137756347656,837.8118286132812,512.975341796875,0.9510239958763123
267,8.9,119,car,793.5668334960938,108.82586669921875,852.6705322265625,157.28616333007812,0.2680206596851349
268,8.933333333333334,1,car,870.259521484375,114.89584350585938,927.9195556640625,162.5792236328125,0.6724273562431335
268,8.933333333333334,5,car,172.89907836914062,244.51873779296875,837.8085327148438,513.01318359375,0.950988233089447
269,8.966666666666667,1,car,870.358642578125,114.67584228515625,927.8410034179688,161.68923950195312,0.670457124710083
269,8.966666666666667,5,car,172.8926239013672,244.51194763183594,837.7539672851562,513.0140380859375,0.9506819248199463
270,9.0,1,car,870.4774169921875,114.38532257080078,927.9487915039062,161.05458068847656,0.6473871469497681
270,9.0,5,car,172.88803100585938,244.52638244628906,837.6343994140625,513.0078735351562,0.9507656097412109
271,9.033333333333333,1,car,870.4487915039062,114.34405517578125,927.9191284179688,160.98895263671875,0.6591858267784119
271,9.033333333333333,5,car,172.8800048828125,244.51815795898438,837.5592651367188,512.9580688476562,0.9513254761695862
272,9.066666666666666,1,car,870.4423828125,114.28275299072266,927.9569091796875,161.01515197753906,0.6570770144462585
272,9.066666666666666,5,car,172.8965606689453,244.5224609375,837.6635131835938,512.9183959960938,0.9515824913978577
273,9.1,1,car,870.4072875976562,114.32819366455078,927.9642944335938,161.09959411621094,0.6554306745529175
273,9.1,5,car,172.90615844726562,244.51895141601562,837.669189453125,512.9071655273438,0.9522144198417664
274,9.133333333333333,1,car,870.4375610351562,114.34329223632812,928.0255737304688,161.16172790527344,0.6584099531173706
274,9.133333333333333,5,car,172.89646911621094,244.494873046875,837.6843872070312,512.9232788085938,0.9513059258460999
275,9.166666666666666,1,car,870.405029296875,114.42185974121094,928.0650634765625,161.22943115234375,0.6554105281829834
275,9.166666666666666,5,car,172.89871215820312,244.4784393310547,837.5918579101562,512.9404296875,0.951551079750061
276,9.2,1,car,870.4342041015625,114.44935607910156,928.1023559570312,161.20538330078125,0.6497780084609985
276,9.2,5,car,172.91683959960938,244.44979858398438,837.84130859375,512.8994750976562,0.9517025351524353
277,9.233333333333333,1,car,870.419189453125,114.61210632324219,928.03564453125,161.24302673339844,0.6520247459411621
277,9.233333333333333,5,car,172.94345092773438,244.42251586914062,837.895751953125,512.8883666992188,0.9518970251083374
278,9.266666666666667,1,car,870.374267578125,114.87957763671875,927.9971313476562,161.27415466308594,0.6444611549377441
278,9.266666666666667,5,car,172.9759063720703,244.4203643798828,837.906982421875,512.88232421875,0.9507303833961487
279,9.3,1,car,870.2986450195312,115.1424331665039,927.9041137695312,161.35784912109375,0.6548797488212585
279,9.3,5,car,173.0078887939453,244.42202758789062,837.9111328125,512.8805541992188,0.9512009620666504
280,9.333333333333334,1,car,870.315185546875,115.25447845458984,927.8798828125,161.352783203125,0.6764794588088989
280,9.333333333333334,5,car,173.00091552734375,244.4262237548828,837.8798217773438,512.8851318359375,0.9516777992248535
281,9.366666666666667,1,car,870.3557739257812,115.36172485351562,927.8677978515625,161.33969116210938,0.6807712912559509
281,9.366666666666667,5,car,173.0020751953125,244.41873168945312,837.8502197265625,512.880859375,0.951642632484436
282,9.4,1,car,870.4404296875,115.55052185058594,927.844970703125,161.31101989746094,0.6667195558547974
282,9.4,5,car,173.04367065429688,244.42013549804688,837.8368530273438,512.9102172851562,0.951854407787323
283,9.433333333333334,1,car,870.463134765625,115.58539581298828,927.8385009765625,161.17050170898438,0.6697610020637512
283,9.433333333333334,5,car,173.05853271484375,244.4133758544922,837.791015625,512.9288940429688,0.9516063332557678
284,9.466666666666667,1,car,870.5064697265625,115.63957977294922,927.896728515625,161.0603790283203,0.6779821515083313
284,9.466666666666667,5,car,173.06065368652344,244.40933227539062,837.8434448242188,512.9625244140625,0.9495726227760315
285,9.5,1,car,870.5010986328125,115.71113586425781,927.8944091796875,161.09933471679688,0.6823217868804932
285,9.5,5,car,173.0632781982422,244.40103149414062,837.818359375,512.9718627929688,0.949908971786499
286,9.533333333333333,1,car,870.5362548828125,115.71942138671875,927.8941040039062,161.226318359375,0.6883872151374817
286,9.533333333333333,5,car,173.13905334472656,244.396240234375,837.8587646484375,512.9992065429688,0.951357364654541
287,9.566666666666666,1,car,870.5348510742188,115.66400146484375,927.898193359375,161.32981872558594,0.6858747601509094
287,9.566666666666666,5,car,173.1363983154297,244.3990936279297,837.7816772460938,513.0117797851562,0.9510788917541504
288,9.6,1,car,870.53271484375,115.65489959716797,927.9174194335938,161.36024475097656,0.6872782707214355
288,9.6,5,car,173.13064575195312,244.41812133789062,837.7657470703125,513.0498657226562,0.9525208473205566
289,9.633333333333333,1,car,870.5463256835938,115.5448226928711,927.9226684570312,161.3683624267578,0.6862963438034058
289,9.633333333333333,5,car,173.12998962402344,244.42018127441406,837.6720581054688,513.0620727539062,0.9525927305221558
289,9.633333333333333,120,person,955.7113647460938,256.1675720214844,1021.2376098632812,366.89892578125,0.443754643201828
290,9.666666666666666,1,car,870.5757446289062,115.60511779785156,927.9340209960938,161.32388305664062,0.6926113367080688
290,9.666666666666666,5,car,173.1544189453125,244.42262268066406,837.5838623046875,513.0333251953125,0.9510866403579712
290,9.666666666666666,120,person,961.0047607421875,253.85693359375,1021.92236328125,363.46990966796875,0.36166852712631226
291,9.7,1,car,870.5885620117188,115.47296905517578,927.9439086914062,161.3247528076172,0.6799336075782776
291,9.7,5,car,173.15760803222656,244.42449951171875,837.5205688476562,513.01708984375,0.9511740207672119
291,9.7,120,person,962.6016845703125,252.85833740234375,1022.1879272460938,362.26947021484375,0.2805520296096802
292,9.733333333333333,1,car,870.5631713867188,115.23951721191406,927.9417724609375,161.1248321533203,0.6659929156303406
292,9.733333333333333,5,car,173.18321228027344,244.4773712158203,837.6130981445312,513.0191040039062,0.952338695526123
292,9.733333333333333,120,person,967.9021606445312,250.41676330566406,1024.950439453125,363.61993408203125,0.5320876240730286
293,9.766666666666667,1,car,870.5432739257812,115.09722900390625,927.935302734375,160.9789581298828,0.6616756916046143
293,9.766666666666667,5,car,173.19395446777344,244.48806762695312,837.6519165039062,513.0065307617188,0.9525752067565918
293,9.766666666666667,120,person,969.23876953125,249.5510711669922,1026.2769775390625,364.6380920410156,0.5761935114860535
293,9.766666666666667,121,person,961.9601440429688,283.2540588378906,1071.2586669921875,465.6339111328125,0.48473429679870605
294,9.8,1,car,870.5501708984375,115.01496124267578,928.06787109375,160.8734588623047,0.6694979071617126
294,9.8,5,car,173.2325897216797,244.46786499023438,837.7576293945312,512.9769897460938,0.953065812587738
294,9.8,121,person,960.4732055664062,256.86871337890625,1049.12060546875,443.9077453613281,0.5013177990913391
295,9.833333333333334,1,car,870.489013671875,115.11135864257812,928.1013793945312,160.9998321533203,0.6806342005729675
295,9.833333333333334,5,car,173.26785278320312,244.43992614746094,837.7429809570312,512.968505859375,0.9528675675392151
295,9.833333333333334,121,person,960.2071533203125,248.48001098632812,1041.701416015625,437.49749755859375,0.37084200978279114
296,9.866666666666667,1,car,870.5347900390625,115.2125015258789,928.1148071289062,161.1399383544922,0.6792628169059753
296,9.866666666666667,5,car,173.26039123535156,244.5174560546875,837.569580078125,512.9031982421875,0.9531718492507935
296,9.866666666666667,121,person,960.0875244140625,244.48605346679688,1039.6334228515625,435.900634765625,0.867055356502533
297,9.9,1,car,870.4926147460938,115.27801513671875,928.0795288085938,161.25665283203125,0.6742570400238037
297,9.9,5,car,173.2543182373047,244.55340576171875,837.4580078125,512.8818359375,0.9532833099365234
297,9.9,121,person,960.0701904296875,243.66073608398438,1038.959716796875,435.7944641113281,0.8627818822860718
297,9.9,122,person,984.7114868164062,276.6719665527344,1083.9814453125,464.0830078125,0.4618694484233856
298,9.933333333333334,1,car,870.5242919921875,115.21126556396484,928.028076171875,161.12786865234375,0.6422367691993713
298,9.933333333333334,5,car,173.2926788330078,244.53379821777344,837.4378051757812,512.9285278320312,0.9548145532608032
298,9.933333333333334,121,person,960.01318359375,243.06912231445312,1039.8406982421875,439.9604187011719,0.7939363121986389
298,9.933333333333334,122,person,998.3140869140625,274.5027770996094,1092.9185791015625,466.7049255371094,0.45521292090415955
299,9.966666666666667,1,car,870.462158203125,115.11359405517578,927.8589477539062,160.90420532226562,0.6102419495582581
299,9.966666666666667,5,car,173.33375549316406,244.500244140625,837.504638671875,512.97021484375,0.9542245268821716
299,9.966666666666667,121,person,959.9965209960938,242.83865356445312,1040.4710693359375,441.33868408203125,0.7759146690368652
299,9.966666666666667,122,person,1002.7330932617188,273.7983093261719,1096.1160888671875,467.4920654296875,0.502399206161499
300,10.0,1,car,870.53466796875,115.06949615478516,927.6492919921875,160.9045867919922,0.6514219045639038
300,10.0,5,car,173.2716827392578,244.50123596191406,837.308349609375,513.0369873046875,0.9536586999893188
300,10.0,121,person,959.7807006835938,242.7946319580078,1046.635498046875,447.33477783203125,0.8253141045570374
301,10.033333333333333,1,car,870.5798950195312,114.78882598876953,927.531494140625,160.99484252929688,0.6649073362350464
301,10.033333333333333,5,car,173.2442169189453,244.49008178710938,837.2115478515625,513.067138671875,0.9533265233039856
301,10.033333333333333,121,person,959.6787719726562,242.8916015625,1048.7884521484375,449.3015441894531,0.825953483581543
302,10.066666666666666,1,car,870.6110229492188,114.16210174560547,927.4057006835938,160.92677307128906,0.63860684633255
302,10.066666666666666,5,car,173.24209594726562,244.50128173828125,837.1905517578125,513.10986328125,0.9538195133209229
302,10.066666666666666,121,person,960.287841796875,244.62698364257812,1056.8868408203125,452.8350524902344,0.8318326473236084
303,10.1,1,car,870.9320678710938,113.65147399902344,927.27490234375,160.968017578125,0.6481945514678955
303,10.1,5,car,173.24913024902344,244.48902893066406,837.1868286132812,513.1427001953125,0.9538353681564331
303,10.1,121,person,960.53662109375,245.42991638183594,1060.2208251953125,454.302001953125,0.8171451091766357
304,10.133333333333333,1,car,871.3074951171875,113.36322021484375,927.2739868164062,161.0262451171875,0.65485680103302
304,10.133333333333333,5,car,173.2554473876953,244.4817657470703,837.2462158203125,513.1187133789062,0.9553804397583008
304,10.133333333333333,121,person,963.5116577148438,246.6522216796875,1066.2032470703125,453.377197265625,0.8245964646339417
305,10.166666666666666,1,car,871.5335693359375,113.32978820800781,927.2837524414062,161.12820434570312,0.6694899201393127
305,10.166666666666666,5,car,173.2725067138672,244.47251892089844,837.2791137695312,513.1038818359375,0.9556087851524353
305,10.166666666666666,121,person,964.4711303710938,247.2237091064453,1067.824951171875,452.9447021484375,0.8286980390548706
306,10.2,1,car,871.7095947265625,113.15670776367188,927.3048095703125,161.1100616455078,0.6651183366775513
306,10.2,5,car,173.26463317871094,244.4642791748047,837.3485717773438,513.1636962890625,0.9540802836418152
306,10.2,121,person,972.4348754882812,248.83474731445312,1076.550048828125,452.67034912109375,0.47734180092811584
306,10.2,122,person,977.1427001953125,250.53631591796875,1127.6177978515625,466.92034912109375,0.4373503029346466
307,10.233333333333333,1,car,871.7267456054688,113.0971450805664,927.1765747070312,160.98974609375,0.6563184857368469
307,10.233333333333333,5,car,173.28778076171875,244.45655822753906,837.3157348632812,513.1351928710938,0.9542086124420166
307,10.233333333333333,121,person,975.476318359375,249.28294372558594,1079.8665771484375,452.5559997558594,0.4267047345638275
307,10.233333333333333,122,person,975.5694580078125,249.1493377685547,1129.346923828125,466.1644592285156,0.4548324644565582
308,10.266666666666667,1,car,871.8244018554688,113.07905578613281,927.1976318359375,160.8982696533203,0.6559450030326843
308,10.266666666666667,5,car,173.31373596191406,244.4946746826172,837.2979736328125,513.1212158203125,0.9542600512504578
308,10.266666666666667,121,person,986.3075561523438,249.8929443359375,1081.5322265625,449.2984313964844,0.5967035293579102
308,10.266666666666667,122,person,984.4530639648438,249.82498168945312,1134.583740234375,468.734619140625,0.3773159980773926
309,10.3,1,car,871.8334350585938,113.09752655029297,927.1182861328125,160.84713745117188,0.6486409902572632
309,10.3,5,car,173.3321990966797,244.5082550048828,837.2382202148438,513.0786743164062,0.9543258547782898
309,10.3,121,person,990.5841064453125,250.12326049804688,1081.9658203125,448.81231689453125,0.6463642120361328
309,10.3,122,person,988.272705078125,250.37069702148438,1136.2607421875,469.1262512207031,0.3152182996273041
310,10.333333333333334,1,car,871.916259765625,113.2630844116211,927.2139892578125,160.9039764404297,0.6498573422431946
310,10.333333333333334,5,car,173.3458709716797,244.53961181640625,837.291259765625,513.1071166992188,0.9531998038291931
310,10.333333333333334,121,person,1003.43408203125,249.7672119140625,1088.720458984375,437.5641174316406,0.8360769152641296
311,10.366666666666667,1,car,871.9017333984375,113.34053039550781,927.22900390625,160.87408447265625,0.6633192896842957
311,10.366666666666667,5,car,173.35903930664062,244.54527282714844,837.2821044921875,513.0663452148438,0.9532870650291443
311,10.366666666666667,121,person,1008.052001953125,249.6306915283203,1091.0137939453125,433.5350341796875,0.8338340520858765
311,10.366666666666667,123,person,1054.05908203125,295.107177734375,1140.77734375,474.8840637207031,0.3439060151576996
312,10.4,1,car,872.0779418945312,113.4350357055664,927.46533203125,160.9656982421875,0.6873165965080261
312,10.4,5,car,173.32962036132812,244.54122924804688,837.4357299804688,513.0994262695312,0.9542683959007263
312,10.4,121,person,1024.84228515625,249.5564422607422,1102.552734375,446.0580749511719,0.7853066325187683
312,10.4,123,person,1060.883056640625,296.31988525390625,1144.1781005859375,475.063232421875,0.4530566334724426
313,10.433333333333334,1,car,872.0025024414062,113.59574890136719,927.4071044921875,161.1461639404297,0.6899651288986206
313,10.433333333333334,5,car,173.33238220214844,244.51803588867188,837.3018188476562,513.0460815429688,0.9540331363677979
313,10.433333333333334,121,person,1030.7066650390625,249.43516540527344,1106.2381591796875,450.7086181640625,0.7925244569778442
313,10.433333333333334,123,person,1062.542236328125,298.02777099609375,1145.687744140625,475.1241455078125,0.4208275377750397
314,10.466666666666667,1,car,872.2115478515625,113.46675109863281,927.6244506835938,161.2518768310547,0.6727169752120972
314,10.466666666666667,5,car,173.32711791992188,244.50291442871094,837.4571533203125,513.1058349609375,0.9545581340789795
314,10.466666666666667,121,person,1033.0877685546875,250.06927490234375,1110.392333984375,453.032958984375,0.7261289954185486
314,10.466666666666667,123,person,1066.914306640625,293.6094970703125,1149.232666015625,474.1548156738281,0.4401882290840149
315,10.5,1,car,872.0377807617188,113.73180389404297,927.6590576171875,161.6484375,0.6742777228355408
315,10.5,5,car,173.31642150878906,244.4806365966797,837.2613525390625,513.062255859375,0.9541274309158325
315,10.5,121,person,1033.630615234375,250.48876953125,1111.815673828125,454.04205322265625,0.6952017545700073
315,10.5,123,person,1067.5496826171875,292.5883483886719,1149.8306884765625,473.5988464355469,0.39902380108833313
316,10.533333333333333,1,car,872.1529541015625,113.93773651123047,927.995361328125,161.5983428955078,0.6244621872901917
316,10.533333333333333,5,car,173.32757568359375,244.4772491455078,837.407958984375,513.0827026367188,0.9553700685501099
316,10.533333333333333,121,person,1033.460205078125,251.4589080810547,1111.076416015625,455.25921630859375,0.7962610721588135
316,10.533333333333333,123,person,1068.3463134765625,292.7778625488281,1150.5543212890625,474.5311279296875,0.6015791296958923
317,10.566666666666666,1,car,871.9981079101562,114.1069107055664,927.9437866210938,161.5006103515625,0.6444145441055298
317,10.566666666666666,5,car,173.34507751464844,244.4581756591797,837.2919311523438,513.03173828125,0.9554177522659302
317,10.566666666666666,121,person,1033.0223388671875,252.0196075439453,1110.48095703125,455.6000671386719,0.7918219566345215
317,10.566666666666666,123,person,1068.28857421875,293.5104675292969,1150.5633544921875,474.6709899902344,0.60704106092453
318,10.6,1,car,872.0364990234375,113.90192413330078,927.9993286132812,161.57623291015625,0.6615857481956482
318,10.6,5,car,173.31777954101562,244.45211791992188,837.3333740234375,513.0485229492188,0.9552188515663147
318,10.6,121,person,1033.130859375,252.38259887695312,1114.9830322265625,455.41668701171875,0.6002854704856873
318,10.6,122,person,1029.6766357421875,251.45419311523438,1155.0733642578125,471.7716064453125,0.2848701477050781
318,10.6,123,person,1071.0634765625,285.6235046386719,1155.448974609375,473.283447265625,0.35449254512786865
319,10.633333333333333,1,car,871.9440307617188,114.00001525878906,927.7379150390625,161.54286193847656,0.6437969207763672
319,10.633333333333333,5,car,173.3105926513672,244.44461059570312,837.1647338867188,513.01806640625,0.955189049243927
319,10.633333333333333,121,person,1032.9593505859375,252.17022705078125,1116.2152099609375,455.37469482421875,0.5961773991584778
319,10.633333333333333,122,person,1031.928955078125,251.3585205078125,1155.1690673828125,472.3414306640625,0.2813052833080292
319,10.633333333333333,123,person,1071.58154296875,283.9595947265625,1156.9178466796875,472.8253173828125,0.31369996070861816
320,10.666666666666666,1,car,872.027587890625,113.77733612060547,927.7359619140625,161.47512817382812,0.6439127922058105
320,10.666666666666666,5,car,173.3280487060547,244.4401092529297,837.24462890625,513.008544921875,0.9553787112236023
320,10.666666666666666,121,person,1033.47509765625,254.63999938964844,1117.9903564453125,456.30767822265625,0.7749015092849731
320,10.666666666666666,123,person,1074.2774658203125,286.8407287597656,1158.9725341796875,472.3835144042969,0.5499494075775146
321,10.7,1,car,871.9586181640625,113.94718933105469,927.574462890625,161.53097534179688,0.6233652234077454
321,10.7,5,car,173.33233642578125,244.43356323242188,837.1475830078125,513.015869140625,0.9554286599159241
321,10.7,121,person,1033.4393310546875,255.54791259765625,1118.2200927734375,456.7601013183594,0.7859560251235962
321,10.7,123,person,1075.115966796875,288.1572265625,1159.4732666015625,472.2427978515625,0.5400992631912231
322,10.733333333333333,1,car,872.06298828125,114.01200866699219,927.62646484375,161.38507080078125,0.6105228662490845
322,10.733333333333333,5,car,173.28871154785156,244.39366149902344,837.220947265625,513.0062866210938,0.9536147117614746
322,10.733333333333333,121,person,1037.2794189453125,256.0954284667969,1122.1634521484375,457.5246276855469,0.6511363983154297
323,10.766666666666667,1,car,872.0228881835938,114.11836242675781,927.5753784179688,161.5233612060547,0.5889630317687988
323,10.766666666666667,5,car,173.2341766357422,244.36996459960938,837.0439453125,513.017578125,0.9532802700996399
323,10.766666666666667,121,person,1039.6134033203125,256.39593505859375,1123.5013427734375,458.3055725097656,0.5676751732826233
323,10.766666666666667,122,person,1039.797119140625,255.767578125,1162.6878662109375,469.7615661621094,0.26281532645225525
324,10.8,1,car,872.1109619140625,114.12516021728516,927.6038208007812,161.50439453125,0.5522941946983337
324,10.8,5,car,173.19833374023438,244.3772735595703,837.21875,513.0071411132812,0.952276885509491
324,10.8,121,person,1048.0374755859375,256.4781494140625,1128.9544677734375,451.8894348144531,0.4000319838523865
325,10.833333333333334,1,car,872.0184936523438,114.48267364501953,927.5681762695312,161.54708862304688,0.45731836557388306
325,10.833333333333334,5,car,173.20083618164062,244.3938446044922,837.08056640625,513.0244750976562,0.9525107741355896
325,10.833333333333334,121,person,1052.0322265625,256.7991638183594,1130.8436279296875,448.3416442871094,0.5206498503684998
326,10.866666666666667,1,car,872.169677734375,114.60303497314453,927.8226318359375,161.49072265625,0.43955424427986145
326,10.866666666666667,5,car,173.224365234375,244.3345184326172,837.2503051757812,513.1224975585938,0.9525953531265259
327,10.9,1,car,871.72314453125,114.34871673583984,927.3676147460938,161.52020263671875,0.42127859592437744
327,10.9,5,car,173.23223876953125,244.31619262695312,837.2230834960938,513.1196899414062,0.9527296423912048
328,10.933333333333334,1,car,872.0545654296875,114.9458236694336,927.6135864257812,161.38223266601562,0.3104266822338104
328,10.933333333333334,5,car,173.26373291015625,244.38217163085938,837.241943359375,513.0690307617188,0.9535189867019653
328,10.933333333333334,121,person,1073.083251953125,256.328125,1142.875244140625,446.6481628417969,0.5718486905097961
329,10.966666666666667,1,car,871.52099609375,114.92076110839844,927.3067016601562,161.3759765625,0.34496432542800903
329,10.966666666666667,5,car,173.28150939941406,244.4006805419922,837.0923461914062,513.0429077148438,0.9536319375038147
329,10.966666666666667,121,person,1075.6185302734375,256.2449951171875,1142.215087890625,446.3788146972656,0.591010332107544
330,11.0,1,car,871.9729614257812,115.1655502319336,927.4508666992188,161.22291564941406,0.39008504152297974
330,11.0,5,car,173.26290893554688,244.41677856445312,837.170166015625,513.0818481445312,0.9534796476364136
330,11.0,121,person,1076.803955078125,257.01824951171875,1143.4976806640625,445.9988098144531,0.43664267659187317
331,11.033333333333333,1,car,872.0671997070312,115.14271545410156,927.2659301757812,161.37852478027344,0.38023629784584045
331,11.033333333333333,5,car,173.30462646484375,244.4285430908203,837.1209716796875,513.035888671875,0.9537518620491028
331,11.033333333333333,121,person,1077.036865234375,257.36181640625,1144.1083984375,445.7585754394531,0.41201263666152954
332,11.066666666666666,1,car,872.3462524414062,114.09288024902344,927.3947143554688,161.51565551757812,0.3408392667770386
332,11.066666666666666,5,car,173.2948455810547,244.4248504638672,837.186279296875,513.126220703125,0.955093502998352
332,11.066666666666666,121,person,1077.367431640625,258.298828125,1162.3416748046875,446.1504821777344,0.4242372512817383
333,11.1,1,car,872.31201171875,113.52987670898438,927.43603515625,161.55348205566406,0.3341878354549408
333,11.1,5,car,173.30325317382812,244.4296875,837.1226806640625,513.0485229492188,0.9550095200538635
333,11.1,121,person,1077.685546875,258.5754699707031,1168.930908203125,451.13250732421875,0.6974607110023499
334,11.133333333333333,5,car,173.31546020507812,244.39889526367188,837.2363891601562,513.0870971679688,0.9543577432632446
334,11.133333333333333,121,person,1077.5118408203125,260.9617614746094,1173.20361328125,453.68701171875,0.5579488277435303
334,11.133333333333333,127,car,1256.334716796875,434.9494934082031,1279.6915283203125,494.82891845703125,0.3527633547782898
335,11.166666666666666,5,car,173.32992553710938,244.3812713623047,837.2827758789062,512.972412109375,0.9553647637367249
335,11.166666666666666,121,person,1077.4149169921875,261.7301025390625,1174.4937744140625,456.2244567871094,0.5903742909431458
335,11.166666666666666,127,car,1256.10498046875,434.8309631347656,1279.650390625,495.06097412109375,0.37054041028022766
336,11.2,1,car,872.2068481445312,118.0743179321289,927.3741455078125,161.7151336669922,0.4737120270729065
336,11.2,5,car,173.30006408691406,244.36863708496094,837.4165649414062,513.1043701171875,0.955767810344696
336,11.2,121,person,1079.7579345703125,264.2232360839844,1176.9954833984375,459.8965148925781,0.5503891110420227
336,11.2,127,car,1256.3843994140625,434.9903259277344,1279.66357421875,495.22967529296875,0.2797374129295349
337,11.233333333333333,1,car,872.1356201171875,118.58953094482422,927.2872924804688,161.8572998046875,0.47465139627456665
337,11.233333333333333,5,car,173.29054260253906,244.38369750976562,837.4513549804688,513.0982055664062,0.9553793668746948
337,11.233333333333333,121,person,1080.7235107421875,264.89422607421875,1177.44677734375,458.2585754394531,0.47929590940475464
337,11.233333333333333,127,car,1256.5675048828125,434.767822265625,1279.6318359375,495.2755126953125,0.2671305537223816
338,11.266666666666667,1,car,872.1024780273438,119.82734680175781,926.9578857421875,162.03067016601562,0.29795196652412415
338,11.266666666666667,5,car,173.25828552246094,244.5635528564453,837.641845703125,513.1456909179688,0.9533151388168335
338,11.266666666666667,123,person,1113.1917724609375,269.1991882324219,1191.5145263671875,471.6299743652344,0.306495726108551
339,11.3,1,car,872.0853881835938,119.84806060791016,927.1543579101562,161.902587890625,0.5128282904624939
339,11.3,5,car,173.29429626464844,244.6495819091797,837.8255004882812,513.1849365234375,0.9535490274429321
339,11.3,123,person,1115.15966796875,268.3746643066406,1191.671630859375,471.6817932128906,0.28050366044044495
340,11.333333333333334,1,car,872.1640014648438,120.21359252929688,927.2719116210938,161.8434295654297,0.40643835067749023
340,11.333333333333334,5,car,173.3151397705078,244.66668701171875,837.9148559570312,513.2086791992188,0.953925371170044
341,11.366666666666667,1,car,872.065673828125,120.37006378173828,927.3883666992188,161.95033264160156,0.42288362979888916
341,11.366666666666667,5,car,173.34002685546875,244.67889404296875,837.9828491210938,513.2066650390625,0.9534993767738342
342,11.4,1,car,872.0193481445312,120.77254486083984,927.5042724609375,162.19979858398438,0.3435957133769989
342,11.4,5,car,173.3428955078125,244.71714782714844,838.0037841796875,513.2514038085938,0.9544087648391724
343,11.433333333333334,1,car,871.981689453125,120.94393920898438,927.5519409179688,162.27137756347656,0.27285411953926086
343,11.433333333333334,5,car,173.3417205810547,244.7258758544922,837.9968872070312,513.2388305664062,0.9544276595115662
343,11.433333333333334,129,person,1130.459228515625,269.3017272949219,1179.7515869140625,340.6922607421875,0.4246877431869507
344,11.466666666666667,1,car,872.3847045898438,121.38539123535156,927.7318115234375,161.9720001220703,0.3248889446258545
344,11.466666666666667,5,car,173.3433380126953,244.72337341308594,837.9923706054688,513.217041015625,0.9534456133842468
344,11.466666666666667,129,person,1134.6351318359375,270.2673034667969,1183.13134765625,339.6559143066406,0.3852870762348175
345,11.5,1,car,872.5059204101562,121.52202606201172,927.8448486328125,161.83877563476562,0.3113524317741394
345,11.5,5,car,173.35589599609375,244.72256469726562,837.9924926757812,513.2063598632812,0.9536378979682922
345,11.5,129,person,1136.165771484375,270.6282043457031,1184.2059326171875,339.03466796875,0.4553031027317047
346,11.533333333333333,1,car,872.3387451171875,121.13868713378906,927.939208984375,161.76376342773438,0.48804911971092224
346,11.533333333333333,5,car,173.3560333251953,244.7078399658203,838.10205078125,513.2322998046875,0.9536312818527222
346,11.533333333333333,122,person,1093.7088623046875,276.5052185058594,1216.9501953125,470.80224609375,0.363456130027771
347,11.566666666666666,1,car,872.1447143554688,120.93708038330078,927.9515380859375,161.7291259765625,0.4930560290813446
347,11.566666666666666,5,car,173.4178466796875,244.6525421142578,838.041015625,513.3438110351562,0.9550248384475708
347,11.566666666666666,129,person,1139.30712890625,271.8914489746094,1189.2359619140625,343.2850646972656,0.40350764989852905
348,11.6,1,car,872.39013671875,120.58419799804688,927.954345703125,161.49737548828125,0.46801117062568665
348,11.6,5,car,173.43716430664062,244.5743865966797,838.0443725585938,513.4625854492188,0.9544203877449036
349,11.633333333333333,1,car,872.3095092773438,120.04474639892578,927.8555297851562,161.4712677001953,0.5198038816452026
349,11.633333333333333,5,car,173.4759063720703,244.52688598632812,837.9990234375,513.533935546875,0.9546052813529968
349,11.633333333333333,129,person,1146.6949462890625,273.7831115722656,1193.6900634765625,351.81561279296875,0.27389252185821533
350,11.666666666666666,1,car,872.25927734375,120.4883804321289,927.8965454101562,161.21783447265625,0.3563743829727173
350,11.666666666666666,5,car,173.5866241455078,244.5009765625,838.0198364257812,513.7872314453125,0.9539788365364075
350,11.666666666666666,129,person,1153.2738037109375,275.3482971191406,1196.3997802734375,351.4132080078125,0.6465721726417542
351,11.7,1,car,872.384765625,120.52763366699219,927.790771484375,160.97268676757812,0.3569151759147644
351,11.7,5,car,173.64073181152344,244.49533081054688,838.0029296875,513.9404296875,0.9536691308021545
351,11.7,129,person,1154.927001953125,275.7660217285156,1196.9976806640625,351.43499755859375,0.6930181980133057
351,11.7,130,person,1094.127685546875,337.40216064453125,1164.1707763671875,461.9694519042969,0.3073729872703552
352,11.733333333333333,1,car,872.21142578125,120.97665405273438,928.0418701171875,160.8452911376953,0.46479010581970215
352,11.733333333333333,5,car,173.5619659423828,244.44363403320312,838.0671997070312,514.167236328125,0.9536198973655701
353,11.766666666666667,1,car,872.0579223632812,120.86663055419922,928.0259399414062,160.72804260253906,0.44955557584762573
353,11.766666666666667,5,car,173.5625,244.4131622314453,837.98876953125,514.1294555664062,0.9537504315376282
354,11.8,5,car,173.59182739257812,244.4477996826172,837.9572143554688,514.1312866210938,0.9528053402900696
354,11.8,129,person,1161.9285888671875,278.8989562988281,1203.557373046875,352.7724304199219,0.6994174122810364
355,11.833333333333334,1,car,872.6846923828125,119.13206481933594,927.8411254882812,161.67434692382812,0.2642042636871338
355,11.833333333333334,5,car,173.59744262695312,244.44149780273438,837.8849487304688,514.009033203125,0.9523247480392456
355,11.833333333333334,129,person,1162.2689208984375,279.1325378417969,1204.19921875,352.1626281738281,0.6501564979553223
356,11.866666666666667,1,car,872.5616455078125,122.04716491699219,928.03466796875,161.24481201171875,0.26859238743782043
356,11.866666666666667,5,car,173.61268615722656,244.42849731445312,837.9392700195312,514.0386352539062,0.9527003765106201
356,11.866666666666667,129,person,1164.2347412109375,279.8607482910156,1208.0731201171875,353.7481384277344,0.7212405800819397
357,11.9,1,car,872.38525390625,123.54784393310547,927.7994384765625,160.6895294189453,0.3260972499847412
357,11.9,5,car,173.6301727294922,244.4166259765625,837.8936767578125,513.947021484375,0.9528561234474182
357,11.9,129,person,1164.7977294921875,280.0232238769531,1209.441650390625,354.0344543457031,0.704359769821167
358,11.933333333333334,5,car,173.62074279785156,244.40835571289062,837.911865234375,514.0029907226562,0.9525249600410461
358,11.933333333333334,129,person,1166.12255859375,281.4130554199219,1212.7445068359375,355.96783447265625,0.6617241501808167
359,11.966666666666667,5,car,173.5913848876953,244.39768981933594,837.8755493164062,513.9744262695312,0.952500581741333
359,11.966666666666667,129,person,1166.3648681640625,281.82586669921875,1214.167724609375,356.6030578613281,0.6018592119216919
360,12.0,1,car,871.3348388671875,115.98430633544922,927.6632080078125,163.01217651367188,0.4551975429058075
360,12.0,5,car,173.552490234375,244.37680053710938,837.8884887695312,514.11279296875,0.9530142545700073
360,12.0,129,person,1168.7255859375,283.1411437988281,1217.013916015625,361.1044616699219,0.49062833189964294
361,12.033333333333333,1,car,871.18017578125,114.68294525146484,927.6234741210938,164.27340698242188,0.4638679325580597
361,12.033333333333333,5,car,173.52130126953125,244.36663818359375,837.861572265625,514.0562744140625,0.9536995887756348
361,12.033333333333333,129,person,1169.469970703125,283.43096923828125,1217.977783203125,362.93829345703125,0.42928841710090637
362,12.066666666666666,5,car,173.53985595703125,244.3782196044922,837.882568359375,514.1546020507812,0.9537627100944519
362,12.066666666666666,129,person,1172.22216796875,286.1097412109375,1220.915771484375,371.12652587890625,0.5224388241767883
363,12.1,5,car,173.55392456054688,244.40237426757812,837.8784790039062,514.0787963867188,0.9538655281066895
363,12.1,129,person,1173.0286865234375,286.8576354980469,1221.9219970703125,373.6404724121094,0.5206494927406311
364,12.133333333333333,1,car,870.982177734375,114.18235778808594,928.5934448242188,166.01815795898438,0.7056618332862854
364,12.133333333333333,5,car,173.5059051513672,244.4059295654297,837.8534545898438,514.2342529296875,0.9553000330924988
364,12.133333333333333,129,person,1175.6138916015625,289.961669921875,1225.2615966796875,385.9987487792969,0.513761043548584
365,12.166666666666666,1,car,870.801025390625,114.02052307128906,928.5250854492188,166.53164672851562,0.6913288831710815
365,12.166666666666666,5,car,173.51318359375,244.43569946289062,837.8362426757812,514.1465454101562,0.9552199840545654
365,12.166666666666666,129,person,1176.38525390625,290.9843444824219,1226.36083984375,384.9965515136719,0.4231133460998535
366,12.2,1,car,871.062255859375,113.8096923828125,929.5858764648438,163.932373046875,0.45512810349464417
366,12.2,5,car,173.53028869628906,244.43460083007812,837.8370361328125,514.2297973632812,0.9539653062820435
366,12.2,129,person,1178.828125,294.41168212890625,1230.7490234375,390.80419921875,0.5001966953277588
367,12.233333333333333,1,car,871.115966796875,113.68919372558594,929.8500366210938,163.04380798339844,0.48997563123703003
367,12.233333333333333,5,car,173.5198211669922,244.44488525390625,837.8463745117188,514.1205444335938,0.9536827802658081
367,12.233333333333333,129,person,1179.9676513671875,295.51141357421875,1232.3182373046875,389.5899658203125,0.49921754002571106
368,12.266666666666667,1,car,871.1546630859375,113.56401824951172,929.1189575195312,161.76553344726562,0.4433433711528778
368,12.266666666666667,5,car,173.5050506591797,244.45933532714844,837.8834838867188,514.2217407226562,0.9533714056015015
368,12.266666666666667,129,person,1180.8271484375,298.7474365234375,1235.958984375,400.2278747558594,0.6983870267868042
369,12.3,1,car,870.933349609375,113.54432678222656,928.7528076171875,161.32806396484375,0.4570026397705078
369,12.3,5,car,173.50241088867188,244.4741668701172,837.8207397460938,514.0975952148438,0.9532880783081055
369,12.3,129,person,1180.951171875,299.7674560546875,1237.2266845703125,403.3849792480469,0.6967855095863342
370,12.333333333333334,1,car,871.0587158203125,113.43030548095703,928.3331909179688,161.96847534179688,0.37994396686553955
370,12.333333333333334,5,car,173.4845428466797,244.45704650878906,837.9111328125,514.1077270507812,0.9530478715896606
370,12.333333333333334,129,person,1182.7349853515625,301.7401123046875,1240.670654296875,405.6312255859375,0.2716292142868042
371,12.366666666666667,1,car,871.1600341796875,113.87973022460938,928.4039916992188,163.6115264892578,0.5222440958023071
371,12.366666666666667,5,car,173.52467346191406,244.48866271972656,837.8456420898438,513.9295654296875,0.9527847766876221
371,12.366666666666667,129,person,1183.1165771484375,302.87982177734375,1241.6328125,400.9610595703125,0.5748811364173889
372,12.4,1,car,871.176025390625,114.81392669677734,928.498779296875,165.75706481933594,0.4919593334197998
372,12.4,5,car,173.4976043701172,244.4918670654297,837.9119262695312,513.9700927734375,0.9538896679878235
372,12.4,129,person,1184.7288818359375,303.9278564453125,1244.3836669921875,403.86920166015625,0.609424352645874
373,12.433333333333334,1,car,870.9249267578125,114.93495178222656,928.423828125,166.51666259765625,0.5436227321624756
373,12.433333333333334,5,car,173.49876403808594,244.4840087890625,837.8124389648438,513.8910522460938,0.9541957974433899
373,12.433333333333334,129,person,1185.0487060546875,304.21771240234375,1245.13525390625,404.5938720703125,0.5750898718833923
374,12.466666666666667,5,car,173.48439025878906,244.46499633789062,837.9161376953125,513.979736328125,0.9548648595809937
374,12.466666666666667,129,person,1187.2529296875,304.9883728027344,1247.4481201171875,404.02032470703125,0.3474770188331604
375,12.5,5,car,173.51596069335938,244.4442901611328,837.88623046875,513.9216918945312,0.9549762606620789
375,12.5,129,person,1187.7830810546875,305.10162353515625,1248.309326171875,405.9450988769531,0.36198365688323975
376,12.533333333333333,5,car,173.50526428222656,244.4706268310547,837.9229736328125,513.9612426757812,0.9542434215545654
376,12.533333333333333,129,person,1189.668701171875,306.1626892089844,1249.9197998046875,410.8773193359375,0.6218265295028687
377,12.566666666666666,5,car,173.52627563476562,244.46343994140625,837.884033203125,513.8790283203125,0.9541043043136597
377,12.566666666666666,129,person,1190.1951904296875,306.44635009765625,1250.309814453125,412.5137023925781,0.6118363738059998
378,12.6,5,car,173.5548553466797,244.5007781982422,838.0001220703125,513.941650390625,0.9544959664344788
378,12.6,129,person,1191.632080078125,307.6401672363281,1252.571044921875,441.9438781738281,0.4999196529388428
379,12.633333333333333,5,car,173.57571411132812,244.5120086669922,837.9429931640625,513.8442993164062,0.9550596475601196
379,12.633333333333333,129,person,1191.960693359375,308.06036376953125,1253.1885986328125,452.6018371582031,0.4730982780456543
379,12.633333333333333,134,person,1190.8931884765625,307.53082275390625,1252.40478515625,408.1458740234375,0.31186580657958984
380,12.666666666666666,1,car,870.736328125,113.38614654541016,912.3705444335938,163.50611877441406,0.32953551411628723
380,12.666666666666666,5,car,173.5809326171875,244.50668334960938,838.0711669921875,513.9115600585938,0.9555436968803406
380,12.666666666666666,129,person,1193.5572509765625,309.16937255859375,1255.2069091796875,458.0712890625,0.7972237467765808
381,12.7,1,car,870.6622924804688,113.47102355957031,911.26416015625,163.35475158691406,0.317340224981308
381,12.7,5,car,173.59234619140625,244.5188751220703,837.9776000976562,513.8650512695312,0.9558715224266052
381,12.7,129,person,1194.4287109375,309.5311279296875,1255.5771484375,460.0527648925781,0.8036022186279297
382,12.733333333333333,5,car,173.57525634765625,244.5486297607422,838.03271484375,513.9139404296875,0.9551710486412048
382,12.733333333333333,129,person,1195.2548828125,310.91180419921875,1257.3416748046875,459.8603210449219,0.6886783838272095
383,12.766666666666667,1,car,870.673095703125,114.60151672363281,911.475830078125,162.29095458984375,0.2557658553123474
383,12.766666666666667,5,car,173.58908081054688,244.54983520507812,837.9876098632812,513.9110107421875,0.9552474021911621
383,12.766666666666667,129,person,1195.3658447265625,311.50115966796875,1257.805908203125,458.8710632324219,0.6614336967468262
384,12.8,1,car,870.7384033203125,115.26869201660156,912.6583862304688,160.13958740234375,0.28772979974746704
384,12.8,5,car,173.5402374267578,244.51206970214844,838.1438598632812,513.9119873046875,0.9548690915107727
384,12.8,136,car,870.9432373046875,114.8147201538086,933.8816528320312,162.0719451904297,0.365574449300766
385,12.833333333333334,1,car,870.7133178710938,115.51354217529297,913.947265625,158.5774383544922,0.3567532002925873
385,12.833333333333334,5,car,173.54306030273438,244.4853515625,838.083251953125,513.87841796875,0.9548011422157288
385,12.833333333333334,136,car,870.9422607421875,114.7561264038086,935.6411743164062,161.6650390625,0.2516155540943146
385,12.833333333333334,137,car,927.9775390625,121.91902160644531,992.8438720703125,166.47988891601562,0.4909290671348572
385,12.833333333333334,138,person,1105.7337646484375,313.09576416015625,1260.877685546875,472.98486328125,0.38103532791137695
386,12.866666666666667,5,car,173.53733825683594,244.50047302246094,838.2340698242188,513.9100952148438,0.9544041156768799
386,12.866666666666667,136,car,871.0133056640625,115.11251068115234,941.743408203125,162.57557678222656,0.30227190256118774
386,12.866666666666667,137,car,941.0972900390625,125.30375671386719,998.061767578125,165.7682647705078,0.3359774649143219
387,12.9,5,car,173.5553436279297,244.52488708496094,838.1602172851562,513.8807373046875,0.9539391398429871
387,12.9,136,car,870.8184814453125,115.57811737060547,934.8683471679688,163.102783203125,0.29322874546051025
387,12.9,137,car,945.126708984375,126.26996612548828,999.9260864257812,165.61184692382812,0.3555915057659149
387,12.9,138,person,1108.39892578125,315.1148986816406,1263.7847900390625,472.58892822265625,0.31271031498908997
388,12.933333333333334,1,car,870.9282836914062,115.45197296142578,913.8292236328125,159.34783935546875,0.33976826071739197
388,12.933333333333334,5,car,173.53025817871094,244.52821350097656,838.1666870117188,513.9598388671875,0.9548386335372925
388,12.933333333333334,138,person,1109.3455810546875,316.1314392089844,1266.56103515625,472.77777099609375,0.46657314896583557
389,12.966666666666667,1,car,870.8760375976562,115.4731674194336,912.7725219726562,160.01043701171875,0.31311437487602234
389,12.966666666666667,5,car,173.51515197753906,244.53189086914062,837.987548828125,513.921875,0.9550294280052185
389,12.966666666666667,136,car,870.7792358398438,115.35640716552734,930.0900268554688,164.05545043945312,0.3666277229785919
389,12.966666666666667,137,car,939.8762817382812,123.84896850585938,1005.9520263671875,168.0737762451172,0.32113713026046753
389,12.966666666666667,138,person,1109.458740234375,316.4353942871094,1267.148193359375,472.7759704589844,0.46808522939682007
390,13.0,1,car,870.9723510742188,115.4952621459961,912.6483764648438,160.21401977539062,0.3308311700820923
390,13.0,5,car,173.49099731445312,244.544189453125,838.0369873046875,513.9064331054688,0.9546364545822144
390,13.0,136,car,870.799560546875,115.39903259277344,928.5350341796875,164.00547790527344,0.4921332001686096
391,13.033333333333333,1,car,870.9036254882812,115.51484680175781,912.2553100585938,160.36416625976562,0.3460971713066101
391,13.033333333333333,5,car,173.48695373535156,244.54180908203125,837.9114379882812,513.9200439453125,0.9547166228294373
391,13.033333333333333,136,car,870.8402099609375,115.33575439453125,927.5028686523438,164.66502380371094,0.4822903871536255
392,13.066666666666666,1,car,871.0066528320312,115.48429107666016,912.2117919921875,160.61077880859375,0.30891019105911255
392,13.066666666666666,5,car,173.4964599609375,244.5258331298828,837.9581298828125,513.9840087890625,0.9545596241950989
392,13.066666666666666,136,car,870.927001953125,115.25636291503906,926.9806518554688,165.06130981445312,0.38113272190093994
393,13.1,1,car,870.9651489257812,115.53295135498047,912.1044921875,160.23004150390625,0.2604767084121704
393,13.1,5,car,173.48678588867188,244.5187225341797,837.8252563476562,513.9876708984375,0.9546787142753601
393,13.1,136,car,870.7966918945312,115.42036437988281,927.2640380859375,165.785400390625,0.4706306457519531
394,13.133333333333333,1,car,871.0106201171875,115.62561798095703,912.125,159.64903259277344,0.3664575517177582
394,13.133333333333333,5,car,173.47698974609375,244.5110321044922,837.9425048828125,513.9688720703125,0.9549259543418884
395,13.166666666666666,1,car,870.9837646484375,115.85084533691406,911.7443237304688,159.97666931152344,0.30165567994117737
395,13.166666666666666,5,car,173.48541259765625,244.5015106201172,837.9212646484375,513.9585571289062,0.9555400609970093
395,13.166666666666666,136,car,870.7874145507812,115.48771667480469,927.29345703125,165.99607849121094,0.38670065999031067
396,13.2,5,car,173.46240234375,244.53604125976562,837.9990234375,513.9588012695312,0.9559102058410645
396,13.2,136,car,870.7511596679688,115.7706298828125,928.3948974609375,166.831298828125,0.6489893794059753
396,13.2,137,car,969.39306640625,123.11940002441406,1048.3275146484375,182.7987060546875,0.5368859767913818
397,13.233333333333333,5,car,173.44833374023438,244.53097534179688,837.8690795898438,513.9749145507812,0.9560323357582092
397,13.233333333333333,136,car,870.680419921875,115.8801498413086,928.515869140625,167.13058471679688,0.5698526501655579
397,13.233333333333333,137,car,972.012939453125,123.71244812011719,1050.2083740234375,183.6868438720703,0.40988415479660034
398,13.266666666666667,5,car,173.46044921875,244.54342651367188,837.878173828125,513.9617919921875,0.9561794400215149
398,13.266666666666667,136,car,870.6929321289062,115.94766235351562,928.7218627929688,166.95709228515625,0.4711260199546814
398,13.266666666666667,137,car,973.659423828125,126.8043212890625,1056.0970458984375,186.2111358642578,0.2843746244907379
399,13.3,1,car,871.013916015625,116.43805694580078,911.643798828125,159.1881866455078,0.2532062828540802
399,13.3,5,car,173.4670867919922,244.54664611816406,837.8814697265625,513.9625854492188,0.9563159942626953
399,13.3,136,car,870.6663208007812,115.94413757324219,928.5615234375,166.95657348632812,0.37447476387023926
399,13.3,137,car,976.210693359375,128.2046661376953,1058.37548828125,187.1279754638672,0.3162795603275299
400,13.333333333333334,5,car,173.496826171875,244.55328369140625,837.9296875,513.9644775390625,0.9558671712875366
400,13.333333333333334,136,car,870.8045043945312,115.97071075439453,928.6207275390625,166.97776794433594,0.4451965391635895
400,13.333333333333334,137,car,981.5325927734375,133.8404083251953,1066.4111328125,189.67440795898438,0.5452528595924377
400,13.333333333333334,138,person,1127.4637451171875,313.1898193359375,1266.8056640625,472.7674560546875,0.3867397606372833
401,13.366666666666667,5,car,173.49644470214844,244.55307006835938,837.9070434570312,514.0013427734375,0.9560533165931702
401,13.366666666666667,136,car,870.7576293945312,116.09061431884766,928.6651000976562,166.9823455810547,0.5062870979309082
401,13.366666666666667,137,car,983.7891845703125,136.3039093017578,1069.789306640625,191.26393127441406,0.5561529994010925
401,13.366666666666667,138,person,1128.001220703125,313.0782165527344,1266.6275634765625,472.74908447265625,0.40610256791114807
402,13.4,5,car,173.50384521484375,244.5755157470703,837.85986328125,513.9877319335938,0.9559459090232849
402,13.4,136,car,870.7385864257812,116.18541717529297,928.8685302734375,167.026123046875,0.6375962495803833
402,13.4,137,car,989.8165893554688,137.99615478515625,1077.903564453125,193.74984741210938,0.6262809038162231
402,13.4,138,person,1128.6170654296875,312.0209655761719,1264.98828125,473.14794921875,0.38375163078308105
403,13.433333333333334,5,car,173.48306274414062,244.56976318359375,837.799072265625,514.0374755859375,0.9561095833778381
403,13.433333333333334,136,car,870.7349853515625,116.00403594970703,928.8375854492188,167.11643981933594,0.5231713652610779
403,13.433333333333334,137,car,992.2554321289062,138.83688354492188,1080.95166015625,194.70445251464844,0.6137647032737732
403,13.433333333333334,138,person,1128.7958984375,311.6780700683594,1264.4422607421875,473.2940673828125,0.403301864862442
404,13.466666666666667,5,car,173.48545837402344,244.55148315429688,837.7943115234375,514.005859375,0.9554196000099182
404,13.466666666666667,136,car,870.7294921875,115.87351989746094,928.6856079101562,166.9882354736328,0.623485803604126
404,13.466666666666667,137,car,998.17919921875,141.5584259033203,1090.545654296875,200.4734344482422,0.6443600654602051
405,13.5,5,car,173.488037109375,244.53887939453125,837.98583984375,514.0230712890625,0.9556497931480408
405,13.5,136,car,870.7593383789062,115.80404663085938,928.6658935546875,167.1620330810547,0.6306186318397522
405,13.5,137,car,1000.3478393554688,142.3786163330078,1094.1058349609375,202.41839599609375,0.6783292293548584
406,13.533333333333333,5,car,173.5574951171875,244.56761169433594,838.039794921875,514.045654296875,0.9570686221122742
406,13.533333333333333,136,car,870.7247924804688,115.6329345703125,928.6954345703125,167.3566131591797,0.643266499042511
406,13.533333333333333,137,car,1007.6336059570312,145.94564819335938,1112.88720703125,210.56832885742188,0.6979538202285767
406,13.533333333333333,138,person,1147.1236572265625,308.3470764160156,1260.112060546875,464.0537414550781,0.46295490860939026
407,13.566666666666666,5,car,173.5614013671875,244.57582092285156,837.958740234375,514.0813598632812,0.9571477770805359
407,13.566666666666666,136,car,870.7742309570312,115.57098388671875,928.7540893554688,167.3827362060547,0.6452780961990356
407,13.566666666666666,137,car,1010.6295166015625,147.51055908203125,1120.5267333984375,214.05288696289062,0.7030562162399292
407,13.566666666666666,138,person,1139.8695068359375,307.92095947265625,1259.5562744140625,465.3459777832031,0.592117190361023
408,13.6,5,car,173.56710815429688,244.55259704589844,837.8509521484375,514.0204467773438,0.9562541842460632
408,13.6,136,car,870.7327270507812,115.60565948486328,928.7133178710938,167.31655883789062,0.6461610794067383
408,13.6,137,car,1018.4436645507812,149.6996307373047,1133.536865234375,216.99684143066406,0.5986465811729431
409,13.633333333333333,5,car,173.5572967529297,244.53892517089844,837.8584594726562,514.0636596679688,0.9565419554710388
409,13.633333333333333,136,car,870.8028564453125,115.64228057861328,928.7830810546875,167.3004150390625,0.6402732729911804
409,13.633333333333333,137,car,1021.4736328125,150.40623474121094,1136.5478515625,217.87905883789062,0.5173328518867493
410,13.666666666666666,5,car,173.57290649414062,244.53469848632812,837.8292236328125,513.9724731445312,0.9558970332145691
410,13.666666666666666,136,car,870.7779541015625,115.62374114990234,928.7594604492188,167.34178161621094,0.6070115566253662
410,13.666666666666666,137,car,1029.642578125,154.05712890625,1150.238037109375,224.37283325195312,0.7044170498847961
411,13.7,5,car,173.54734802246094,244.5362091064453,837.8192138671875,514.0004272460938,0.9560145735740662
411,13.7,136,car,870.8462524414062,115.64948272705078,928.7987670898438,167.3625946044922,0.6306779384613037
411,13.7,137,car,1032.71875,155.38333129882812,1155.365966796875,227.33326721191406,0.7523202300071716
412,13.733333333333333,5,car,173.53489685058594,244.53419494628906,837.8348388671875,514.0059204101562,0.955327033996582
412,13.733333333333333,136,car,870.8887939453125,115.48650360107422,928.8433227539062,167.35580444335938,0.6150938272476196
412,13.733333333333333,137,car,1042.1151123046875,158.84825134277344,1163.9617919921875,231.6434326171875,0.7703880667686462
413,13.766666666666667,5,car,173.53277587890625,244.527587890625,837.8221435546875,514.0213012695312,0.9554668068885803
413,13.766666666666667,136,car,870.8930053710938,115.46793365478516,928.844970703125,167.37387084960938,0.6274626851081848
413,13.766666666666667,137,car,1045.5765380859375,160.08786010742188,1166.5911865234375,233.22738647460938,0.7735049724578857
414,13.8,5,car,173.558349609375,244.5447235107422,837.7991943359375,513.98583984375,0.9543927311897278
414,13.8,136,car,870.8831787109375,115.54124450683594,928.8300170898438,167.4092559814453,0.6521674394607544
414,13.8,137,car,1055.85693359375,163.56617736816406,1176.4864501953125,240.9791259765625,0.7206949591636658
415,13.833333333333334,5,car,173.5559844970703,244.5578155517578,837.7669677734375,513.9755249023438,0.9543266892433167
415,13.833333333333334,136,car,870.8944702148438,115.52947998046875,928.8253173828125,167.4171600341797,0.6576507091522217
415,13.833333333333334,137,car,1059.689697265625,164.85833740234375,1179.814697265625,243.6835479736328,0.7062602639198303
416,13.866666666666667,5,car,173.55703735351562,244.5637664794922,837.6974487304688,514.0126342773438,0.955329179763794
416,13.866666666666667,136,car,871.014892578125,115.39165496826172,928.7107543945312,167.37747192382812,0.6455826759338379
416,13.866666666666667,137,car,1070.13525390625,170.4287109375,1195.9188232421875,250.24508666992188,0.6683605313301086
416,13.866666666666667,138,person,1131.968505859375,300.141845703125,1252.640625,473.0574035644531,0.3932631313800812
417,13.9,5,car,173.55142211914062,244.57666015625,837.6911010742188,514.042236328125,0.9553489685058594
417,13.9,136,car,871.10205078125,115.3023681640625,928.7279663085938,167.3094940185547,0.6496084928512573
417,13.9,137,car,1074.424560546875,173.09718322753906,1201.7269287109375,252.48672485351562,0.6767152547836304
417,13.9,138,person,1131.6954345703125,299.8138427734375,1252.3212890625,473.4098205566406,0.3931485414505005
418,13.933333333333334,5,car,173.55543518066406,244.59780883789062,837.7008666992188,514.074462890625,0.9553588032722473
418,13.933333333333334,136,car,871.142578125,115.20916748046875,928.7772827148438,167.21461486816406,0.6132780313491821
418,13.933333333333334,137,car,1084.6309814453125,175.09117126464844,1217.080078125,258.99176025390625,0.5943388342857361
418,13.933333333333334,138,person,1132.2034912109375,299.1839599609375,1251.9119873046875,472.287109375,0.4647183120250702
419,13.966666666666667,5,car,173.55126953125,244.5933380126953,837.7052612304688,514.0245971679688,0.9547762870788574
419,13.966666666666667,136,car,871.0490112304688,115.26194763183594,928.72802734375,167.30128479003906,0.6837325096130371
419,13.966666666666667,137,car,1088.850830078125,176.02560424804688,1222.3853759765625,261.26348876953125,0.66838538646698
419,13.966666666666667,138,person,1131.9029541015625,299.4120788574219,1251.27099609375,472.5403747558594,0.4955909252166748
420,14.0,5,car,173.50917053222656,244.54824829101562,837.7492065429688,514.0603637695312,0.9547596573829651
420,14.0,136,car,870.896728515625,115.33065795898438,928.8178100585938,167.5902862548828,0.7090685963630676
420,14.0,137,car,1099.7490234375,178.1663818359375,1238.078369140625,267.2765808105469,0.44890937209129333
421,14.033333333333333,5,car,173.5082550048828,244.5226593017578,837.7756958007812,514.0237426757812,0.9545318484306335
421,14.033333333333333,136,car,870.8077392578125,115.36295318603516,928.7963256835938,167.6444091796875,0.7192484736442566
421,14.033333333333333,137,car,1104.045654296875,178.98133850097656,1243.5467529296875,269.4354553222656,0.4350707530975342
422,14.066666666666666,5,car,173.5394287109375,244.5369873046875,837.8470458984375,514.0690307617188,0.9548801779747009
422,14.066666666666666,136,car,870.7976684570312,115.17098999023438,928.7216796875,167.64463806152344,0.7182211875915527
422,14.066666666666666,138,person,1131.5628662109375,298.64208984375,1249.80126953125,474.2712707519531,0.36746683716773987
423,14.1,5,car,173.56533813476562,244.53639221191406,837.8997192382812,514.0369873046875,0.954622209072113
423,14.1,136,car,870.877197265625,115.2306137084961,928.6756591796875,167.48800659179688,0.7196919322013855
424,14.133333333333333,5,car,173.5885467529297,244.51705932617188,837.9224853515625,513.9837036132812,0.9546738862991333
424,14.133333333333333,136,car,870.8869018554688,115.30836486816406,928.6663208007812,167.51849365234375,0.7240864038467407
424,14.133333333333333,137,car,1135.5870361328125,196.20834350585938,1277.6070556640625,288.2654724121094,0.4207213819026947
425,14.166666666666666,5,car,173.5935821533203,244.49989318847656,837.9046630859375,513.9525146484375,0.9545421600341797
425,14.166666666666666,136,car,870.8900146484375,115.34886169433594,928.6402587890625,167.52882385253906,0.7226606607437134
425,14.166666666666666,137,car,1139.968505859375,199.2194061279297,1280.0,291.185546875,0.3531327545642853
426,14.2,5,car,173.55517578125,244.5089111328125,837.89892578125,513.9326171875,0.9550390839576721
426,14.2,136,car,870.8837890625,115.3438720703125,928.6248168945312,167.59373474121094,0.7230334877967834
426,14.2,137,car,1152.3172607421875,205.50851440429688,1280.0,301.9873352050781,0.5169891715049744
427,14.233333333333333,5,car,173.52857971191406,244.49583435058594,837.8978271484375,513.9708251953125,0.9545753598213196
427,14.233333333333333,136,car,870.9064331054688,115.39996337890625,928.6173095703125,167.67076110839844,0.7279719114303589
427,14.233333333333333,137,car,1157.0465087890625,208.16114807128906,1280.0,305.57257080078125,0.5746604204177856
428,14.266666666666667,5,car,173.55165100097656,244.49356079101562,837.9638671875,513.8772583007812,0.9546605348587036
428,14.266666666666667,136,car,870.8550415039062,115.36872100830078,928.5550537109375,167.59771728515625,0.7355409264564514
429,14.3,5,car,173.55712890625,244.4832000732422,837.9968872070312,513.9415283203125,0.9545891880989075
429,14.3,136,car,870.89599609375,115.44905853271484,928.5789794921875,167.75271606445312,0.7382650971412659
430,14.333333333333334,5,car,173.5840606689453,244.48355102539062,838.0325927734375,513.82275390625,0.9538779854774475
430,14.333333333333334,136,car,870.7454833984375,115.25613403320312,928.49462890625,167.8780059814453,0.7524798512458801
431,14.366666666666667,5,car,173.58432006835938,244.45809936523438,838.0354614257812,513.9240112304688,0.9537299275398254
431,14.366666666666667,136,car,870.762939453125,115.2981948852539,928.5252685546875,168.09959411621094,0.753899872303009
432,14.4,5,car,173.58746337890625,244.4513702392578,838.0437622070312,513.7891845703125,0.9538998603820801
432,14.4,136,car,870.6734619140625,115.1334457397461,928.406982421875,167.3707733154297,0.7534288763999939
433,14.433333333333334,5,car,173.5851287841797,244.43927001953125,838.0277099609375,513.910400390625,0.9536594748497009
433,14.433333333333334,136,car,870.727294921875,115.21792602539062,928.4010009765625,166.78585815429688,0.73964524269104
434,14.466666666666667,5,car,173.57562255859375,244.4434051513672,838.0579833984375,513.7980346679688,0.9538488984107971
434,14.466666666666667,136,car,870.6932373046875,115.10103607177734,928.3154296875,165.309326171875,0.690936267375946
435,14.5,5,car,173.58302307128906,244.43087768554688,838.0591430664062,513.876220703125,0.9537993669509888
435,14.5,136,car,870.7417602539062,115.17069244384766,928.3413696289062,164.90782165527344,0.7010853290557861
436,14.533333333333333,5,car,173.58065795898438,244.42945861816406,838.064208984375,513.775390625,0.9539953470230103
436,14.533333333333333,136,car,870.8660888671875,115.16616821289062,928.3596801757812,164.92227172851562,0.6885820627212524
437,14.566666666666666,5,car,173.58241271972656,244.41323852539062,838.0176391601562,513.8470458984375,0.9540553689002991
437,14.566666666666666,136,car,870.9298706054688,115.260009765625,928.3868408203125,165.0084228515625,0.6887372136116028
438,14.6,5,car,173.58604431152344,244.4040985107422,838.0293579101562,513.8178100585938,0.9541864395141602
438,14.6,136,car,870.9611206054688,115.19800567626953,928.4532470703125,164.13169860839844,0.6847487092018127
439,14.633333333333333,5,car,173.59017944335938,244.40126037597656,837.9827880859375,513.866943359375,0.9542612433433533
439,14.633333333333333,136,car,870.968017578125,115.25299072265625,928.4723510742188,163.8666229248047,0.6862382292747498
440,14.666666666666666,5,car,173.55616760253906,244.39712524414062,837.9705810546875,513.8651123046875,0.9545367360115051
440,14.666666666666666,136,car,870.9879760742188,115.21931457519531,928.5010986328125,163.74127197265625,0.6871016621589661
441,14.7,5,car,173.54519653320312,244.39657592773438,837.9244995117188,513.8944091796875,0.954560399055481
441,14.7,136,car,870.9765625,115.24210357666016,928.4843139648438,163.74142456054688,0.686820387840271
442,14.733333333333333,5,car,173.54885864257812,244.39407348632812,837.9889526367188,513.88720703125,0.9539403319358826
442,14.733333333333333,136,car,871.027587890625,115.24138641357422,928.531494140625,163.70120239257812,0.6822987794876099
443,14.766666666666667,5,car,173.541015625,244.39964294433594,837.9328002929688,513.8815307617188,0.9539247155189514
443,14.766666666666667,136,car,870.9765014648438,115.27552032470703,928.4861450195312,163.68902587890625,0.6780024170875549
444,14.8,5,car,173.54518127441406,244.4035186767578,837.9956665039062,513.9256591796875,0.9543706774711609
444,14.8,136,car,870.9365234375,115.26628875732422,928.6605834960938,163.65179443359375,0.6742121577262878
445,14.833333333333334,5,car,173.56019592285156,244.42140197753906,837.9271240234375,513.9011840820312,0.9542441964149475
445,14.833333333333334,136,car,870.8173828125,115.2828598022461,928.6112670898438,163.5906524658203,0.6681606769561768
446,14.866666666666667,5,car,173.5417022705078,244.41921997070312,837.966552734375,513.9985961914062,0.9536566734313965
446,14.866666666666667,136,car,870.8489379882812,115.28423309326172,928.6737670898438,163.5265655517578,0.6585685610771179
447,14.9,5,car,173.55392456054688,244.42713928222656,837.9458618164062,513.951171875,0.9538022875785828
447,14.9,136,car,870.7456665039062,115.16796875,928.5217895507812,163.78335571289062,0.6735520362854004
448,14.933333333333334,5,car,173.5304718017578,244.4114990234375,837.9675903320312,514.0062255859375,0.954283595085144
448,14.933333333333334,136,car,870.7913208007812,115.1636734008789,928.5436401367188,163.70993041992188,0.6856961250305176
449,14.966666666666667,5,car,173.52955627441406,244.412109375,837.9091796875,513.951171875,0.954011857509613
449,14.966666666666667,136,car,870.7300415039062,115.15164184570312,928.4483032226562,163.5343475341797,0.694812536239624
450,15.0,5,car,173.53890991210938,244.42835998535156,837.9598999023438,513.9615478515625,0.9534136652946472
450,15.0,136,car,870.7716674804688,115.1594467163086,928.4796142578125,163.21388244628906,0.6987193822860718
451,15.033333333333333,5,car,173.57528686523438,244.42848205566406,837.9528198242188,513.9030151367188,0.9529222846031189
451,15.033333333333333,136,car,870.869873046875,115.30833435058594,928.4351806640625,164.14154052734375,0.6639918684959412
452,15.066666666666666,5,car,173.57373046875,244.44094848632812,838.0340576171875,513.9998168945312,0.9526439309120178
452,15.066666666666666,136,car,871.0416870117188,115.38356018066406,928.5613403320312,164.62960815429688,0.6305832862854004
453,15.1,5,car,173.5986328125,244.44004821777344,837.9506225585938,513.9412841796875,0.9528940320014954
453,15.1,136,car,870.8356323242188,115.39494323730469,928.572021484375,165.2451934814453,0.6404699683189392
454,15.133333333333333,5,car,173.58555603027344,244.47384643554688,837.9193115234375,513.990478515625,0.9535452127456665
454,15.133333333333333,136,car,870.9795532226562,115.52391815185547,928.6560668945312,165.52223205566406,0.6932671070098877
455,15.166666666666666,5,car,173.5845489501953,244.46566772460938,837.8277587890625,513.954833984375,0.9535987377166748
455,15.166666666666666,136,car,870.9347534179688,115.5520248413086,928.5771484375,165.71437072753906,0.6896594762802124
456,15.2,5,car,173.57920837402344,244.43936157226562,837.903564453125,514.0043334960938,0.9538811445236206
456,15.2,136,car,871.020263671875,115.53119659423828,928.6652221679688,165.84466552734375,0.686680257320404
457,15.233333333333333,5,car,173.5845489501953,244.42074584960938,837.8590087890625,513.9524536132812,0.953926146030426
457,15.233333333333333,136,car,870.8329467773438,115.51261901855469,928.64453125,165.94744873046875,0.6841053366661072
458,15.266666666666667,5,car,173.5523223876953,244.43125915527344,837.9846801757812,513.9500732421875,0.9534474611282349
458,15.266666666666667,136,car,870.9155883789062,115.47825622558594,928.808837890625,165.95263671875,0.6788653135299683
458,15.266666666666667,150,person,1134.9610595703125,295.3020324707031,1274.3822021484375,475.0248718261719,0.3763553202152252
459,15.3,5,car,173.5677947998047,244.4520263671875,837.8406982421875,513.8720703125,0.9536008238792419
459,15.3,136,car,870.8953857421875,115.49838256835938,928.6456298828125,166.01364135742188,0.6824206709861755
459,15.3,150,person,1135.972900390625,294.95037841796875,1274.0947265625,473.2632751464844,0.4866112768650055
460,15.333333333333334,5,car,173.546875,244.43539428710938,837.9309692382812,513.8677978515625,0.9533829689025879
460,15.333333333333334,136,car,871.0252685546875,115.4426498413086,928.7447509765625,166.1089630126953,0.6832959055900574
461,15.366666666666667,5,car,173.54547119140625,244.41807556152344,837.81787109375,513.8221435546875,0.9534605741500854
461,15.366666666666667,136,car,870.9302978515625,115.47149658203125,928.618896484375,166.17678833007812,0.6846318244934082
462,15.4,5,car,173.5395050048828,244.43739318847656,838.001220703125,513.8509521484375,0.9527284502983093
462,15.4,136,car,871.0614624023438,115.44439697265625,928.7667846679688,166.12875366210938,0.6837311387062073
463,15.433333333333334,5,car,173.56300354003906,244.43527221679688,837.8699951171875,513.8211059570312,0.9525429010391235
463,15.433333333333334,136,car,870.9351196289062,115.51435089111328,928.6249389648438,166.12440490722656,0.6816931962966919
463,15.433333333333334,151,person,1202.04541015625,294.1540832519531,1257.0626220703125,399.7185974121094,0.4679582417011261
464,15.466666666666667,5,car,173.5469207763672,244.41595458984375,838.0287475585938,513.8460083007812,0.9527429342269897
464,15.466666666666667,136,car,870.949951171875,115.43750762939453,928.8113403320312,166.10675048828125,0.6826174259185791
465,15.5,5,car,173.56658935546875,244.40220642089844,837.8878784179688,513.8116455078125,0.9528726935386658
465,15.5,136,car,870.7693481445312,115.48626708984375,928.676025390625,166.1484375,0.6857015490531921
466,15.533333333333333,5,car,173.5361328125,244.37808227539062,837.9620361328125,513.8131103515625,0.9522981643676758
466,15.533333333333333,136,car,870.92919921875,115.44828796386719,928.696044921875,166.06930541992188,0.6824960708618164
467,15.566666666666666,5,car,173.52297973632812,244.35545349121094,837.8369140625,513.7891845703125,0.9521999359130859
467,15.566666666666666,136,car,870.761474609375,115.37462615966797,928.629638671875,166.14305114746094,0.6812841296195984
468,15.6,5,car,173.488037109375,244.35523986816406,837.8983764648438,513.8651733398438,0.9517830014228821
468,15.6,136,car,870.84375,115.3003921508789,928.7596435546875,166.1287841796875,0.6837380528450012
469,15.633333333333333,5,car,173.4949188232422,244.34915161132812,837.7568359375,513.8536376953125,0.9516745805740356
469,15.633333333333333,136,car,870.7367553710938,115.33834838867188,928.6484985351562,166.15887451171875,0.6812078952789307
470,15.666666666666666,5,car,173.4626922607422,244.35430908203125,837.8162231445312,513.8734741210938,0.9522385001182556
470,15.666666666666666,136,car,870.8084716796875,115.3432388305664,928.7315063476562,166.14100646972656,0.679715633392334
471,15.7,5,car,173.47146606445312,244.3526611328125,837.7091674804688,513.85791015625,0.9518375396728516
471,15.7,136,car,870.7203369140625,115.38988494873047,928.6514892578125,166.41957092285156,0.6876282691955566
472,15.733333333333333,5,car,173.46942138671875,244.353759765625,837.7871704101562,513.8838500976562,0.9522488713264465
472,15.733333333333333,136,car,870.8048706054688,115.36286163330078,928.7611694335938,166.5341796875,0.689373254776001
473,15.766666666666667,5,car,173.4905242919922,244.3541717529297,837.701171875,513.8821411132812,0.9523108005523682
473,15.766666666666667,136,car,870.7188720703125,115.39216613769531,928.6849365234375,166.75848388671875,0.6938984990119934
474,15.8,5,car,173.44384765625,244.3795623779297,837.8291015625,513.9472045898438,0.9523682594299316
474,15.8,136,car,870.85302734375,115.35726928710938,928.8579711914062,166.42166137695312,0.687208354473114
475,15.833333333333334,5,car,173.488525390625,244.35470581054688,837.7305297851562,513.8934326171875,0.9520323872566223
475,15.833333333333334,136,car,870.7210083007812,115.36210632324219,928.756103515625,166.39718627929688,0.7028462886810303
476,15.866666666666667,5,car,173.53248596191406,244.36419677734375,837.767333984375,513.9363403320312,0.9521757364273071
476,15.866666666666667,136,car,870.7783813476562,115.35679626464844,928.8216552734375,166.4342041015625,0.7164665460586548
476,15.866666666666667,150,person,1192.283203125,302.0732421875,1279.439208984375,455.82080078125,0.7467902898788452
477,15.9,5,car,173.55960083007812,244.36624145507812,837.6906127929688,513.8536376953125,0.9526011943817139
477,15.9,136,car,870.6992797851562,115.3533706665039,928.711181640625,166.41632080078125,0.7287626266479492
477,15.9,150,person,1193.089111328125,302.84710693359375,1279.4320068359375,455.5162658691406,0.6755732893943787
478,15.933333333333334,5,car,173.48619079589844,244.36270141601562,837.7882080078125,513.8547973632812,0.9523427486419678
478,15.933333333333334,136,car,870.8129272460938,115.27892303466797,928.8408203125,166.534423828125,0.7289823889732361
479,15.966666666666667,5,car,173.4666748046875,244.34104919433594,837.6903076171875,513.7649536132812,0.9527360200881958
479,15.966666666666667,136,car,870.709716796875,115.2947769165039,928.7236328125,166.5974578857422,0.7296608090400696
480,16.0,5,car,173.41598510742188,244.34820556640625,837.7797241210938,513.7643432617188,0.9534886479377747
480,16.0,136,car,870.782470703125,115.20932006835938,928.7208251953125,166.6571044921875,0.7212772965431213
481,16.033333333333335,5,car,173.41395568847656,244.3494110107422,837.701904296875,513.7047119140625,0.9536455869674683
481,16.033333333333335,136,car,870.6947021484375,115.23033905029297,928.6761474609375,166.55215454101562,0.7191730737686157
482,16.066666666666666,5,car,173.4182586669922,244.34120178222656,837.7396240234375,513.7293090820312,0.9550854563713074
482,16.066666666666666,136,car,870.696044921875,115.17232513427734,928.7144165039062,166.4589080810547,0.7172496318817139
482,16.066666666666666,150,person,1213.2410888671875,305.97607421875,1280.0,467.65966796875,0.3699217736721039
483,16.1,5,car,173.43649291992188,244.3318634033203,837.728271484375,513.7169189453125,0.9552234411239624
483,16.1,136,car,870.6583862304688,115.09634399414062,928.5968017578125,166.56378173828125,0.7179861068725586
483,16.1,150,person,1214.51416015625,306.1119689941406,1279.963134765625,467.20562744140625,0.37571874260902405
484,16.133333333333333,5,car,173.44601440429688,244.31968688964844,837.7828979492188,513.7164306640625,0.9555507302284241
484,16.133333333333333,136,car,870.6979370117188,115.11962890625,928.6943969726562,166.4600830078125,0.718243420124054
485,16.166666666666668,5,car,173.45545959472656,244.31336975097656,837.7557983398438,513.6920776367188,0.955525279045105
485,16.166666666666668,136,car,870.6668090820312,115.07244873046875,928.5967407226562,166.56524658203125,0.7195650935173035
486,16.2,5,car,173.45526123046875,244.29782104492188,837.7950439453125,513.750244140625,0.9556151628494263
486,16.2,136,car,870.71923828125,115.09329986572266,928.7156372070312,166.4684600830078,0.7185615301132202
487,16.233333333333334,5,car,173.46726989746094,244.30743408203125,837.7766723632812,513.7275390625,0.9558653235435486
487,16.233333333333334,136,car,870.6740112304688,115.08687591552734,928.6937255859375,166.41371154785156,0.7180823683738708
488,16.266666666666666,5,car,173.45777893066406,244.3101348876953,837.7950439453125,513.7389526367188,0.9557836055755615
488,16.266666666666666,136,car,870.7022094726562,115.09263610839844,928.7315673828125,166.3961944580078,0.7158950567245483
489,16.3,5,car,173.4583282470703,244.3130340576172,837.7708740234375,513.7168579101562,0.9557264447212219
489,16.3,136,car,870.6728515625,115.08734893798828,928.703857421875,166.3812713623047,0.7160983681678772
490,16.333333333333332,5,car,173.4488983154297,244.32571411132812,837.819091796875,513.7643432617188,0.9562101364135742
490,16.333333333333332,136,car,870.7072143554688,115.0860595703125,928.7454833984375,166.39881896972656,0.7163591980934143
491,16.366666666666667,5,car,173.45663452148438,244.3308563232422,837.8079833984375,513.74755859375,0.9563550353050232
491,16.366666666666667,136,car,870.6781005859375,115.07524871826172,928.7166748046875,166.3867645263672,0.7159771919250488
491,16.366666666666667,152,person,1246.35302734375,327.7929382324219,1279.6387939453125,483.5595397949219,0.42877450585365295
492,16.4,5,car,173.4612579345703,244.32174682617188,837.82470703125,513.755126953125,0.9562652111053467
492,16.4,136,car,870.6893310546875,115.06885528564453,928.7255859375,166.37384033203125,0.7156051397323608
492,16.4,152,person,1246.982421875,332.0614013671875,1279.6661376953125,484.5511474609375,0.26166442036628723
493,16.433333333333334,5,car,173.4655303955078,244.31919860839844,837.8209228515625,513.7516479492188,0.956274151802063
493,16.433333333333334,136,car,870.6785278320312,115.0655517578125,928.7134399414062,166.37078857421875,0.7155885100364685
494,16.466666666666665,5,car,173.45462036132812,244.30859375,837.8246459960938,513.7550048828125,0.9557315707206726
494,16.466666666666665,136,car,870.6973266601562,115.06117248535156,928.731201171875,166.35984802246094,0.7159822583198547
